"simulation_id","simulation_key","simulation_seed","design_seed","design_group","anchor_set_id","data_partition","primary_eligible","censored_failure","success_status","run_started","run_finished","runtime_seconds","total_time","warnings","error_message","completed","stop_reason","simulated_time","lac_0","mu_0","gam_0","laa_0","K_0","K_1","mu_1","laa_1","lambda0","island_endemic_p","island_nonendemic_p","island_endemic_a","island_nonendemic_a","connectance","disconnect_p","disconnect_a","largest_component","n_components","plant_degree","animal_degree","nonend_nltt_p","singleton_nltt_p","multi_nltt_p","nonend_nltt_a","singleton_nltt_a","multi_nltt_a","island_p","island_a","final_degree_median","final_degree_p90","final_degree_p99","final_degree_max"
1,"sim_0001",904729,20260730,"broad_lhs",,"continuous_lhs",TRUE,FALSE,"completed","2026-08-05 02:16:04.747703 +0200","2026-08-05 02:16:07.538011 +0200",2.791,10,,,TRUE,"completed",10,0.177223860371562,0.150352690522073,0.0305051056189339,0.165177859668173,73.9916644607981,3.52785057733336,0.0266785871148548,0.138450335582408,0.296399022746838,4,1,13,14,0.0222222222222222,3,24,3,29,0.6,0.111111111111111,0.72823681325441,30.7419636191431,0,48.8137290337733,68.942488281031,8.36440351259086,5,27,0,1,2,2
2,"sim_0002",1009458,20260730,"broad_lhs",,"continuous_lhs",TRUE,FALSE,"completed","2026-08-05 02:16:04.407886 +0200","2026-08-05 02:16:07.132739 +0200",2.725,10,,,TRUE,"completed",10,0.143959913579407,0.131598065259274,0.0431770873191598,0.132766557763149,74.6092290860911,7.32497703165697,0.0312635178434879,0.16564039147944,0.231206661066595,5,4,8,12,0.05,5,12,6,20,1,0.45,7.37359090394786,6.85420572758637,14.9768891227842,21.8338613945599,18.4464126366826,19.5509586573557,9,20,0,1.73333333333333,5,5
3,"sim_0003",1114187,20260730,"broad_lhs",,"continuous_lhs",TRUE,FALSE,"completed","2026-08-05 02:16:03.450159 +0200","2026-08-05 02:16:05.681210 +0200",2.231,10,,,TRUE,"completed",10,0.171821773417574,0.135069994959451,0.0258538661827289,0.143469884861798,69.5946934293335,1.6108215070195,0.0242632274950292,0.140361953514512,0.374224173197999,8,1,10,8,0.123456790123457,2,11,12,15,2.22222222222222,1.11111111111111,6.3373586731627,9.83267747065645,20.4353188164908,20.3091099522008,12.8109300015081,17.9320881792031,9,18,1,4,5,5
4,"sim_0004",1218916,20260730,"broad_lhs",,"continuous_lhs",TRUE,FALSE,"completed","2026-08-05 02:16:03.644882 +0200","2026-08-05 02:16:07.170767 +0200",3.526,10,,,TRUE,"completed",10,0.162619172175554,0.122610319093417,0.0592533295177589,0.137895221616053,82.8325313297825,1.55457848568827,0.0193563615309711,0.13544609324431,0.378353660828104,12,8,27,12,0.0948717948717949,4,19,32,25,3.7,1.8974358974359,26.774118698215,5.29958601400833,55.0287751496356,35.4559851668258,105.839224756273,41.7919813234984,20,39,1,7.73333333333333,9,9
5,"sim_0005",1323645,20260730,"broad_lhs",,"continuous_lhs",TRUE,FALSE,"completed","2026-08-05 02:16:03.808411 +0200","2026-08-05 02:16:07.163647 +0200",3.356,10,,,TRUE,"completed",10,0.320186632152621,0.194229018183096,0.0477008863328441,0.116595095847687,75.2380428698949,2.06246751120142,0.0203838278577869,0.150587450401832,0.345510139763201,17,6,21,5,0.0618729096989967,9,8,15,22,1.60869565217391,1.42307692307692,10.1289133806575,14.8536332090906,52.9900848395299,14.8949320737272,37.0510101103249,44.6239277778297,23,26,1,3,6,6
6,"sim_0006",1428374,20260730,"broad_lhs",,"continuous_lhs",TRUE,FALSE,"completed","2026-08-05 02:16:04.203943 +0200","2026-08-05 02:16:06.960324 +0200",2.756,10,,,TRUE,"completed",10,0.26847340753074,0.0977028516998127,0.0322938092765999,0.098796818995398,85.0593319462612,7.77774794659181,0.0229545361696424,0.0852844983921386,0.553068538668297,21,2,25,9,0.0690537084398977,12,22,19,37,2.34782608695652,1.58823529411765,3.66752766079583,17.0671039961798,55.1036673552023,30.7368208648116,58.4026158105123,70.8635896240712,23,34,0,6.93333333333333,9,9
7,"sim_0007",1533103,20260730,"broad_lhs",,"continuous_lhs",TRUE,FALSE,"completed","2026-08-05 02:16:03.764620 +0200","2026-08-05 02:16:06.968230 +0200",3.203,10,,,TRUE,"completed",10,0.255370346881344,0.218469512439528,0.0654092677907081,0.082758156069758,83.0863500280513,2.14553971805488,0.0343995838319136,0.126503552899618,0.186547083925533,8,5,12,20,0.0336538461538462,7,22,7,32,1.07692307692308,0.4375,10.8779868819893,33.6315266252583,6.4262437271896,54.8841943774865,65.1823694103454,13.9726606388386,13,32,0,2,6,6
8,"sim_0008",1637832,20260730,"broad_lhs",,"continuous_lhs",TRUE,FALSE,"completed","2026-08-05 02:16:03.859418 +0200","2026-08-05 02:16:06.620111 +0200",2.761,10,,,TRUE,"completed",10,0.214371772674623,0.100601022275825,0.032576236991222,0.209974559788444,88.8731089582874,2.33789546813192,0.0227635017945771,0.135273550247786,0.176464595209047,9,3,24,10,0.0318627450980392,7,22,7,33,1.08333333333333,0.382352941176471,4.83869511152806,24.2990709579098,9.19791809602169,24.1988919257333,84.7577358912933,40.6475746984424,12,34,0,2,4,4
9,"sim_0009",1742561,20260730,"broad_lhs",,"continuous_lhs",TRUE,FALSE,"completed","2026-08-05 02:16:03.959676 +0200","2026-08-05 02:16:06.901256 +0200",2.942,10,,,TRUE,"completed",10,0.105718195070487,0.242489777614515,0.0437097349630141,0.124055725450568,76.477762031431,1.64996183512464,0.0247685291647124,0.153884083812526,0.312767516434418,9,4,14,8,0.027972027972028,7,16,5,27,0.615384615384615,0.363636363636364,6.86412328238743,14.0207951625416,16.9157685788777,25.0199945600285,43.8408397445602,21.6817923216036,13,22,0,2,2,2
10,"sim_0010",1847290,20260730,"broad_lhs",,"continuous_lhs",TRUE,FALSE,"completed","2026-08-05 02:16:03.555621 +0200","2026-08-05 02:16:06.242782 +0200",2.687,10,,,TRUE,"completed",10,0.117309235434002,0.147600727950067,0.0332054289238478,0.145177938266409,72.8763777102033,8.43140239573233,0.0419327636634364,0.0869361564846218,0.166690975432821,5,4,7,12,0.0292397660818713,6,16,6,23,0.555555555555556,0.263157894736842,10.5335581756788,28.9335981676278,0,36.4293686498068,26.5892749025696,0,9,19,0,1.83333333333334,3,3
11,"sim_0011",1952019,20260730,"broad_lhs",,"continuous_lhs",TRUE,FALSE,"completed","2026-08-05 02:16:04.696087 +0200","2026-08-05 02:16:07.855305 +0200",3.16,10,,,TRUE,"completed",10,0.217616030987437,0.111001701749034,0.0354347532655403,0.167758798487639,95.3686355193249,1.17553513040835,0.0460571412016771,0.0831001238859284,0.21521858869803,18,1,31,12,0.0244798041615667,9,34,7,47,1.05263157894737,0.465116279069767,0.306024910292169,28.1457615839716,26.8325957393916,35.1798836133054,120.650190948783,53.7895775150842,19,43,0,3,4,4
12,"sim_0012",2056748,20260730,"broad_lhs",,"continuous_lhs",TRUE,FALSE,"completed","2026-08-05 02:16:04.265640 +0200","2026-08-05 02:16:07.574540 +0200",3.309,10,,,TRUE,"completed",10,0.115485570261315,0.113621456029762,0.0801304544078906,0.0936514348688415,80.4166058583392,4.40825539882581,0.0184236292909358,0.0958310637575212,0.479450649024428,14,8,28,15,0.0454545454545455,6,25,25,35,1.95454545454545,1,26.6535868348441,18.4026066435301,35.6474983352657,59.6899793391947,62.2681386479242,87.1557641019313,22,43,1,4,6,6
13,"sim_0013",2161477,20260730,"broad_lhs",,"continuous_lhs",TRUE,FALSE,"completed","2026-08-05 02:16:03.894057 +0200","2026-08-05 02:16:07.207260 +0200",3.313,10,,,TRUE,"completed",10,0.295841943891979,0.0899681997932951,0.0287757099639449,0.240349215123438,93.5439283751365,11.8802621961786,0.0239737674544799,0.159373327916449,0.28007744992169,18,3,35,11,0.0662525879917184,9,32,18,44,3.04761904761905,1.39130434782609,6.63814430254653,0,71.6498240584334,25.4828592071696,72.5480970105384,91.6881865932089,21,46,0,7,9,9
14,"sim_0014",2266206,20260730,"broad_lhs",,"continuous_lhs",TRUE,FALSE,"completed","2026-08-05 02:16:04.336310 +0200","2026-08-05 02:16:07.016078 +0200",2.679,10,,,TRUE,"completed",10,0.159752939338568,0.212766759712102,0.0264020572620169,0.0935640779412204,95.1541530420383,9.37500103650578,0.0236881524946065,0.0670782169546389,0.158980375912538,1,1,10,10,0.025,1,19,2,21,0.5,0.05,2.44623316282828,6.56064339934929,0,37.9162212425386,23.7095281919709,18.3544316591699,2,20,0,0.433333333333334,1,1
15,"sim_0015",2370935,20260730,"broad_lhs",,"continuous_lhs",TRUE,FALSE,"completed","2026-08-05 02:16:04.632100 +0200","2026-08-05 02:16:07.014245 +0200",2.382,10,,,TRUE,"completed",10,0.3147508373334,0.102188673837749,0.0313213208015727,0.139330381801058,63.2570643622221,2.38657014133148,0.0228642288099786,0.153297572881695,0.149403324216281,5,4,11,11,0.0252525252525253,8,17,6,26,0.555555555555556,0.227272727272727,7.91753907523934,9.12189010558128,7.83129935559818,45.1539011517964,44.9202182177545,31.7211794749572,9,22,0,1,5,5
16,"sim_0016",2475664,20260730,"broad_lhs",,"continuous_lhs",TRUE,FALSE,"completed","2026-08-05 02:16:03.300068 +0200","2026-08-05 02:16:07.422952 +0200",4.122,10,,,TRUE,"completed",10,0.391190514729818,0.114250076435463,0.0548282311333618,0.157281437575933,90.4378364138719,2.35619608969188,0.0554782015908844,0.136754891242082,0.367638697223577,35,3,42,15,0.0715604801477378,7,25,43,36,4.07894736842105,2.71929824561404,2.02368235600846,8.87969634215587,105.346842625426,55.6334928365777,55.3700668509355,138.136224414335,38,57,3,8,10,10
17,"sim_0017",2580393,20260730,"broad_lhs",,"continuous_lhs",TRUE,FALSE,"completed","2026-08-05 02:16:04.304461 +0200","2026-08-05 02:16:07.641175 +0200",3.336,10,,,TRUE,"completed",10,0.0883067034449793,0.273299944408142,0.0459735399803797,0.122125616464069,89.3093411847949,8.74027089975358,0.03310702732996,0.120630638180947,0.351276721534959,6,4,12,15,0.0333333333333333,5,19,6,28,0.9,0.333333333333333,16.2077604264796,10.0016103167508,13.8121085563903,37.0596771758769,39.1409517181655,4.36854878905271,10,27,0,1,4,4
18,"sim_0018",2685122,20260730,"broad_lhs",,"continuous_lhs",TRUE,FALSE,"completed","2026-08-05 02:16:03.891742 +0200","2026-08-05 02:16:08.509250 +0200",4.618,10,,,TRUE,"completed",10,0.137109147344025,0.214063052802663,0.0845943694850639,0.270438490411304,93.7283109671333,1.20696378644014,0.0152846509928893,0.128478566376855,0.273789060890922,15,4,26,16,0.0451127819548872,8,30,14,41,1.89473684210526,0.857142857142857,1.58367746206734,35.5682467416673,31.7759491171857,30.4110579685291,104.871699767625,17.9526887881374,19,42,0,4,6,6
19,"sim_0019",2789851,20260730,"broad_lhs",,"continuous_lhs",TRUE,FALSE,"completed","2026-08-05 02:16:03.534023 +0200","2026-08-05 02:16:06.951193 +0200",3.417,10,,,TRUE,"completed",10,0.101855362466957,0.134170949417154,0.0602121574780812,0.117917889200277,75.9899197817056,5.83137618524634,0.0130496343395287,0.164464541558474,0.134197820550209,8,7,20,7,0.0469135802469136,4,16,7,26,1.26666666666667,0.703703703703704,11.850265628989,11.577017456234,19.5032302807791,14.6812464008952,111.111016105116,10.1436227406639,15,27,1,2,3,3
20,"sim_0020",2894580,20260730,"broad_lhs",,"continuous_lhs",TRUE,FALSE,"completed","2026-08-05 02:16:05.031145 +0200","2026-08-05 02:16:07.817409 +0200",2.787,10,,,TRUE,"completed",10,0.136670878710397,0.125643882368804,0.0624791592976274,0.105278423802694,64.2592170114112,2.5788976150478,0.0362573878403639,0.129762006256626,0.199124921928358,4,7,11,15,0.020979020979021,7,21,5,31,0.545454545454545,0.230769230769231,27.6259483723519,12.8973669004874,1.39243551239113,36.132190991095,45.6135257102349,25.163001771948,11,26,0,1,2,2
21,"sim_0021",2999309,20260730,"broad_lhs",,"continuous_lhs",TRUE,FALSE,"completed","2026-08-05 02:16:04.504913 +0200","2026-08-05 02:16:07.485917 +0200",2.981,10,,,TRUE,"completed",10,0.303236503630515,0.0840108694667962,0.0452586933047327,0.191503434521663,73.3068458481381,3.68427470267723,0.0384320409361405,0.0797789506678883,0.415151872695606,21,6,27,7,0.0566448801742919,10,18,11,32,1.92592592592593,1.52941176470588,16.9425337461659,13.2046697354308,72.7641224494415,17.0173079853106,81.2284212817187,63.5085879109333,27,34,1,4,6,6
22,"sim_0022",3104038,20260730,"broad_lhs",,"continuous_lhs",TRUE,FALSE,"completed","2026-08-05 02:16:04.159154 +0200","2026-08-05 02:16:07.668822 +0200",3.51,10,,,TRUE,"completed",10,0.0922009819924269,0.233932446928391,0.0691184633814635,0.253073075099034,77.2513875747306,2.21060881657475,0.0440581093410841,0.168273295526677,0.17001209742202,4,3,7,19,0.0164835164835165,4,23,2,30,0.428571428571429,0.115384615384615,3.03150425324485,16.1794005070218,0,34.4576257960589,31.6976058013605,0,7,26,0,1,1,1
23,"sim_0023",3208767,20260730,"broad_lhs",,"continuous_lhs",TRUE,FALSE,"completed","2026-08-05 02:16:03.918748 +0200","2026-08-05 02:16:05.938850 +0200",2.021,10,,,TRUE,"completed",10,0.152335355987088,0.249371988484778,0.0251509015193171,0.267521349286655,58.6251324702882,4.46126224884596,0.0501671714270907,0.151588186093399,0.380678111340591,2,0,3,3,0.166666666666667,1,4,3,6,1,0.333333333333333,0,5.03486301850756,0,3.57237872727401,14.5324451954468,0,2,6,0,1.83333333333333,2,2
24,"sim_0024",3313496,20260730,"broad_lhs",,"continuous_lhs",TRUE,FALSE,"completed","2026-08-05 02:16:03.757789 +0200","2026-08-05 02:16:07.501114 +0200",3.744,10,,,TRUE,"completed",10,0.247464973202402,0.141775136760826,0.0698872205057229,0.153629305229874,92.1874597084605,1.86009821755952,0.0189803770978121,0.0818440922271434,0.100533640430069,9,12,25,18,0.026578073089701,8,24,5,41,1.14285714285714,0.558139534883721,36.3923671013658,39.3493012504874,14.5095890373858,50.0596627707844,100.557592779194,51.2760457034908,21,43,0.500000000000007,2,4,4
25,"sim_0025",3418225,20260730,"broad_lhs",,"continuous_lhs",TRUE,FALSE,"completed","2026-08-05 02:16:04.297856 +0200","2026-08-05 02:16:07.102979 +0200",2.805,10,,,TRUE,"completed",10,0.106939410072733,0.106222079588661,0.0371303418927247,0.147942542765748,80.7761550211658,4.3749099322924,0.0172836832106345,0.160185380160822,0.400381127018552,13,6,15,8,0.068649885583524,9,9,11,23,1.57894736842105,1.30434782608696,6.24125692418874,19.1008520537158,45.9267961001999,25.4494418339351,50.1496348144194,16.7733951065287,19,23,1,4,5,5
26,"sim_0026",3522954,20260730,"broad_lhs",,"continuous_lhs",TRUE,FALSE,"completed","2026-08-05 02:16:04.424444 +0200","2026-08-05 02:16:07.090697 +0200",2.666,10,,,TRUE,"completed",10,0.35879856621232,0.188316733009576,0.0207942996913276,0.343863689317464,81.2339886989651,3.87760765947566,0.0159854495883027,0.175449360744678,0.591675429278526,5,3,18,0,0.0138888888888889,7,16,3,24,0.25,0.111111111111111,3.3261333536723,19.6730134197871,8.92377090728874,0,23.2162288122321,50.1948410599793,8,18,0,1,2,2
27,"sim_0027",3627683,20260730,"broad_lhs",,"continuous_lhs",TRUE,FALSE,"completed","2026-08-05 02:16:04.091251 +0200","2026-08-05 02:16:06.423125 +0200",2.332,10,,,TRUE,"completed",10,0.237151489395753,0.159760468514816,0.0256897041011959,0.160320092940552,81.8801640384934,6.04808513850505,0.045208342590108,0.148462298749041,0.472411766959825,4,2,10,8,0.0277777777777778,3,16,3,21,0.5,0.166666666666667,1.60295802553958,17.1447062684791,7.34010605720511,25.6846132977287,58.5966168741062,12.1263273313556,6,18,0,1,2,2
28,"sim_0028",3732412,20260730,"broad_lhs",,"continuous_lhs",TRUE,FALSE,"completed","2026-08-05 02:16:04.338816 +0200","2026-08-05 02:16:07.179052 +0200",2.841,10,,,TRUE,"completed",10,0.367141912556362,0.185605485191627,0.0446418313571455,0.239806100441738,70.855561276815,0.955552786961796,0.0175964142484064,0.10686075127205,0.237309000850822,5,2,16,9,0.0285714285714286,4,21,5,27,0.714285714285714,0.2,1.34670958939906,8.57652334925028,1.82186305493718,33.1347749690702,51.7151069292368,20.2758835772242,7,25,0,1.43333333333333,2,2
29,"sim_0029",3837141,20260730,"broad_lhs",,"continuous_lhs",TRUE,FALSE,"completed","2026-08-05 02:16:04.732259 +0200","2026-08-05 02:16:07.845695 +0200",3.113,10,,,TRUE,"completed",10,0.109031470007118,0.16733464955885,0.0381588551700168,0.0980569929890645,96.7061300950332,2.25613189840826,0.0369993778649773,0.125608996814699,0.193392300899634,6,6,16,18,0.0343137254901961,6,25,8,34,1.16666666666667,0.411764705882353,14.7786780310014,12.7169656752536,17.1704013140389,58.0482861472443,84.5256191912116,21.3505564792189,12,34,0,2,5,5
30,"sim_0030",3941870,20260730,"broad_lhs",,"continuous_lhs",TRUE,FALSE,"completed","2026-08-05 02:16:04.410915 +0200","2026-08-05 02:16:07.673838 +0200",3.263,10,,,TRUE,"completed",10,0.225906945839506,0.305007784572399,0.0316795996506446,0.229171942499141,93.1089520310776,2.48411488093517,0.0373266302782904,0.0925688233981944,0.204592387825067,7,1,11,6,0.0147058823529412,6,15,2,23,0.25,0.117647058823529,1.19262514411961,8.30548976718605,18.2405752838088,7.982977471044,23.5520852347598,26.5831242219762,8,17,0,1,1,1
31,"sim_0031",4046599,20260730,"broad_lhs",,"continuous_lhs",TRUE,FALSE,"completed","2026-08-05 02:16:04.506798 +0200","2026-08-05 02:16:07.439285 +0200",2.932,10,,,TRUE,"completed",10,0.0898100201203625,0.104178056284286,0.0386931164490935,0.284253374795409,82.7211586530424,5.90701666843813,0.0533023084157997,0.159569066090173,0.499546246956004,7,6,15,13,0.0247252747252747,8,20,7,32,0.692307692307692,0.321428571428571,17.7861083741648,24.6660402034011,15.63982842899,27.5747600145873,80.1395651421186,8.4907205298189,13,28,0,1,4,4
32,"sim_0032",4151328,20260730,"broad_lhs",,"continuous_lhs",TRUE,FALSE,"completed","2026-08-05 02:16:04.434065 +0200","2026-08-05 02:16:09.122757 +0200",4.688,10,,,TRUE,"completed",10,0.288022894601554,0.071880128361475,0.0340343927976894,0.0669379724634328,91.0794236708639,5.74394792564827,0.0365585725926011,0.152879952379218,0.550679268194304,74,3,93,4,0.511848975766502,5,14,147,24,49.6493506493507,39.4123711340206,22.8212700477513,26.836878154346,178.250321319354,26.9446515629581,63.1464383588732,268.307954704678,77,97,53,64.2333333333333,71.8466666666666,74
33,"sim_0033",4256057,20260730,"broad_lhs",,"continuous_lhs",TRUE,FALSE,"completed","2026-08-05 02:16:04.349741 +0200","2026-08-05 02:16:07.273299 +0200",2.923,10,,,TRUE,"completed",10,0.216975247855658,0.168983261126818,0.0615051190351986,0.0915870765535164,68.6750325659911,1.13189713150809,0.0120843232941654,0.105992989047599,0.60618877104526,2,4,13,8,0.00793650793650794,5,20,2,26,0.166666666666667,0.0476190476190476,8.61210318745973,0,15.706837023028,36.4544860003584,46.4343435145845,23.8911035999484,6,21,0,0,1,1
34,"sim_0034",4360786,20260730,"broad_lhs",,"continuous_lhs",TRUE,FALSE,"completed","2026-08-05 02:16:04.566268 +0200","2026-08-05 02:16:07.660718 +0200",3.094,10,,,TRUE,"completed",10,0.100901947879014,0.0727631439166648,0.0691894236662404,0.229924690250388,72.6602750805517,3.35402701661876,0.0820619103513905,0.119292529863499,0.164548752877033,21,8,33,9,0.0788177339901478,6,19,26,31,3.31034482758621,2.28571428571429,24.3485720327205,36.9513128109696,70.1931956283762,29.2810576841523,154.583902915311,43.8969730675546,29,42,1.00000000000001,7.53333333333335,11,11
35,"sim_0035",4465515,20260730,"broad_lhs",,"continuous_lhs",TRUE,FALSE,"completed","2026-08-05 02:16:04.856197 +0200","2026-08-05 02:16:07.425792 +0200",2.57,10,,,TRUE,"completed",10,0.141387127017517,0.315698175847726,0.0256003153415392,0.378595241518845,79.1939045021103,2.29955801280699,0.0132176105205339,0.15020873531434,0.218902780510229,2,0,2,4,0,2,6,1,8,0,0,0,6.76318784295716,0,4.91286956404242,4.49442285367189,0,2,6,0,0,0,0
36,"sim_0036",4570244,20260730,"broad_lhs",,"continuous_lhs",TRUE,FALSE,"completed","2026-08-05 02:16:04.715771 +0200","2026-08-05 02:16:06.556886 +0200",1.842,10,,,TRUE,"completed",10,0.207202796912165,0.163017773879104,0.0187301297812268,0.08113969080133,63.678269513179,13.2336031715571,0.0435296030232178,0.173452404460598,0.0954668824749072,1,1,3,9,0.0416666666666667,1,11,2,13,0.5,0.0833333333333333,4.19426028663653,2.01366397591874,0,26.5695585257851,8.28891687400951,9.56255334429906,2,12,0,1,1,1
37,"sim_0037",4674973,20260730,"broad_lhs",,"continuous_lhs",TRUE,FALSE,"completed","2026-08-05 02:16:05.084474 +0200","2026-08-05 02:16:07.736532 +0200",2.652,10,,,TRUE,"completed",10,0.233075349118952,0.0712129219306499,0.0686249278742183,0.11872275164323,61.7981501070989,1.93900930872459,0.0138485082618698,0.0760617388368377,0.190592280932125,13,5,20,12,0.03125,9,21,8,36,1,0.5625,18.2837725979318,18.6258202423132,23.9663377076787,45.8988709481653,116.292950747134,25.4131983476725,18,32,0,2,4,4
38,"sim_0038",4779702,20260730,"broad_lhs",,"continuous_lhs",TRUE,FALSE,"completed","2026-08-05 02:16:04.510043 +0200","2026-08-05 02:16:07.328069 +0200",2.818,10,,,TRUE,"completed",10,0.0875109042624466,0.213216753318897,0.0604718568271023,0.136973757811363,68.5679849035624,8.14394956890797,0.0261235582891786,0.0601952269002666,0.294577071572498,4,2,8,9,0.0294117647058824,4,14,3,20,0.5,0.176470588235294,1.56444294461701,11.6036219920618,4.43424338240564,29.7225784909118,45.5473758041317,0,6,17,0,1,2,2
39,"sim_0039",4884431,20260730,"broad_lhs",,"continuous_lhs",TRUE,FALSE,"completed","2026-08-05 02:16:04.865820 +0200","2026-08-05 02:16:07.544075 +0200",2.678,10,,,TRUE,"completed",10,0.197013392664048,0.172179266427418,0.0512677224775923,0.350494298057655,59.5425919396389,3.25249728191457,0.0253320503665538,0.0968844661278288,0.620073850158752,8,0,15,5,0.00625,7,19,2,27,0.125,0.05,0,51.8882432898627,0,11.5159944125595,43.9000556055151,13.0620248307308,8,20,0,0,1,1
40,"sim_0040",4989160,20260730,"broad_lhs",,"continuous_lhs",TRUE,FALSE,"completed","2026-08-05 02:16:02.591203 +0200","2026-08-05 02:16:05.476329 +0200",2.885,10,,,TRUE,"completed",10,0.186804308237151,0.0617073156836395,0.0259689248442466,0.0778498775342334,71.0502766500538,1.16569954513728,0.0105749273704759,0.155035055445042,0.330242949564086,2,3,5,16,0.0380952380952381,1,18,3,22,0.8,0.19047619047619,8.41927644062898,9.49481342553753,0,83.7582486777177,24.5062688364121,0,5,21,0,1,2,2
41,"sim_0041",5093889,20260730,"broad_lhs",,"continuous_lhs",TRUE,FALSE,"completed","2026-08-05 02:16:32.326460 +0200","2026-08-05 02:16:35.146032 +0200",2.82,10,,,TRUE,"completed",10,0.228060275719741,0.178478341583023,0.0399824195265834,0.0843745546689075,71.9876109218432,9.1445638428909,0.0186517509724639,0.140622837881221,0.281412432401299,6,2,11,12,0.0652173913043478,2,16,6,21,1.5,0.521739130434783,1.51115475803791,0,17.1349866376957,38.3847973769434,26.5742539330893,23.0081235667028,8,23,0,2.53333333333333,4,4
42,"sim_0042",5198618,20260730,"broad_lhs",,"continuous_lhs",TRUE,FALSE,"completed","2026-08-05 02:16:32.105014 +0200","2026-08-05 02:16:35.547752 +0200",3.443,10,,,TRUE,"completed",10,0.190156504737347,0.224237123897312,0.0663178839653767,0.122631547100152,79.2687382009915,3.65913528338941,0.0518037821044113,0.0881896687062949,0.512620511064555,11,2,15,14,0.0344827586206897,6,22,7,31,1,0.448275862068966,2.61949010577283,1.70882278673901,38.4802436136424,42.0861585961668,71.5446278550403,10.0152996258986,13,29,0,2,4,4
43,"sim_0043",5303347,20260730,"broad_lhs",,"continuous_lhs",TRUE,FALSE,"completed","2026-08-05 02:16:31.385000 +0200","2026-08-05 02:16:34.847403 +0200",3.462,10,,,TRUE,"completed",10,0.339917678763976,0.0944745403091426,0.0268354699726459,0.088565649327343,95.041438803946,7.24116104904641,0.0234526376704223,0.0855934736321473,0.172828441994576,13,5,26,12,0.0307017543859649,6,25,6,37,1.16666666666667,0.552631578947368,16.0206363391479,8.84605795638387,44.7797273716027,41.495695401237,60.1694425012758,109.623513535851,18,38,0,2,3,3
44,"sim_0044",5408076,20260730,"broad_lhs",,"continuous_lhs",TRUE,FALSE,"completed","2026-08-05 02:16:31.683294 +0200","2026-08-05 02:16:36.259333 +0200",4.576,10,,,TRUE,"completed",10,0.337522484059064,0.0951381256472408,0.0868342344789315,0.0752167696925559,95.5956489683439,6.48949265679609,0.0270632800966509,0.13884518602048,0.232102740434702,30,12,48,22,0.054421768707483,7,29,67,39,3.80952380952381,2.28571428571429,40.2027231489513,37.2580018394276,84.4648088920782,74.0830579675504,102.767472854578,142.622085594604,42,70,2,8,11.5433333333333,12
45,"sim_0045",5512805,20260730,"broad_lhs",,"continuous_lhs",TRUE,FALSE,"completed","2026-08-05 02:16:31.591609 +0200","2026-08-05 02:16:36.112756 +0200",4.521,10,,,TRUE,"completed",10,0.0784107424953879,0.0732855356317462,0.0652665999998284,0.246660784215874,103.45846979258,10.0432612368891,0.0453831248405979,0.0865781841079782,0.174992768624917,23,10,56,17,0.0440016604400166,7,26,39,39,3.21212121212121,1.45205479452055,27.4759496388842,54.3255588730187,50.6939002424687,70.0525020650023,195.66405470589,116.253204380888,33,73,2,5,9,9
46,"sim_0046",5617534,20260730,"broad_lhs",,"continuous_lhs",TRUE,FALSE,"completed","2026-08-05 02:16:31.915402 +0200","2026-08-05 02:16:34.392192 +0200",2.477,10,,,TRUE,"completed",10,0.310419961166385,0.0646414767316743,0.0282742850107113,0.285129264800343,69.7247251145335,4.27659566101572,0.0125285999151276,0.0793122671054961,0.150288878046733,7,1,20,8,0.0178571428571429,5,24,3,32,0.5,0.142857142857143,0.295053978801061,5.40456175333335,22.6003369392094,25.2767647997911,35.3919473873571,57.4341180371116,8,28,0,1,2,2
47,"sim_0047",5722263,20260730,"broad_lhs",,"continuous_lhs",TRUE,FALSE,"completed","2026-08-05 02:16:31.384449 +0200","2026-08-05 02:16:35.231705 +0200",3.848,10,,,TRUE,"completed",10,0.333287507214346,0.14884478134466,0.0645764202229133,0.210614979218118,69.9099210187379,7.86256847673394,0.0487320761491808,0.109704448467108,0.140811060748089,6,3,17,15,0.0590277777777778,2,25,6,30,1.88888888888889,0.53125,6.47591348753279,0,30.7130400517725,38.5399819726583,65.54721915594,27.7749000338092,9,32,0,3,3,3
48,"sim_0048",5826992,20260730,"broad_lhs",,"continuous_lhs",TRUE,FALSE,"completed","2026-08-05 02:16:31.896920 +0200","2026-08-05 02:16:34.167034 +0200",2.27,10,,,TRUE,"completed",10,0.168137650819198,0.165999457161422,0.0235162932674863,0.0977579433826784,71.8944793462753,1.21427391219954,0.0252800235549237,0.0432030800646559,0.195507980719819,2,4,6,13,0.0526315789473684,3,14,5,19,1,0.315789473684211,8.20803588487132,4.00019535981529,7.30496806289281,40.3439605233119,16.5948478608232,5.76658126202978,6,19,0,2,2,2
49,"sim_0049",5931721,20260730,"broad_lhs",,"continuous_lhs",TRUE,FALSE,"completed","2026-08-05 02:16:31.742416 +0200","2026-08-05 02:16:34.233481 +0200",2.491,10,,,TRUE,"completed",10,0.221222684309474,0.223252562700067,0.023411223577411,0.111016449972583,76.2749861514196,1.25922261783965,0.0327606411036576,0.14188607041627,0.123968275711083,1,1,7,6,0.0769230769230769,1,11,3,13,1,0.153846153846154,2.94569855830658,8.99906340180805,0,17.1916000227832,26.31860044391,11.4643040617637,2,13,0,1.13333333333333,2,2
50,"sim_0050",6036450,20260730,"broad_lhs",,"continuous_lhs",TRUE,FALSE,"completed","2026-08-05 02:16:31.384456 +0200","2026-08-05 02:16:34.584489 +0200",3.201,10,,,TRUE,"completed",10,0.423132324001562,0.0804159741997426,0.030120061499181,0.0691985138170387,77.9767506399088,1.15450288415214,0.0215970973829661,0.101928363654879,0.108510087296744,8,2,24,12,0.025,5,31,5,39,0.9,0.25,4.71816229326633,2.29571260532839,34.9891901480126,41.9936423952672,16.4900387278577,120.072618522315,10,36,0,2,3,3
51,"sim_0051",6141179,20260730,"broad_lhs",,"continuous_lhs",TRUE,FALSE,"completed","2026-08-05 02:16:31.914780 +0200","2026-08-05 02:16:34.905847 +0200",2.991,10,,,TRUE,"completed",10,0.126031682304227,0.0820245815564107,0.0319941042808087,0.203621163231362,94.5409946842947,8.23603963821478,0.0233094454684543,0.176299945502607,0.144302558544752,12,4,27,9,0.0277777777777778,10,28,8,42,1,0.444444444444444,14.1099903957152,38.7540580223856,12.2493664077589,25.2137448171037,129.127654043475,28.6411565177272,16,36,0,3,5,5
52,"sim_0052",6245908,20260730,"broad_lhs",,"continuous_lhs",TRUE,FALSE,"completed","2026-08-05 02:16:31.383257 +0200","2026-08-05 02:16:34.508455 +0200",3.125,10,,,TRUE,"completed",10,0.0968446971638421,0.130858733468752,0.0311483440118497,0.202412567214008,74.946692630421,4.10500245807673,0.0471414530127427,0.0645921140541193,0.700645500196259,2,2,19,8,0,4,27,1,31,0,0,1.65409622021923,7.35794667283486,0,17.8325780753108,43.6908913126446,40.3807772287795,4,27,0,0,0,0
53,"sim_0053",6350637,20260730,"broad_lhs",,"continuous_lhs",TRUE,FALSE,"completed","2026-08-05 02:16:31.784196 +0200","2026-08-05 02:16:33.783590 +0200",1.999,10,,,TRUE,"completed",10,0.161877045957067,0.102881302235521,0.0239673726437191,0.183899158572063,53.5627638983851,9.70778818182325,0.0129141000698374,0.105295245447649,0.475351996318525,3,2,8,4,0.05,4,9,4,14,0.6,0.25,3.95223814948108,27.7858929724322,0,14.705004790907,59.5530926729054,0,5,12,0,1,3,3
54,"sim_0054",6455366,20260730,"broad_lhs",,"continuous_lhs",TRUE,FALSE,"completed","2026-08-05 02:16:31.486383 +0200","2026-08-05 02:16:35.208771 +0200",3.722,10,,,TRUE,"completed",10,0.107784652271917,0.10845804071426,0.0678789370575606,0.228087759656918,78.134283814186,1.19718997897245,0.0122648585092216,0.0838706324287018,0.353749880333,8,2,22,9,0.0451612903225806,3,22,8,29,1.4,0.451612903225806,0.78888346406659,43.1821788869196,13.8366882434582,17.5988897625466,100.028461791266,8.47000245796363,10,31,0,2,4,4
55,"sim_0055",6560095,20260730,"broad_lhs",,"continuous_lhs",TRUE,FALSE,"completed","2026-08-05 02:16:31.811957 +0200","2026-08-05 02:16:35.650475 +0200",3.839,10,,,TRUE,"completed",10,0.124855238806176,0.210360108864641,0.0673448359789593,0.0606164011932744,94.9443331201871,1.34790787129111,0.0146393230469467,0.0994854123951841,0.256753890600117,10,5,10,24,0.0588235294117647,6,23,10,33,2,0.882352941176471,9.24638576870948,26.2913981345644,37.9964438325939,60.9487275004294,41.4937366579511,32.9171698755373,15,34,0,4,5,5
56,"sim_0056",6664824,20260730,"broad_lhs",,"continuous_lhs",TRUE,FALSE,"completed","2026-08-05 02:16:31.742667 +0200","2026-08-05 02:16:34.038140 +0200",2.296,10,,,TRUE,"completed",10,0.0707434607496496,0.231527586974222,0.0240759920701602,0.158365154961075,62.3769199556361,4.1593542523589,0.0230711253271628,0.179380250596118,0.267202100581033,1,2,3,8,0.0303030303030303,2,10,2,13,0.333333333333333,0.0909090909090909,4.92034661080731,0.63112281221261,0,22.8300812962387,3.15023404178988,0,3,11,0,1,1,1
57,"sim_0057",6769553,20260730,"broad_lhs",,"continuous_lhs",TRUE,FALSE,"completed","2026-08-05 02:16:31.846154 +0200","2026-08-05 02:16:35.621737 +0200",3.776,10,,,TRUE,"completed",10,0.0992823545978064,0.0761105860666764,0.0416442585002613,0.090088093721674,84.2473096348966,10.6316585689683,0.0370855617501701,0.132720766536012,0.678738234114605,39,1,52,17,0.284782608695652,2,19,88,22,19.65,11.3913043478261,0,20.9423359941048,140.684386986051,75.1273941555373,82.7164392736716,156.011928746807,40,69,16,28,33.5733333333333,34
58,"sim_0058",6874282,20260730,"broad_lhs",,"continuous_lhs",TRUE,FALSE,"completed","2026-08-05 02:16:31.386315 +0200","2026-08-05 02:16:35.840812 +0200",4.455,10,,,TRUE,"completed",10,0.485798273167908,0.078642973790644,0.0726862450835474,0.0967513767433986,84.5658390548701,3.41976352352759,0.017774486159044,0.182505795634804,0.692803133749044,36,2,42,15,0.079870729455217,6,25,57,35,4.55263157894737,3.03508771929825,9.8447175417947,33.2922336584393,128.082887660775,56.4666011898781,89.725975391495,106.351723333604,38,57,2,11,15,15
59,"sim_0059",6979011,20260730,"broad_lhs",,"continuous_lhs",TRUE,FALSE,"completed","2026-08-05 02:16:31.384740 +0200","2026-08-05 02:16:34.688151 +0200",3.303,10,,,TRUE,"completed",10,0.200170305603338,0.0758737693173044,0.0220291684157673,0.392886179904342,97.6620870816625,2.6759185966787,0.0206130965849955,0.0526486437529739,0.303155855728621,4,1,22,8,0,5,30,1,35,0,0,1.19476758221414,11.3568668555189,3.0515537120678,16.4823955852405,93.303963604216,23.6451644486563,5,30,0,0,0,0
60,"sim_0060",7083740,20260730,"broad_lhs",,"continuous_lhs",TRUE,FALSE,"completed","2026-08-05 02:16:31.385137 +0200","2026-08-05 02:16:34.788880 +0200",3.404,10,,,TRUE,"completed",10,0.295121904382191,0.237169126088869,0.0714552004021046,0.111587470054544,62.8923107683038,1.82131147400879,0.0150251334418754,0.119867952165983,0.0947240235840367,4,7,5,12,0,11,17,1,28,0,0,27.2711626909566,14.473332534891,8.77849241025483,23.2487702906795,16.5680406245017,0.74748753444668,11,17,0,0,0,0
61,"sim_0061",7188469,20260730,"broad_lhs",,"continuous_lhs",TRUE,FALSE,"completed","2026-08-05 02:16:31.817855 +0200","2026-08-05 02:16:34.454776 +0200",2.637,10,,,TRUE,"completed",10,0.239512521511327,0.0722769464393454,0.0306025331521306,0.0862933186143565,100.999182896337,1.28661461181236,0.0465248899499012,0.167767268926643,0.131052045825046,1,4,25,16,0.0195121951219512,4,37,5,42,0.8,0.0975609756097561,10.2716011242205,8.57155889563198,0,51.6401749163848,50.9301791974428,56.8850776736835,5,41,0,1,4,4
62,"sim_0062",7293198,20260730,"broad_lhs",,"continuous_lhs",TRUE,FALSE,"completed","2026-08-05 02:16:32.918700 +0200","2026-08-05 02:16:35.912527 +0200",2.994,10,,,TRUE,"completed",10,0.169834248264026,0.157501119944451,0.0711113709857066,0.326386549639678,59.421421907987,11.6574362615059,0.0298394016297564,0.180203818378181,0.531554011421879,4,4,18,7,0.015,6,22,3,30,0.375,0.12,9.60988363964395,18.0076634713798,0,9.01736672657989,76.2400748870849,18.1127828779387,8,25,0,1,2,2
63,"sim_0063",7397927,20260730,"broad_lhs",,"continuous_lhs",TRUE,FALSE,"completed","2026-08-05 02:16:31.984512 +0200","2026-08-05 02:16:34.015310 +0200",2.03,10,,,TRUE,"completed",10,0.0781260521815531,0.0601136287387156,0.0269543671350667,0.307619816904697,57.3495776778915,9.10469493837312,0.0561057070077103,0.155881632652147,0.110918818144165,5,2,10,4,0.0204081632653061,5,13,3,19,0.285714285714286,0.142857142857143,8.53364477907959,18.9460067994162,10.7881419085413,11.3961808240982,49.558964105169,0,7,14,0,1,2,2
64,"sim_0064",7502656,20260730,"broad_lhs",,"continuous_lhs",TRUE,FALSE,"completed","2026-08-05 02:16:32.075887 +0200","2026-08-05 02:16:36.606253 +0200",4.531,10,,,TRUE,"completed",10,0.204464316875336,0.183453303143466,0.09611328121478,0.162496004648435,91.7517744324067,3.08175846574824,0.0195506060829715,0.174131716064359,0.147423512002443,23,6,27,21,0.0395114942528736,13,22,15,40,1.89655172413793,1.14583333333333,10.2751910456475,42.9141649967694,72.1396057456189,61.9029000384924,97.7123149353502,44.4017656643532,29,48,1,3,8.89333333333333,9
65,"sim_0065",7607385,20260730,"broad_lhs",,"continuous_lhs",TRUE,FALSE,"completed","2026-08-05 02:16:31.607304 +0200","2026-08-05 02:16:35.147834 +0200",3.54,10,,,TRUE,"completed",10,0.340631963539468,0.079046254212173,0.0404041554613646,0.226749421922752,76.6842194296627,3.59914948178951,0.0319250051739398,0.193555748495015,0.289846652882528,19,1,40,9,0.216326530612245,2,25,34,29,10.6,4.3265306122449,0.0317790734567804,25.2026320254381,55.7749155535134,23.5898910372587,98.2067340913035,87.5713824286988,20,49,4,17,19,19
66,"sim_0066",7712114,20260730,"broad_lhs",,"continuous_lhs",TRUE,FALSE,"completed","2026-08-05 02:16:31.500329 +0200","2026-08-05 02:16:34.901045 +0200",3.401,10,,,TRUE,"completed",10,0.0797328049234008,0.280518506602353,0.0852152787601162,0.0879622926051166,66.7533018843374,1.34192409712086,0.0537648853583318,0.157056821283445,0.425380798940804,2,5,6,12,0.0238095238095238,5,15,3,22,0.428571428571429,0.166666666666667,11.1406972751687,0,7.32584530100366,33.2153215557362,39.1324370882122,0,7,18,0,1,2,2
67,"sim_0067",7816843,20260730,"broad_lhs",,"continuous_lhs",TRUE,FALSE,"completed","2026-08-05 02:16:32.619941 +0200","2026-08-05 02:16:35.728142 +0200",3.108,10,,,TRUE,"completed",10,0.076048816503548,0.0778143115733208,0.0752468734916675,0.106165426067774,84.1098124439725,2.56568441403786,0.0336919488535821,0.06216619740693,0.178857398988733,8,10,24,20,0.0277777777777778,7,30,14,41,1.22222222222222,0.5,23.6789258942132,18.3915248296423,18.6781872603194,104.173163527543,102.485204192158,34.6897193026224,18,44,0,2.43333333333333,5,5
68,"sim_0068",7921572,20260730,"broad_lhs",,"continuous_lhs",TRUE,FALSE,"completed","2026-08-05 02:16:32.070072 +0200","2026-08-05 02:16:35.623582 +0200",3.554,10,,,TRUE,"completed",10,0.0890122193359572,0.205455854238193,0.0985665861789968,0.085397539181998,82.425526002691,9.32026297638672,0.0121444492881624,0.0978515082517535,0.166026509913862,2,9,13,23,0.0429292929292929,0,21,5,30,1.54545454545455,0.472222222222222,23.0398370855394,12.3700906176602,0,74.6686108667508,50.2738937553201,18.845287492869,11,36,1,1.93333333333333,3,3
69,"sim_0069",8026301,20260730,"broad_lhs",,"continuous_lhs",TRUE,FALSE,"completed","2026-08-05 02:16:31.587667 +0200","2026-08-05 02:16:36.907399 +0200",5.319,10,,,TRUE,"completed",10,0.350445738062225,0.1556106669409,0.0491521318896752,0.320775074932872,106.329763601596,2.16191051960686,0.0737542379341686,0.129010916555481,0.138416597829363,37,3,47,15,0.0669354838709677,11,20,59,34,4.15,2.67741935483871,2.77722606944876,51.507827013321,121.035432559465,29.0575915035994,79.9162512664956,153.60899087054,40,62,2,8.43333333333334,11,11
70,"sim_0070",8131030,20260730,"broad_lhs",,"continuous_lhs",TRUE,FALSE,"completed","2026-08-05 02:16:32.705831 +0200","2026-08-05 02:16:39.151875 +0200",6.446,10,,,TRUE,"completed",10,0.41539491943617,0.301883585462527,0.039178822288008,0.104664349681148,98.4737438859625,4.98590363892438,0.0225675098811833,0.0501243574879805,0.497385084540306,72,1,80,4,0.473418134377039,3,13,135,18,39.7671232876712,34.5595238095238,3.2835434205748,11.9152035535037,108.541239993566,16.2243668994424,26.2973436365324,142.710718117611,73,84,41,61,66,66
71,"sim_0071",8235759,20260730,"broad_lhs",,"continuous_lhs",TRUE,FALSE,"completed","2026-08-05 02:16:32.310930 +0200","2026-08-05 02:16:35.891385 +0200",3.581,10,,,TRUE,"completed",10,0.205108403108411,0.237977526086705,0.0403191865066831,0.160953903282756,92.701822036691,2.05290860193383,0.0179177719718227,0.130909713349732,0.575298209092312,14,3,14,10,0.0245098039215686,9,19,6,31,0.588235294117647,0.416666666666667,2.41307287089116,11.0011785262124,40.0960314447561,15.1970158999996,31.2586065478802,28.6249153026512,17,24,0,2,3,3
72,"sim_0072",8340488,20260730,"broad_lhs",,"continuous_lhs",TRUE,FALSE,"completed","2026-08-05 02:16:32.553247 +0200","2026-08-05 02:16:35.866256 +0200",3.313,10,,,TRUE,"completed",10,0.167042479537153,0.154038053578172,0.0286452558250492,0.274204564590269,97.5061698933029,1.63014218052276,0.015094211230565,0.0498917556364581,0.0963962936098874,7,3,25,9,0.0411764705882353,3,26,10,32,1.4,0.411764705882353,7.47562572886438,13.8827276801021,24.0620667662512,16.9392507518129,80.3232773854822,43.1072876899785,10,34,0,2.23333333333333,3,3
73,"sim_0073",8445217,20260730,"broad_lhs",,"continuous_lhs",TRUE,FALSE,"completed","2026-08-05 02:16:32.110815 +0200","2026-08-05 02:16:34.869002 +0200",2.758,10,,,TRUE,"completed",10,0.06142087503641,0.121643532828843,0.0299264996205009,0.108539254096334,94.1885183098002,5.14628043428803,0.0110687526187099,0.0780834624176431,0.162129772069143,5,8,8,16,0.016025641025641,9,20,3,32,0.384615384615385,0.208333333333333,28.1668724727627,15.0024432494417,14.783488674495,57.9207106074347,49.7060583998566,0,13,24,0,1,2,2
74,"sim_0074",8549946,20260730,"broad_lhs",,"continuous_lhs",TRUE,FALSE,"completed","2026-08-05 02:16:32.110775 +0200","2026-08-05 02:16:35.061914 +0200",2.951,10,,,TRUE,"completed",10,0.116787463748482,0.066595745991802,0.0931931119242203,0.0822139916205075,65.2661129996388,2.93208221706426,0.0681295832065976,0.168797208868911,0.507716164457807,7,13,16,20,0.0513888888888889,7,11,22,25,1.85,1.02777777777778,56.9212711751484,35.4974490815819,13.4588301558609,91.5536580546516,98.5558194098072,12.3901335453882,20,36,1,4,9,9
75,"sim_0075",8654675,20260730,"broad_lhs",,"continuous_lhs",TRUE,FALSE,"completed","2026-08-05 02:16:31.897382 +0200","2026-08-05 02:16:34.184354 +0200",2.287,10,,,TRUE,"completed",10,0.299225862800076,0.307852115751324,0.0227684923509494,0.096072705245661,78.8159675227685,5.46919216930904,0.0144868791374133,0.0584037545090541,0.140080144642599,3,3,10,5,0.0666666666666667,4,11,6,16,1,0.4,5.49416201484725,4.31937584908663,5.8459617753818,8.90955709265382,14.8551655734772,33.3541743795444,6,15,0,2.53333333333333,3,3
76,"sim_0076",8759404,20260730,"broad_lhs",,"continuous_lhs",TRUE,FALSE,"completed","2026-08-05 02:16:32.629692 +0200","2026-08-05 02:16:35.416452 +0200",2.787,10,,,TRUE,"completed",10,0.368692351946417,0.0618259280646707,0.0335874245266312,0.304434758855207,83.8306623076813,0.663955682040491,0.01829868534059,0.126010718551503,0.111086057552896,14,2,26,10,0.0850694444444444,1,23,14,28,3.0625,1.36111111111111,3.12114157578583,8.70551386766926,44.8193507981334,19.8752500224748,91.4630772377379,60.3645551962208,16,36,1,5,8,8
77,"sim_0077",8864133,20260730,"broad_lhs",,"continuous_lhs",TRUE,FALSE,"completed","2026-08-05 02:16:32.129332 +0200","2026-08-05 02:16:35.285933 +0200",3.157,10,,,TRUE,"completed",10,0.117972485765982,0.22860399902331,0.03616039322419,0.349184618557047,94.2680717260473,10.4445975513982,0.0482453125060535,0.132429074926962,0.128965406555534,6,3,18,3,0.0634920634920635,3,11,5,18,1.33333333333333,0.571428571428571,6.76492675263714,21.1562190994257,6.99142478560385,3.6750563444076,46.9854250554351,34.3963395475106,9,21,1,2,4,4
78,"sim_0078",8968862,20260730,"broad_lhs",,"continuous_lhs",TRUE,FALSE,"completed","2026-08-05 02:16:33.252123 +0200","2026-08-05 02:16:35.898610 +0200",2.647,10,,,TRUE,"completed",10,0.123777410513396,0.0749709895500491,0.0279233007799769,0.151811025294375,70.8165922626646,1.26723906396639,0.0475760413694366,0.176444226422075,0.385230557781931,7,3,20,10,0.08,4,20,11,27,2.4,0.8,7.44854853554288,16.1288832641164,18.4478199989132,42.8714886598828,46.2171695357564,70.6511168362619,10,30,0,4.63333333333333,6,6
79,"sim_0079",9073591,20260730,"broad_lhs",,"continuous_lhs",TRUE,FALSE,"completed","2026-08-05 02:16:32.362314 +0200","2026-08-05 02:16:34.995228 +0200",2.633,10,,,TRUE,"completed",10,0.148022477111455,0.235093273426913,0.0255141753947911,0.071144455251832,102.037912922063,9.50857570940504,0.0296832035063469,0.0902554981307023,0.759553965698881,0,3,5,12,0.0392156862745098,2,15,3,18,0.666666666666667,0.117647058823529,0.37829463830311,0,0,27.5626913331008,13.4092024552784,2.27458377467239,3,17,0,1,2,2
80,"sim_0080",9178320,20260730,"broad_lhs",,"continuous_lhs",TRUE,FALSE,"completed","2026-08-05 02:16:32.154147 +0200","2026-08-05 02:16:36.003176 +0200",3.849,10,,,TRUE,"completed",10,0.269894115580929,0.0928482100421997,0.049950201585896,0.318371965251925,88.1749122706345,0.898544683123716,0.0852385659664057,0.179677370688231,0.611313198984825,38,3,57,6,0.147502903600465,7,22,65,34,9.29268292682927,6.04761904761905,13.548911648924,49.5775939738648,90.5648242187936,26.4691140377906,121.424459941592,109.234611928193,41,63,7,18,25,25
81,"sim_0081",9283049,20260730,"broad_lhs",,"continuous_lhs",TRUE,FALSE,"completed","2026-08-05 02:16:55.825381 +0200","2026-08-05 02:16:57.783489 +0200",1.958,10,,,TRUE,"completed",10,0.260300181660058,0.263195931619657,0.0265902894330502,0.296673500374004,63.499103255156,2.86969335385664,0.0685193530877024,0.0680525082869119,0.403768571398429,0,3,3,3,0.0555555555555556,2,5,2,8,0.333333333333333,0.166666666666667,8.33725312438475,0,0,5.89774196632229,10.1758288308852,0,3,6,0,1,1,1
82,"sim_0082",9387778,20260730,"broad_lhs",,"continuous_lhs",TRUE,FALSE,"completed","2026-08-05 02:16:54.642552 +0200","2026-08-05 02:16:57.847923 +0200",3.205,10,,,TRUE,"completed",10,0.300773613687103,0.0937713468125678,0.0804833780796601,0.065449164920647,75.8970752157685,14.3888193770591,0.071924561547223,0.183780714402868,0.49163403612085,28,9,35,24,0.141548327989006,4,6,64,15,8.35135135135135,5.23728813559322,37.714419765464,21.8092104874417,85.4487537958345,79.9198096358357,25.8267257251428,118.112325584402,37,59,5,16.0333333333333,20,20
83,"sim_0083",9492507,20260730,"broad_lhs",,"continuous_lhs",TRUE,FALSE,"completed","2026-08-05 02:16:54.342449 +0200","2026-08-05 02:16:59.503590 +0200",5.162,10,,,TRUE,"completed",10,0.358428185095041,0.12426138746018,0.105621756323803,0.119963053295477,104.36167414681,0.564439254920944,0.0769282527101178,0.0731238168747708,0.261771715482017,53,7,55,18,0.0865296803652968,8,16,101,29,6.31666666666667,5.19178082191781,20.9454634114932,27.9387040648846,206.418013559148,70.2990493186178,150.833391783582,148.60953355289,60,73,6,13,16.9999999999999,19
84,"sim_0084",9597236,20260730,"broad_lhs",,"continuous_lhs",TRUE,FALSE,"completed","2026-08-05 02:17:00.145893 +0200","2026-08-05 02:17:02.220732 +0200",2.075,10,,,TRUE,"completed",10,0.461904284213962,0.137739457787467,0.0182533541920928,0.066950535147431,70.4897024996372,1.50284047105203,0.0126267494234375,0.191539053130869,0.126148244227441,6,3,5,4,0.037037037037037,7,6,3,15,0.333333333333333,0.333333333333333,11.477426517763,2.54564829562258,20.4026312734938,5.87411772118083,13.0197246779625,6.46930685181892,9,9,0,1,2,2
85,"sim_0085",9701965,20260730,"broad_lhs",,"continuous_lhs",TRUE,FALSE,"completed","2026-08-05 02:16:59.979300 +0200","2026-08-05 02:17:03.701005 +0200",3.722,10,,,TRUE,"completed",10,0.378568547713085,0.258101780933483,0.0914163929293167,0.408885280619846,63.8718307454346,0.97260531180477,0.0651304002091771,0.0805842472006851,0.598113152460252,17,0,25,4,0.0933062880324544,5,14,13,23,2.70588235294118,1.58620689655172,0,9.74885367726297,73.7453332687291,6.31841000189207,39.4673852119024,62.8171436878189,17,29,1,6,7,7
86,"sim_0086",9806694,20260730,"broad_lhs",,"continuous_lhs",TRUE,FALSE,"completed","2026-08-05 02:17:00.261668 +0200","2026-08-05 02:17:03.941345 +0200",3.68,10,,,TRUE,"completed",10,0.362065646773234,0.128905421936931,0.0936647744259259,0.218063625520661,66.8550454413518,8.01380231610054,0.0639018994930173,0.109031945946885,0.717286935510489,35,2,44,6,0.268108108108108,4,9,72,15,13.4054054054054,9.92,1.09228258722149,64.9165179906627,57.648312854401,25.6180921661302,81.4600716628717,102.861743161532,37,50,15,22,23.7933333333333,24
87,"sim_0087",9911423,20260730,"broad_lhs",,"continuous_lhs",TRUE,FALSE,"completed","2026-08-05 02:16:59.290484 +0200","2026-08-05 02:17:02.013121 +0200",2.722,10,,,TRUE,"completed",10,0.381982706696964,0.08869689706068,0.0229331041912534,0.148587899678412,94.8808864012361,12.6008533166892,0.013129113000748,0.178391694525425,0.119758176119555,15,3,29,8,0.036036036036036,9,32,12,43,1.33333333333333,0.648648648648649,2.87519121094934,14.7746506506058,42.584670156864,27.4663607409283,74.5573940100303,80.9685347701,18,37,0,3,8,8
88,"sim_0088",10016152,20260730,"broad_lhs",,"continuous_lhs",TRUE,FALSE,"completed","2026-08-05 02:16:59.818642 +0200","2026-08-05 02:17:01.488605 +0200",1.67,10,,,TRUE,"completed",10,0.364347222323327,0.1515295488773,0.024648362068735,0.352306230747915,57.0157336409307,0.946055531803577,0.0334478569916043,0.146322998771729,0.164044335111934,0,1,1,5,,1,6,1,7,0,0,5.2441656696426,0,0,4.2662426953667,4.58776565082906,0,1,6,0,0,0,0
89,"sim_0089",10120881,20260730,"broad_lhs",,"continuous_lhs",TRUE,FALSE,"completed","2026-08-05 02:16:58.969267 +0200","2026-08-05 02:17:02.277123 +0200",3.308,10,,,TRUE,"completed",10,0.165150853326625,0.109010009507403,0.111680820726885,0.36415987500343,68.0511775477065,0.878320737660946,0.0604456749309875,0.167286580651934,0.198144021219478,16,7,27,10,0.0282021151586369,9,19,13,36,1.04347826086957,0.648648648648649,21.6823624739251,68.4417023232932,32.5048662424044,23.023950758361,154.136261853452,27.8101193198188,23,37,1,2,7,7
90,"sim_0090",10225610,20260730,"broad_lhs",,"continuous_lhs",TRUE,FALSE,"completed","2026-08-05 02:16:59.773128 +0200","2026-08-05 02:17:03.516055 +0200",3.743,10,,,TRUE,"completed",10,0.390291410410555,0.0788510833974291,0.0561616009614704,0.31585813611128,84.8253801462551,2.60762585892172,0.00882414263997409,0.134762751829629,0.445948737280128,34,2,52,3,0.0934343434343434,9,24,47,37,5.13888888888889,3.36363636363636,1.00131717197874,27.0177222267722,92.3701841715811,5.50080545454204,153.027400967679,107.216853766279,36,55,2,10,11,11
91,"sim_0091",10330339,20260730,"broad_lhs",,"continuous_lhs",TRUE,FALSE,"completed","2026-08-05 02:16:59.854853 +0200","2026-08-05 02:17:01.405337 +0200",1.55,10,,,TRUE,"completed",10,0.135877901606086,0.201035305559239,0.0219320448879824,0.0813768275802263,54.1813591861063,3.51474176214719,0.0163014082421368,0.106578384257737,0.217868300132447,0,2,1,3,0.125,1,3,2,5,0.5,0.25,0.86743001704785,0,0,10.6084226602276,7.93564265589832,0,2,4,0,1,1,1
92,"sim_0092",10435068,20260730,"broad_lhs",,"continuous_lhs",TRUE,FALSE,"completed","2026-08-05 02:16:59.131359 +0200","2026-08-05 02:17:01.501208 +0200",2.37,10,,,TRUE,"completed",10,0.219193058030613,0.180468920940061,0.0292995324684914,0.0689861628916767,97.2525414204018,9.47026826507897,0.0703150909211991,0.062266422547594,0.0897532535325991,4,3,10,18,0.0204081632653061,5,24,4,31,0.571428571428571,0.142857142857143,6.62291283893606,5.55070272335654,5.15736010425516,49.2812878496556,28.7464791716285,29.8091995402114,7,28,0,1,3,3
93,"sim_0093",10539797,20260730,"broad_lhs",,"continuous_lhs",TRUE,FALSE,"completed","2026-08-05 02:16:59.385175 +0200","2026-08-05 02:17:04.696329 +0200",5.311,10,,,TRUE,"completed",10,0.160625562953687,0.0581567341488107,0.0518531226834687,0.144721425925478,96.2440541749406,0.73139350034635,0.052992162852641,0.118889721163173,0.696890678644688,68,5,78,3,0.291053610688314,4,7,143,12,23.5753424657534,21.2469135802469,29.2618069136861,13.583617214522,330.152757593586,16.7356494674504,86.881590094002,338.092746944678,73,81,30,41,45,45
94,"sim_0094",10644526,20260730,"broad_lhs",,"continuous_lhs",TRUE,FALSE,"completed","2026-08-05 02:16:59.916583 +0200","2026-08-05 02:17:08.155018 +0200",8.238,10,,,TRUE,"completed",10,0.39895882246365,0.250077369460731,0.0877558646854368,0.0687607717666012,80.3486725477502,15.2701982320714,0.0343024932949995,0.107887924608205,0.488311649274249,74,5,80,24,0.383033106134372,3,6,174,10,39.8354430379747,30.2596153846154,18.4773940969926,7.64680164891966,200.498962927102,49.6474387716849,45.8599628308464,189.285940223097,79,104,41,61,64,66
95,"sim_0095",10749255,20260730,"broad_lhs",,"continuous_lhs",TRUE,FALSE,"completed","2026-08-05 02:16:59.844178 +0200","2026-08-05 02:17:02.395131 +0200",2.551,10,,,TRUE,"completed",10,0.0700339907205247,0.233133820059116,0.021064346279262,0.330423718513958,106.438361723307,1.18792986674038,0.0567709500906138,0.144663902447598,0.398396992240285,3,2,17,7,0,5,24,1,29,0,0,5.65841081222471,12.4035530875231,0,14.5076504808541,58.7006847397756,10.2347426404962,5,24,0,0,0,0
96,"sim_0096",10853984,20260730,"broad_lhs",,"continuous_lhs",TRUE,FALSE,"completed","2026-08-05 02:17:00.571891 +0200","2026-08-05 02:17:03.118570 +0200",2.547,10,,,TRUE,"completed",10,0.207942078869391,0.14619776437635,0.0152674353556728,0.354034510051802,102.65542224033,1.23783759639879,0.0687732708483023,0.174760143163472,0.129170111842806,3,2,20,6,0.0461538461538462,2,22,4,26,1.2,0.230769230769231,5.67569895872082,6.64930140590903,9.80683353925281,9.41770864803189,56.0989483610864,31.0418574012328,5,26,0,2,2,2
97,"sim_0097",10958713,20260730,"broad_lhs",,"continuous_lhs",TRUE,FALSE,"completed","2026-08-05 02:16:59.852967 +0200","2026-08-05 02:17:02.385792 +0200",2.533,10,,,TRUE,"completed",10,0.124080750399522,0.111434469801238,0.018181828193613,0.261144078817223,99.2982270165657,0.888240272543363,0.0158397840491388,0.132856914824936,0.66848550877425,16,2,30,2,0.0451388888888889,6,15,9,28,1.44444444444444,0.8125,1.54937691486234,32.910602215679,33.3829611677793,0.693901715209008,44.5035826424102,60.5902242115028,18,32,1,2,6,6
98,"sim_0098",11063442,20260730,"broad_lhs",,"continuous_lhs",TRUE,FALSE,"completed","2026-08-05 02:16:59.808965 +0200","2026-08-05 02:17:05.695781 +0200",5.887,10,,,TRUE,"completed",10,0.342618993064443,0.0826841035940792,0.0673997496689431,0.164774496620242,92.7482222547755,15.4873007339441,0.0311822311478736,0.0414530928963278,0.122387695047409,60,6,88,15,0.24786701971168,5,10,151,17,25.530303030303,16.3592233009709,15.2658432950446,60.4580140495548,187.844188731818,42.2119572037607,79.6669234871675,273.514606757187,66,103,20,53,60,61
99,"sim_0099",11168171,20260730,"broad_lhs",,"continuous_lhs",TRUE,FALSE,"completed","2026-08-05 02:16:59.893270 +0200","2026-08-05 02:17:02.490028 +0200",2.596,10,,,TRUE,"completed",10,0.134359198020856,0.0632581512884363,0.0794067045739382,0.16221204935414,64.8764365287911,7.62060023635699,0.0241556854388245,0.10046046520745,0.362457780480714,11,5,13,18,0.0221774193548387,8,23,4,36,0.6875,0.354838709677419,14.0184804117601,28.5209475582361,24.4200158202682,51.209824536724,83.2814819640114,1.14126207960497,16,31,0,1.93333333333333,3,3
100,"sim_0100",11272900,20260730,"broad_lhs",,"continuous_lhs",TRUE,FALSE,"completed","2026-08-05 02:16:59.362118 +0200","2026-08-05 02:17:03.907187 +0200",4.545,10,,,TRUE,"completed",10,0.221465374057793,0.231800222367759,0.103782146097424,0.286947896798238,82.5228300036655,7.03055587529101,0.0207770046417827,0.117099117871775,0.464701400242591,24,4,34,10,0.11038961038961,7,23,28,34,4.85714285714286,3.09090909090909,8.8293105860026,29.8075369366796,32.4959844097856,13.7855869474013,87.0075444845927,32.0004065877558,28,44,1,11,12.9433333333333,13
101,"sim_0101",11377629,20260730,"broad_lhs",,"continuous_lhs",TRUE,FALSE,"completed","2026-08-05 02:16:59.484076 +0200","2026-08-05 02:17:01.387385 +0200",1.903,10,,,TRUE,"completed",10,0.122307370909951,0.0734501035930676,0.0236148594700404,0.0620063771221571,67.5204824952616,0.930542267374506,0.00968186028452825,0.0661153953986812,0.0920393663395675,2,3,12,12,0.0166666666666667,3,22,2,27,0.4,0.0833333333333333,6.30680099001641,14.4460304268924,0,33.6550180126602,50.2086379614327,19.2720267001854,5,24,0,1,1,1
102,"sim_0102",11482358,20260730,"broad_lhs",,"continuous_lhs",TRUE,FALSE,"completed","2026-08-05 02:17:00.148876 +0200","2026-08-05 02:17:03.098088 +0200",2.949,10,,,TRUE,"completed",10,0.116268119483501,0.112344322861093,0.0396110961424804,0.217147559414211,96.4226229371089,1.02381757240164,0.0117776688010264,0.176883911691386,0.149818048066903,10,5,20,13,0.0202020202020202,8,27,7,39,0.666666666666667,0.303030303030303,13.3078773167664,17.8022473771721,12.3856904811683,39.4439980993367,77.8690410297479,11.7037544441288,15,33,0,2,3,3
103,"sim_0103",11587087,20260730,"broad_lhs",,"continuous_lhs",TRUE,FALSE,"completed","2026-08-05 02:16:59.796056 +0200","2026-08-05 02:17:02.522699 +0200",2.726,10,,,TRUE,"completed",10,0.114623173545728,0.309341589229578,0.0247385097002023,0.295856201054086,87.2066268350722,11.4551248267466,0.0164865290458165,0.124923178736871,0.517168463191017,1,0,10,4,,1,14,1,15,0,0,0,2.24384419864857,0,2.99144811465602,40.9703264684452,0,1,14,0,0,0,0
104,"sim_0104",11691816,20260730,"broad_lhs",,"continuous_lhs",TRUE,FALSE,"completed","2026-08-05 02:16:59.757988 +0200","2026-08-05 02:17:02.122977 +0200",2.365,10,,,TRUE,"completed",10,0.251458065989735,0.0485851223977013,0.0777675949175364,0.13593724573533,55.2772427322343,0.72341619447502,0.0891850025850244,0.118053482792715,0.422130733272462,16,2,24,6,0.0592592592592593,3,20,15,25,1.77777777777778,1.06666666666667,14.4904818397556,13.1510892267948,45.8151347875869,27.1826238389888,74.775151243627,60.0306623063215,18,30,1,3.83333333333334,7,7
105,"sim_0105",11796545,20260730,"broad_lhs",,"continuous_lhs",TRUE,FALSE,"completed","2026-08-05 02:16:59.598404 +0200","2026-08-05 02:17:01.729687 +0200",2.131,10,,,TRUE,"completed",10,0.10401279583139,0.124645212539942,0.0285336665130323,0.323636996953542,75.3912589303942,2.73364140033788,0.0255763906139592,0.0964299298350104,0.183261961769113,7,4,11,10,0.0303030303030303,5,18,6,25,0.636363636363636,0.333333333333333,4.00799447002841,8.96325907651668,35.1834004484899,25.5329175191557,60.9834603818411,11.7903204331386,11,21,0,1.43333333333333,4,4
106,"sim_0106",11901274,20260730,"broad_lhs",,"continuous_lhs",TRUE,FALSE,"completed","2026-08-05 02:17:00.652698 +0200","2026-08-05 02:17:03.391546 +0200",2.739,10,,,TRUE,"completed",10,0.114156129201266,0.354276904498639,0.0304678356330306,0.113337550101377,93.6314075372285,12.7263691163332,0.0925232772993914,0.190133093147888,0.586200165245413,2,1,4,16,0,3,20,1,23,0,0,1.33882309406027,4.88961340043804,0,16.3980575627207,8.64082542642344,0,3,20,0,0,0,0
107,"sim_0107",12006003,20260730,"broad_lhs",,"continuous_lhs",TRUE,FALSE,"completed","2026-08-05 02:17:00.041880 +0200","2026-08-05 02:17:03.194360 +0200",3.153,10,,,TRUE,"completed",10,0.220388783916266,0.0954807613935574,0.0759999681179945,0.234173140689662,73.5676337128919,1.29180909772185,0.053496834569094,0.0607895309809181,0.120486426046706,11,2,25,13,0.062753036437247,4,24,17,30,2.38461538461538,0.815789473684211,2.67441048504578,45.6509465896415,19.0079990945819,48.5541974539859,92.3577709677649,27.0719773586948,13,38,0,3.53333333333333,6,6
108,"sim_0108",12110732,20260730,"broad_lhs",,"continuous_lhs",TRUE,FALSE,"completed","2026-08-05 02:17:00.388029 +0200","2026-08-05 02:17:11.837686 +0200",11.45,10,,,TRUE,"completed",10,0.11922427222016,0.172672583668661,0.0983221826708829,0.251666902277038,100.018882539496,18.3767482097913,0.0133285733653793,0.18174709915177,0.850148894220101,80,4,87,8,0.459649122807018,1,2,165,7,43.6666666666667,38.6105263157895,4.57689963548227,49.3576258547704,380.228772664932,9.27896371457436,100.598436584683,357.291563651018,84,95,49,63.7333333333333,69,70
109,"sim_0109",12215461,20260730,"broad_lhs",,"continuous_lhs",TRUE,FALSE,"completed","2026-08-05 02:17:00.114296 +0200","2026-08-05 02:17:02.752095 +0200",2.638,10,,,TRUE,"completed",10,0.187811805888984,0.329932441262965,0.0221446223372847,0.114366707514572,97.7910610815924,10.8049005787733,0.0250911737949693,0.14744746104232,0.207938736763102,5,1,7,13,0.0666666666666667,2,15,6,19,1.33333333333333,0.4,0.59264611022399,3.00622976555725,7.93776931606295,19.5033137834364,24.1954581534837,4.87410288200901,6,20,0,2.03333333333333,3,3
110,"sim_0110",12320190,20260730,"broad_lhs",,"continuous_lhs",TRUE,FALSE,"completed","2026-08-05 02:17:00.178561 +0200","2026-08-05 02:17:02.920723 +0200",2.742,10,,,TRUE,"completed",10,0.203373452459567,0.293874815584995,0.064266427944605,0.30704600919397,59.6527574234125,1.95497667630169,0.00890390451505245,0.163129138492837,0.249654648610537,5,2,11,9,0.0214285714285714,5,17,3,24,0.428571428571429,0.15,3.28637296558893,20.5177504668335,5.67054417061558,14.6251632984317,28.7434863674126,17.4086601638962,7,20,0,1,2,2
111,"sim_0111",12424919,20260730,"broad_lhs",,"continuous_lhs",TRUE,FALSE,"completed","2026-08-05 02:17:00.179166 +0200","2026-08-05 02:17:02.928155 +0200",2.749,10,,,TRUE,"completed",10,0.226575543048159,0.0912677589225673,0.0459065705547087,0.068158206376384,80.5970297883575,3.94301789600411,0.0676094301673842,0.0902835715288529,0.213606067297227,14,5,19,24,0.0501835985312118,10,29,16,43,2.15789473684211,0.953488372093023,15.3316135125634,17.3651360988745,59.1272146200089,98.0018564615658,45.8697012227396,42.8407694124931,19,43,0,5,9,9
112,"sim_0112",12529648,20260730,"broad_lhs",,"continuous_lhs",TRUE,FALSE,"completed","2026-08-05 02:17:00.408128 +0200","2026-08-05 02:17:02.143480 +0200",1.736,10,,,TRUE,"completed",10,0.0819849660426917,0.128273217232077,0.0183567970092667,0.302624955474464,59.9991594671582,0.98360626066542,0.0659503124483446,0.21397286051936,0.18520655951182,2,0,6,7,0,2,13,1,15,0,0,0,11.4572374258408,0,14.8284265955327,33.5319667433759,0,2,13,0,0,0,0
113,"sim_0113",12634377,20260730,"broad_lhs",,"continuous_lhs",TRUE,FALSE,"completed","2026-08-05 02:17:00.187644 +0200","2026-08-05 02:17:02.389891 +0200",2.202,10,,,TRUE,"completed",10,0.385633084315203,0.133709287033061,0.0235818252104787,0.204714552662096,78.2544770664225,0.648375896761039,0.0442133220816449,0.114128753151486,0.46793935523869,1,5,15,5,0,6,20,1,26,0,0,15.2711815623276,1.86749014234127,0,21.1526583136618,35.4444508248238,15.3024164442641,6,20,0,0,0,0
114,"sim_0114",12739106,20260730,"broad_lhs",,"continuous_lhs",TRUE,FALSE,"completed","2026-08-05 02:17:00.278074 +0200","2026-08-05 02:17:04.927305 +0200",4.649,10,,,TRUE,"completed",10,0.154512428524092,0.083786062048095,0.0831978863421447,0.123781586636524,110.303290490537,4.78951969080381,0.01329194308057,0.0650927969059881,0.102938872354867,39,7,53,26,0.152999449642267,5,14,85,25,12.0869565217391,7.0379746835443,27.9095603212438,60.1378453442564,103.30026325901,101.306026123294,143.406025125398,139.872214328539,46,79,5,25,28.24,30
115,"sim_0115",12843835,20260730,"broad_lhs",,"continuous_lhs",TRUE,FALSE,"completed","2026-08-05 02:17:00.405545 +0200","2026-08-05 02:17:02.351288 +0200",1.945,10,,,TRUE,"completed",10,0.248104268803968,0.0674163468191704,0.0302837563789433,0.389242689035611,57.1020884121458,17.284316237967,0.0443174004942454,0.151339454311464,0.226918099751588,4,4,20,4,0.0104166666666667,6,22,2,30,0.25,0.0833333333333333,9.25803233308081,6.93789718348984,22.6908514048469,9.17854057579729,97.9336570955542,27.6273719717971,8,24,0,1,1,1
116,"sim_0116",12948564,20260730,"broad_lhs",,"continuous_lhs",TRUE,FALSE,"completed","2026-08-05 02:17:00.582271 +0200","2026-08-05 02:17:04.820291 +0200",4.238,10,,,TRUE,"completed",10,0.275973410045862,0.115387014108771,0.0533884492514647,0.0590840208474008,102.431858432872,4.20211916774022,0.00897196399165945,0.0935601397740215,0.412210020327461,36,7,52,15,0.0805275945852135,10,19,74,32,5.3953488372093,3.46268656716418,23.2487245493377,8.94421531691559,106.029386650522,59.2182209944741,88.6854163286756,133.438409431119,43,67,3,11,14,14
117,"sim_0117",13053293,20260730,"broad_lhs",,"continuous_lhs",TRUE,FALSE,"completed","2026-08-05 02:17:01.838318 +0200","2026-08-05 02:17:05.448011 +0200",3.61,10,,,TRUE,"completed",10,0.0931225127815547,0.0860579297589161,0.0840579680391382,0.175374364014329,91.5079178421448,1.15166415910216,0.0322570014663334,0.193892826102027,0.33510501001627,31,7,47,14,0.11130284728214,9,19,71,29,6.78947368421053,4.22950819672131,9.865419534197,42.1179808771776,90.031648451748,60.5992198069394,176.375674604829,95.2102600037202,38,61,3,14,19,19
118,"sim_0118",13158022,20260730,"broad_lhs",,"continuous_lhs",TRUE,FALSE,"completed","2026-08-05 02:17:00.598873 +0200","2026-08-05 02:17:04.293188 +0200",3.695,10,,,TRUE,"completed",10,0.0877859039038022,0.13057281066479,0.0848239012214155,0.082063329190177,97.0349478749144,0.656395488810862,0.00987263856565787,0.0394863607303705,0.104059784908764,16,8,31,26,0.0562865497076023,2,26,42,34,3.20833333333333,1.35087719298246,26.0197955307171,16.1671590214864,36.5633075507615,97.4271715111091,111.973270549363,57.3809696202545,24,57,1,5.53333333333335,8.85333333333334,9
119,"sim_0119",13262751,20260730,"broad_lhs",,"continuous_lhs",TRUE,FALSE,"completed","2026-08-05 02:17:00.703796 +0200","2026-08-05 02:17:04.899296 +0200",4.196,10,,,TRUE,"completed",10,0.0944303160585113,0.21469447085504,0.0908850229936262,0.0647135360155663,94.6403815883315,6.74229796800218,0.0305294083591567,0.0728713867750614,0.58383799704121,21,7,27,17,0.0478896103896104,5,23,20,35,2.10714285714286,1.34090909090909,10.9530722824525,13.4269650899839,50.0597894824538,51.8361465656377,29.6602690583761,101.428197086953,28,44,1,5,9,9
120,"sim_0120",13367480,20260730,"broad_lhs",,"continuous_lhs",TRUE,FALSE,"completed","2026-08-05 02:16:58.669544 +0200","2026-08-05 02:17:01.040755 +0200",2.371,10,,,TRUE,"completed",10,0.0634566697015882,0.19741264810694,0.041454977060648,0.0867381385650218,58.1293559610844,7.94539973937902,0.0824415874399125,0.0860521477367729,0.864407288026471,33,1,32,7,0.615384615384615,2,5,66,8,24,20.9230769230769,2.45590353685406,19.2277609672145,87.5609376996448,25.7199897401838,6.44202777434805,87.5156602920077,34,39,25,30,32,32
121,"sim_0121",13472209,20260730,"broad_lhs",,"continuous_lhs",TRUE,FALSE,"completed","2026-08-05 02:17:19.830241 +0200","2026-08-05 02:17:23.114038 +0200",3.284,10,,,TRUE,"completed",10,0.380047237742579,0.0741316341320528,0.0863857384942428,0.0615624733808385,90.3868567084893,0.865987262061687,0.0591892547493573,0.184331830254588,0.437506351224445,30,13,34,23,0.0461036311709506,12,27,45,44,2.62790697674419,1.98245614035088,44.181350329269,17.1226484742727,102.233362411912,105.974698251638,102.970198426626,98.112634248876,43,57,1.50000000000001,6,8,8
122,"sim_0122",13576938,20260730,"broad_lhs",,"continuous_lhs",TRUE,FALSE,"completed","2026-08-05 02:17:18.971884 +0200","2026-08-05 02:17:20.850906 +0200",1.879,10,,,TRUE,"completed",10,0.288910202435118,0.0775085323221113,0.02082667020695,0.175615253820265,68.4354975284802,6.28811365664042,0.0405505565285237,0.101300827789495,0.0908836004428991,5,0,17,6,0.0434782608695652,2,18,4,23,1,0.217391304347826,0,6.91908632170843,19.1305629406388,24.2863339276627,49.0371682208225,43.3998270102822,5,23,0,1,3,3
123,"sim_0123",13681667,20260730,"broad_lhs",,"continuous_lhs",TRUE,FALSE,"completed","2026-08-05 02:17:20.920990 +0200","2026-08-05 02:17:23.315261 +0200",2.394,10,,,TRUE,"completed",10,0.278603422947704,0.0543843009923025,0.0658281352430734,0.481567073757166,68.7831142817107,0.821017691415656,0.0301747909115137,0.117538227349287,0.349689204124011,14,3,32,6,0.0263157894736842,11,29,9,44,1,0.447368421052632,1.28007759932914,30.4392654088559,35.110197228251,14.0315882319501,119.84420872624,54.2119674030385,17,38,0,3,5,5
124,"sim_0124",13786396,20260730,"broad_lhs",,"continuous_lhs",TRUE,FALSE,"completed","2026-08-05 02:17:23.333800 +0200","2026-08-05 02:17:25.828499 +0200",2.494,10,,,TRUE,"completed",10,0.134251222842358,0.0554158721428611,0.0411641364277432,0.0791843888416456,98.8408111261204,1.65859743884213,0.0748381712160869,0.0524963572294089,0.0844667400746912,10,7,20,30,0.0388235294117647,4,29,12,39,1.94117647058824,0.66,27.4442904930867,12.3215823124031,26.4868858186184,112.181767955124,62.2785505612642,78.2014519357878,17,50,1,3,4,4
125,"sim_0125",13891125,20260730,"broad_lhs",,"continuous_lhs",TRUE,FALSE,"completed","2026-08-05 02:17:24.224004 +0200","2026-08-05 02:17:26.105621 +0200",1.881,10,,,TRUE,"completed",10,0.362402894190986,0.0743661271028426,0.0333192792718903,0.0706536913626059,55.9223712332961,16.787333251169,0.0356020562152687,0.134432049117685,0.695520651673139,8,3,9,10,0.0239234449760766,8,14,4,25,0.454545454545455,0.263157894736842,6.21852200185844,2.91638523129851,46.4113029858655,35.7013476233738,15.9076611661343,24.9762680704856,11,19,0,1,3,3
126,"sim_0126",13995854,20260730,"broad_lhs",,"continuous_lhs",TRUE,FALSE,"completed","2026-08-05 02:17:23.581520 +0200","2026-08-05 02:17:25.485232 +0200",1.904,10,,,TRUE,"completed",10,0.0845959138943042,0.0663222883483371,0.0194272160690343,0.478749458328695,99.0471387404121,7.20126081888641,0.0437105326644987,0.139358746378825,0.23498339969686,4,3,17,5,0.00649350649350649,6,21,2,28,0.142857142857143,0.0454545454545455,6.35891636386474,10.0131136157706,0,17.1155878021582,65.4091535305656,19.0446206053626,7,22,0,0,1,1
127,"sim_0127",14100583,20260730,"broad_lhs",,"continuous_lhs",TRUE,FALSE,"completed","2026-08-05 02:17:23.161375 +0200","2026-08-05 02:17:24.744971 +0200",1.584,10,,,TRUE,"completed",10,0.0827632944943551,0.0706412197290631,0.0310996823079216,0.0770396465705293,64.7304262828703,12.2787783459681,0.0152063489475932,0.152155895427115,0.141283683878627,1,0,4,14,,1,18,1,19,0,0,0,4.78969676633546,0,67.3091755875973,20.3960839915403,0,1,18,0,0,0,0
128,"sim_0128",14205312,20260730,"broad_lhs",,"continuous_lhs",TRUE,FALSE,"completed","2026-08-05 02:17:23.333770 +0200","2026-08-05 02:17:25.177853 +0200",1.844,10,,,TRUE,"completed",10,0.110106256743762,0.0795669739489151,0.0357855741748733,0.112843593911357,63.1652011374219,0.727904712510851,0.0180246394204066,0.106967704586762,0.772014595043084,1,2,7,9,0.0208333333333333,2,15,2,18,0.333333333333333,0.0625,3.36008468313036,3.44388483968017,0,38.8542894033946,43.7634649422928,0,3,16,0,0.733333333333334,1,1
129,"sim_0129",14310041,20260730,"broad_lhs",,"continuous_lhs",TRUE,FALSE,"completed","2026-08-05 02:17:23.041634 +0200","2026-08-05 02:17:25.313469 +0200",2.271,10,,,TRUE,"completed",10,0.208854641783981,0.0856662279454677,0.0751625909437521,0.206952653679717,62.771907073011,3.38546749063833,0.0248596932618652,0.175685232901402,0.101363879849695,5,5,14,13,0.0148148148148148,8,25,4,34,0.4,0.148148148148148,11.956398553186,10.909092335137,9.79980257810795,43.894592712105,83.4075052993827,14.2809603246432,10,27,0,1.86666666666666,2,2
130,"sim_0130",14414770,20260730,"broad_lhs",,"continuous_lhs",TRUE,FALSE,"completed","2026-08-05 02:17:24.192590 +0200","2026-08-05 02:17:26.440396 +0200",2.247,10,,,TRUE,"completed",10,0.279832132177427,0.248757682977995,0.0507311304500883,0.177035647615369,58.3573531476367,0.676136588797153,0.0882854184910138,0.133439120147571,0.155639491448634,1,2,3,6,0,3,9,1,12,0,0,3.7061261315274,2.17858508618706,0,11.7759954479211,19.6341276020365,0,3,9,0,0,0,0
131,"sim_0131",14519499,20260730,"broad_lhs",,"continuous_lhs",TRUE,FALSE,"completed","2026-08-05 02:17:24.182229 +0200","2026-08-05 02:17:26.637567 +0200",2.455,10,,,TRUE,"completed",10,0.211964515995216,0.115627639975533,0.0330278305951631,0.212424154043685,79.8404331549795,19.7370734173469,0.0247056478113461,0.0930199637485202,0.280639786930657,8,1,23,10,0.0808080808080808,2,22,12,26,2.66666666666667,0.727272727272727,1.01555198316033,13.9422611296541,15.5876180424067,22.6358231216645,93.6543002709304,31.1068684303128,9,33,0,3.43333333333333,5,5
132,"sim_0132",14624228,20260730,"broad_lhs",,"continuous_lhs",TRUE,FALSE,"completed","2026-08-05 02:17:24.681156 +0200","2026-08-05 02:17:32.872407 +0200",8.191,10,,,TRUE,"completed",10,0.320378476971833,0.0566138088732833,0.0375907984900589,0.555804690607193,89.6904700170995,5.64984237552722,0.104081847396887,0.137016079775575,0.460295299111223,130,0,144,2,0.560168598524763,3,10,263,14,81.7846153846154,72.8219178082192,0,19.7866206025101,436.052987907881,8.46229028397657,94.1567793988728,450.941616811887,130,146,85.5,108.066666666667,124,125
133,"sim_0133",14728957,20260730,"broad_lhs",,"continuous_lhs",TRUE,FALSE,"completed","2026-08-05 02:17:24.402086 +0200","2026-08-05 02:17:27.662610 +0200",3.26,10,,,TRUE,"completed",10,0.0957532846414852,0.184323118786707,0.0989039786429071,0.0563385165148531,83.5797752115048,0.719109247608478,0.0731883131503388,0.0648452870994677,0.388799228312856,4,10,18,25,0.0382059800664452,6,27,9,38,1.64285714285714,0.534883720930233,34.438078877384,3.49271499748871,8.94477648942891,79.1044010480875,51.3718574566797,36.9677762607623,14,43,0,2.93333333333333,4,4
134,"sim_0134",14833686,20260730,"broad_lhs",,"continuous_lhs",TRUE,FALSE,"completed","2026-08-05 02:17:24.226199 +0200","2026-08-05 02:17:26.440173 +0200",2.214,10,,,TRUE,"completed",10,0.335618629997559,0.168775741383721,0.0581286664697233,0.0676348345300213,57.5809624539688,10.8449979815291,0.0647110610840988,0.0721835467489048,0.109187862731722,3,4,11,11,0.0454545454545455,3,20,6,24,1,0.318181818181818,5.3082106597091,0,19.02886131891,29.4938953111667,45.2871799442666,5.40323768893522,7,22,0,2,4,4
135,"sim_0135",14938415,20260730,"broad_lhs",,"continuous_lhs",TRUE,FALSE,"completed","2026-08-05 02:17:25.339193 +0200","2026-08-05 02:17:27.249131 +0200",1.91,10,,,TRUE,"completed",10,0.0694093168044614,0.129096106012904,0.017547834480244,0.470688836141024,59.0269073832987,16.975649628007,0.0283742852299824,0.200870998515812,0.221602467827022,1,1,15,1,0.03125,1,15,2,17,0.5,0.0625,0.731885267412229,2.5489548394975,0,4.1370640905684,89.2018198015826,0,2,16,0,0.833333333333336,1,1
136,"sim_0136",15043144,20260730,"broad_lhs",,"continuous_lhs",TRUE,FALSE,"completed","2026-08-05 02:17:25.738020 +0200","2026-08-05 02:17:27.588360 +0200",1.85,10,,,TRUE,"completed",10,0.0862084477451712,0.120895952353067,0.0151522143851319,0.0598164505498512,90.194540747876,3.77526292078469,0.0191001916251034,0.153566259171025,0.106760769476269,1,6,8,13,0.0476190476190476,2,16,4,22,1,0.333333333333333,12.5912588657146,1.14420556429875,0,47.8719330973425,37.4899207945334,16.3311657510251,7,21,0,2,2,2
137,"sim_0137",15147873,20260730,"broad_lhs",,"continuous_lhs",TRUE,FALSE,"completed","2026-08-05 02:17:23.832411 +0200","2026-08-05 02:17:25.861419 +0200",2.029,10,,,TRUE,"completed",10,0.0999989335633625,0.281382727825984,0.0173648671350993,0.0858506678641022,85.6083383735476,1.5919633740453,0.035745515806674,0.172897043278014,0.32657920295838,4,1,8,10,0.0555555555555556,1,14,3,18,1,0.277777777777778,3.61852513022791,5.41419538502561,7.6356513649721,25.58540599734,22.7885535940552,4.1309873675187,5,18,0,1.33333333333334,2,2
138,"sim_0138",15252602,20260730,"broad_lhs",,"continuous_lhs",TRUE,FALSE,"completed","2026-08-05 02:17:24.184128 +0200","2026-08-05 02:17:28.901787 +0200",4.718,10,,,TRUE,"completed",10,0.0991740943987804,0.291014852899393,0.108537491443855,0.0662153594534412,101.833098035099,2.17993745031103,0.0352449350032051,0.190809616911251,0.118212399955253,14,11,14,34,0.0316666666666667,11,20,13,38,1.52,0.791666666666667,34.3184443111356,38.4516718142643,13.5563623108594,74.662197330428,57.2526522138286,8.93189967783054,25,48,1,3,7,7
139,"sim_0139",15357331,20260730,"broad_lhs",,"continuous_lhs",TRUE,FALSE,"completed","2026-08-05 02:17:24.962839 +0200","2026-08-05 02:17:26.571939 +0200",1.61,10,,,TRUE,"completed",10,0.0998291682002988,0.352379245829282,0.0190211025721188,0.355313270619052,52.7388040887399,1.77214953173888,0.0427521763726017,0.0835904685548869,0.189488342906106,0,1,1,3,,1,4,1,5,0,0,0.456742485925799,0,0,5.34663661388294,5.78740570504029,0,1,4,0,0,0,0
140,"sim_0140",15462060,20260730,"broad_lhs",,"continuous_lhs",TRUE,FALSE,"completed","2026-08-05 02:17:24.231164 +0200","2026-08-05 02:17:27.084118 +0200",2.853,10,,,TRUE,"completed",10,0.271781538940092,0.0737320635338861,0.0181135372026005,0.399352972398354,83.6762361790364,9.74631902128085,0.0673784354883065,0.0445238179294392,0.356427842111201,42,0,51,5,0.457057823129252,1,11,78,15,25.5952380952381,19.1964285714286,0,23.8432339148712,71.2541446037396,7.65935185188757,40.6343300903291,109.971181642239,42,56,28,33,36.6833333333333,37
141,"sim_0141",15566789,20260730,"broad_lhs",,"continuous_lhs",TRUE,FALSE,"completed","2026-08-05 02:17:25.022279 +0200","2026-08-05 02:17:29.309195 +0200",4.287,10,,,TRUE,"completed",10,0.316420672123145,0.0653003036182864,0.115516993266483,0.0507730940323532,95.9243354888633,8.04706612190234,0.0258299589631645,0.0369885197614915,0.435551087142354,39,16,42,32,0.0628992628992629,5,17,95,28,4.65454545454545,3.45945945945946,56.4412958261586,32.8109815832256,169.106701979627,186.44345982236,64.3818954743579,195.571122476995,55,74,3,9,12.12,14
142,"sim_0142",15671518,20260730,"broad_lhs",,"continuous_lhs",TRUE,FALSE,"completed","2026-08-05 02:17:24.287619 +0200","2026-08-05 02:17:26.538271 +0200",2.251,10,,,TRUE,"completed",10,0.28191313183339,0.300089961396064,0.0473445709060583,0.0531343059287582,64.1044221116644,7.53328773475032,0.0171994119296498,0.0417710607293217,0.365028109398045,5,2,8,5,0.186813186813187,2,9,9,12,2.42857142857143,1.30769230769231,9.66671142701498,5.01156702526146,7.8830143512712,14.8795067755019,50.7423237804415,0,7,13,0,4,5,5
143,"sim_0143",15776247,20260730,"broad_lhs",,"continuous_lhs",TRUE,FALSE,"completed","2026-08-05 02:17:24.343680 +0200","2026-08-05 02:17:27.288446 +0200",2.945,10,,,TRUE,"completed",10,0.105032130639772,0.374644566145483,0.109385747480436,0.174592782755673,56.9756471714005,8.82887782293544,0.0224374163546936,0.142888771183142,0.211436265815421,1,2,5,7,0,3,12,1,15,0,0,2.02229697304505,3.73017234570394,0,8.43619726375229,22.9239944880932,0,3,12,0,0,0,0
144,"sim_0144",15880976,20260730,"broad_lhs",,"continuous_lhs",TRUE,FALSE,"completed","2026-08-05 02:17:25.976200 +0200","2026-08-05 02:17:27.838574 +0200",1.862,10,,,TRUE,"completed",10,0.477149827035691,0.0668085044923866,0.0219764298193046,0.163718808301824,58.0054178619757,3.44805123291089,0.0218127283822673,0.0963280897920615,0.431789188854475,4,3,14,6,0.0142857142857143,5,18,2,25,0.285714285714286,0.1,16.4431801022098,9.02663765939047,16.4364222720896,19.4544534758881,40.8201781913934,13.4606630470917,7,20,0,1,1,1
145,"sim_0145",15985705,20260730,"broad_lhs",,"continuous_lhs",TRUE,FALSE,"completed","2026-08-05 02:17:25.222299 +0200","2026-08-05 02:17:27.552012 +0200",2.33,10,,,TRUE,"completed",10,0.394768906855361,0.302705174615971,0.0211617833183394,0.31682004012664,98.880984857637,0.553847601383905,0.0127805272472533,0.115406456043711,0.124645136595027,4,2,14,1,0.0555555555555556,3,11,5,16,0.833333333333333,0.333333333333333,2.06378235807695,7.23855178946974,6.55829316817972,0.54901787213778,43.1919632110927,20.9070327437535,6,15,0,2,2,2
146,"sim_0146",16090434,20260730,"broad_lhs",,"continuous_lhs",TRUE,FALSE,"completed","2026-08-05 02:17:25.074683 +0200","2026-08-05 02:17:27.074481 +0200",2,10,,,TRUE,"completed",10,0.104982980207437,0.297795047730946,0.0250536360422859,0.183031485267521,69.8022276161239,1.39865690775921,0.0110363826689575,0.0725221946567116,0.595452901159982,1,1,3,6,0,2,9,1,11,0,0,1.57410545465868,9.15232928800389,0,19.5969058161464,7.15014306231581,0,2,9,0,0,0,0
147,"sim_0147",16195163,20260730,"broad_lhs",,"continuous_lhs",TRUE,FALSE,"completed","2026-08-05 02:17:24.904693 +0200","2026-08-05 02:17:27.887094 +0200",2.982,10,,,TRUE,"completed",10,0.427778818808993,0.194057335160172,0.029628959086676,0.385169073599151,85.1878536813168,11.055523211211,0.0556184650862263,0.193114948546216,0.453889527202684,15,2,30,3,0.0730837789661319,4,16,13,25,2.41176470588235,1.24242424242424,3.25769714173945,9.71225249391978,32.9162550533009,1.7109525009089,74.888331809222,55.2129524745175,17,33,1,4.63333333333333,7,7
148,"sim_0148",16299892,20260730,"broad_lhs",,"continuous_lhs",TRUE,FALSE,"completed","2026-08-05 02:17:25.169754 +0200","2026-08-05 02:17:27.960675 +0200",2.79,10,,,TRUE,"completed",10,0.284264716537548,0.0657640219319319,0.0681098056473291,0.0522106771650917,81.7830729393702,1.45243781388563,0.0112310362494599,0.196935543639896,0.10828768827562,16,9,25,24,0.0440816326530612,6,22,16,34,2.16,1.10204081632653,22.3518077604153,13.6804631063161,61.0200255528466,105.623457798356,40.7699576334546,92.2778315248921,25,49,1,4,5.92333333333333,6
149,"sim_0149",16404621,20260730,"broad_lhs",,"continuous_lhs",TRUE,FALSE,"completed","2026-08-05 02:17:26.217694 +0200","2026-08-05 02:17:29.180872 +0200",2.963,10,,,TRUE,"completed",10,0.119123329880809,0.305921494050103,0.121056331512609,0.47520826465172,53.7761081502669,0.830827301969836,0.0496800103423588,0.198959583705162,0.813635482970025,5,1,15,4,0.0701754385964912,2,13,4,18,1.33333333333333,0.421052631578947,0.472191062197879,14.8502232712886,8.69570886653291,6.92548063907886,56.8295633565448,0,6,19,0,2,3,3
150,"sim_0150",16509350,20260730,"broad_lhs",,"continuous_lhs",TRUE,FALSE,"completed","2026-08-05 02:17:26.243788 +0200","2026-08-05 02:17:29.955890 +0200",3.712,10,,,TRUE,"completed",10,0.162060487882211,0.0812217888444219,0.117248543273712,0.262565608142661,77.4747259574425,7.48294337492175,0.0188975058962346,0.0724931514233402,0.0880598565241197,26,6,35,17,0.0631009615384615,11,24,29,40,3.28125,2.01923076923077,12.5307330575314,66.5801209236735,92.0150219400966,60.3513654060978,151.026629727567,55.6164061371417,32,52,1,9,10,10
151,"sim_0151",16614079,20260730,"broad_lhs",,"continuous_lhs",TRUE,FALSE,"completed","2026-08-05 02:17:25.027355 +0200","2026-08-05 02:17:27.447596 +0200",2.42,10,,,TRUE,"completed",10,0.164560317401927,0.215590745977786,0.0497047254750401,0.0766453322886516,65.5656845012059,2.50679082568388,0.0176795697107918,0.199204473688086,0.163397541242415,5,3,5,12,0.0294117647058824,5,14,3,21,0.5,0.235294117647059,9.40578542798265,12.9837161324231,11.1382428183353,48.3031006367905,21.3542780556969,0,8,17,0,1.13333333333334,2,2
152,"sim_0152",16718808,20260730,"broad_lhs",,"continuous_lhs",TRUE,FALSE,"completed","2026-08-05 02:17:27.665866 +0200","2026-08-05 02:17:29.704688 +0200",2.039,10,,,TRUE,"completed",10,0.292900253303253,0.174555770008314,0.0241521437274181,0.0851338564484563,77.6944012727588,0.671094336946716,0.0101216705729068,0.192349429554306,0.529316103827991,1,2,8,9,0.0588235294117647,1,14,3,17,1,0.176470588235294,3.90416180382492,8.99979148759796,0,23.7309409597824,15.261013610487,20.1768887074204,3,17,0,1,2,2
153,"sim_0153",16823537,20260730,"broad_lhs",,"continuous_lhs",TRUE,FALSE,"completed","2026-08-05 02:17:26.370944 +0200","2026-08-05 02:17:28.900518 +0200",2.53,10,,,TRUE,"completed",10,0.236255848866724,0.380703368892245,0.0539375144376679,0.0535594427427307,67.8333821695091,7.4103122596375,0.0624406355024917,0.212941110189681,0.221959087258607,3,1,1,10,0,4,11,1,15,0,0,2.99892636520202,5.47769057920172,3.58391807064011,26.2023876533516,8.07271730786214,0,4,11,0,0,0,0
154,"sim_0154",16928266,20260730,"broad_lhs",,"continuous_lhs",TRUE,FALSE,"completed","2026-08-05 02:17:26.012664 +0200","2026-08-05 02:17:28.258898 +0200",2.246,10,,,TRUE,"completed",10,0.354617498980544,0.19188085257583,0.0336228709836163,0.260914560392456,72.2612029820474,6.57690026204385,0.0115846213873902,0.052151378404556,0.742024684574616,6,3,15,9,0.0509259259259259,6,17,8,25,1.22222222222222,0.458333333333333,8.39689265431441,13.8415589857863,13.4737557234797,18.536095948322,54.5474878552753,11.5707280052126,9,24,0,2,5,5
155,"sim_0155",17032995,20260730,"broad_lhs",,"continuous_lhs",TRUE,FALSE,"completed","2026-08-05 02:17:25.801055 +0200","2026-08-05 02:17:27.933757 +0200",2.133,10,,,TRUE,"completed",10,0.120773598977966,0.121820114461136,0.0231359314704602,0.462006628257484,84.6252059935075,4.30455223688069,0.0136879157423107,0.210761515570468,0.503191376110165,3,0,13,3,0,3,16,1,19,0,0,0,16.6043017747857,0,3.31243679468745,66.9757934336284,0,3,16,0,0,0,0
156,"sim_0156",17137724,20260730,"broad_lhs",,"continuous_lhs",TRUE,FALSE,"completed","2026-08-05 02:17:26.473969 +0200","2026-08-05 02:17:32.850575 +0200",6.376,10,,,TRUE,"completed",10,0.424488310451599,0.0861922061301687,0.0224479510859273,0.168123303986492,103.572760900586,21.108022508935,0.0215080269594905,0.164333772406551,0.674701789797461,96,3,124,3,0.410085102998489,11,20,191,34,52.0808080808081,40.5984251968504,7.05872407912062,17.2981681618002,195.318439849795,22.1923888762212,73.7521491522513,230.089843816877,99,127,57.5,72,82,82
157,"sim_0157",17242453,20260730,"broad_lhs",,"continuous_lhs",TRUE,FALSE,"completed","2026-08-05 02:17:27.173672 +0200","2026-08-05 02:17:28.847447 +0200",1.674,10,,,TRUE,"completed",10,0.17367937810201,0.0802725989066775,0.0177177674436833,0.455653598534027,59.1916416579651,0.945747296067268,0.00867159821221404,0.0581196472116022,0.40943220439064,3,1,9,1,0.05,2,8,2,12,0.5,0.2,0.460628313929041,10.8776255605993,0,0.19371863929036,47.846908773185,2.53228825898115,4,10,0,1,1,1
158,"sim_0158",17347182,20260730,"broad_lhs",,"continuous_lhs",TRUE,FALSE,"completed","2026-08-05 02:17:27.343520 +0200","2026-08-05 02:17:31.196308 +0200",3.853,10,,,TRUE,"completed",10,0.0684046229966618,0.236812998084112,0.0607122136540925,0.290299684485538,107.99524786878,0.698545384883233,0.0137774279429867,0.0479804105025768,0.208976576430165,11,5,17,19,0.03125,7,22,7,35,1.125,0.5,14.3990318890979,39.3062958488363,1.68017660675695,19.2675464523775,68.7893503979583,6.50351677931051,16,36,0,2,3,3
159,"sim_0159",17451911,20260730,"broad_lhs",,"continuous_lhs",TRUE,FALSE,"completed","2026-08-05 02:17:29.329034 +0200","2026-08-05 02:17:33.472061 +0200",4.143,10,,,TRUE,"completed",10,0.174675167637861,0.190600286688566,0.0949643121162422,0.391678887004604,95.5197509305138,0.824785379360855,0.0432831989119291,0.077664214490085,0.258908315431582,22,4,35,12,0.0630114566284779,6,23,20,36,2.96153846153846,1.63829787234043,2.84566350721894,45.9937826800904,36.5682091589356,10.7588294578049,98.2402135015363,33.3982319401896,26,47,1,6,7.93333333333334,8
160,"sim_0160",17556640,20260730,"broad_lhs",,"continuous_lhs",TRUE,FALSE,"completed","2026-08-05 02:17:33.270486 +0200","2026-08-05 02:17:36.733293 +0200",3.462,10,,,TRUE,"completed",10,0.508652095722039,0.240692294009738,0.127677333240593,0.416548199687336,71.8122322275821,1.46292638339068,0.0158266341406343,0.0619185099022515,0.477628397506983,13,2,24,11,0.0914285714285714,1,12,12,19,3.2,1.37142857142857,3.04327345793857,30.7875233155685,29.8822564022532,18.1741765452791,86.8394004177484,35.9742595113737,15,35,1.5,4.63333333333333,7,7
161,"sim_0161",17661369,20260730,"broad_lhs",,"continuous_lhs",TRUE,FALSE,"completed","2026-08-05 02:17:46.735606 +0200","2026-08-05 02:17:48.969326 +0200",2.234,10,,,TRUE,"completed",10,0.142851607360997,0.0512705373029177,0.0737643574103378,0.474367688661904,56.0376272541367,4.91583102356574,0.0119503112241614,0.195531722237744,0.402448415742041,7,1,20,6,0.0192307692307692,5,22,3,30,0.5,0.153846153846154,1.76071504843788,36.0783865271396,0,19.612668752787,80.2540297188604,35.1253418159263,8,26,0,1,2,2
162,"sim_0162",17766098,20260730,"broad_lhs",,"continuous_lhs",TRUE,FALSE,"completed","2026-08-05 02:17:45.460143 +0200","2026-08-05 02:17:52.804239 +0200",7.344,10,,,TRUE,"completed",10,0.148813174025521,0.0488835092681907,0.108317098802253,0.291479619420352,104.800497374725,14.919358478244,0.014362274387621,0.145918435465363,0.519345004314697,70,7,108,26,0.224268269044388,0,4,207,5,30.0519480519481,17.2686567164179,15.5313637995318,37.7399947267035,283.702837253579,61.1054247352265,217.043386516296,340.179947726105,77,134,22,52,61.5533333333333,64
163,"sim_0163",17870827,20260730,"broad_lhs",,"continuous_lhs",TRUE,FALSE,"completed","2026-08-05 02:17:47.096389 +0200","2026-08-05 02:17:50.054545 +0200",2.958,10,,,TRUE,"completed",10,0.325264818797778,0.357846828721512,0.0594689715560312,0.310197271332141,67.9698786526711,2.53655401602804,0.0107305300747471,0.0609189459381418,0.143526931165963,9,1,10,9,0.0315789473684211,6,16,4,24,0.6,0.315789473684211,2.08454687825059,5.31843005760442,8.86245041459562,17.5165718126741,22.0540678307312,4.3082658478288,10,19,0,2,2,2
164,"sim_0164",17975556,20260730,"broad_lhs",,"continuous_lhs",TRUE,FALSE,"completed","2026-08-05 02:17:45.446319 +0200","2026-08-05 02:17:48.066313 +0200",2.62,10,,,TRUE,"completed",10,0.125334144336356,0.260024661987746,0.0748670763275688,0.0737809494336879,61.8768833587774,0.835841174629868,0.00941313107352927,0.0665731973501129,0.145936866762919,3,3,6,16,0.0303030303030303,4,18,3,24,0.666666666666667,0.181818181818182,2.26534376781938,15.7839019868662,0,41.4074163879146,37.5654205526899,0,6,22,0,1,2,2
165,"sim_0165",18080285,20260730,"broad_lhs",,"continuous_lhs",TRUE,FALSE,"completed","2026-08-05 02:17:49.469145 +0200","2026-08-05 02:17:52.776017 +0200",3.307,10,,,TRUE,"completed",10,0.405444665007053,0.174488379778099,0.0480581052671273,0.0787968967148474,78.345007026092,9.79940634742785,0.020963209862555,0.13038807694341,0.0725788184571445,17,3,22,17,0.0551282051282051,6,23,15,32,2.15,1.1025641025641,8.60911280093301,8.71821973962935,67.1346883401592,48.3535780299259,8.72174334428185,72.7063700097422,20,39,1,4,7,7
166,"sim_0166",18185014,20260730,"broad_lhs",,"continuous_lhs",TRUE,FALSE,"completed","2026-08-05 02:17:48.417762 +0200","2026-08-05 02:17:51.445003 +0200",3.027,10,,,TRUE,"completed",10,0.182855476843737,0.075438550782265,0.053625294823202,0.0890643199035435,88.6652714354297,13.8259569395258,0.0146205810119684,0.191032898758745,0.368266212957218,32,3,30,28,0.045320197044335,9,28,40,43,2.62857142857143,1.58620689655172,13.7355742425564,9.74576944780072,117.614611818546,111.27135408881,74.0101481983122,70.8646222780349,35,58,2,4,9,9
167,"sim_0167",18289743,20260730,"broad_lhs",,"continuous_lhs",TRUE,FALSE,"completed","2026-08-05 02:17:48.583675 +0200","2026-08-05 02:17:52.770551 +0200",4.187,10,,,TRUE,"completed",10,0.122766413753768,0.0558958970236761,0.0895385977611436,0.0595032796492525,109.499382803527,4.67126631421969,0.0825708193211673,0.108337197067966,0.419489899037842,36,24,52,33,0.0545098039215686,6,25,109,33,4.63333333333333,3.27058823529412,73.0156739404311,15.125592599744,148.102026803897,171.780696650464,117.998034974712,183.541981989098,60,85,3,9,14.8533333333332,18
168,"sim_0168",18394472,20260730,"broad_lhs",,"continuous_lhs",TRUE,FALSE,"completed","2026-08-05 02:17:48.522869 +0200","2026-08-05 02:17:50.583269 +0200",2.06,10,,,TRUE,"completed",10,0.0812015053918496,0.0439308233961723,0.016524081124575,0.0970992435271132,99.6075303807027,4.69447307846124,0.0531500672561224,0.0754149400390452,0.421216601080184,9,5,22,9,0.0299539170506912,5,22,7,32,0.928571428571429,0.419354838709677,12.6412502613544,16.1095228695031,23.5225134443814,35.402253422732,47.2255088068068,65.7042231284785,14,31,0,2,3,3
169,"sim_0169",18499201,20260730,"broad_lhs",,"continuous_lhs",TRUE,FALSE,"completed","2026-08-05 02:17:48.573303 +0200","2026-08-05 02:17:50.671288 +0200",2.098,10,,,TRUE,"completed",10,0.0650381623853292,0.274159791173688,0.0249010990562136,0.0661577610796369,84.5034946486354,12.2123963161862,0.0139124688758523,0.194486100541868,0.617073106009652,0,0,4,8,,,12,,,,0,0,0,0,35.1044100345624,8.06096922947655,2.97957496259976,0,12,0,0,0,0
170,"sim_0170",18603930,20260730,"broad_lhs",,"continuous_lhs",TRUE,FALSE,"completed","2026-08-05 02:17:48.493463 +0200","2026-08-05 02:17:53.736526 +0200",5.243,10,,,TRUE,"completed",10,0.201109616899044,0.346803195435423,0.0838499924068538,0.0948739346562835,105.758978802235,8.26050736973263,0.0218380700994438,0.0895730744161281,0.139142871937358,12,3,27,16,0.0372093023255814,7,30,14,40,1.6,0.558139534883721,6.07539645260076,37.138599867545,14.3441857168961,31.0809369712292,32.1687010838779,44.4489961489244,15,43,0,3,4,4
171,"sim_0171",18708659,20260730,"broad_lhs",,"continuous_lhs",TRUE,FALSE,"completed","2026-08-05 02:17:49.877165 +0200","2026-08-05 02:17:53.800556 +0200",3.923,10,,,TRUE,"completed",10,0.318882286288169,0.0458942084326613,0.074053483989215,0.237682337633864,99.8532102196995,3.05211767667603,0.0538885826536265,0.0735513585525849,0.372815090732022,35,7,60,14,0.0466537966537967,7,21,56,35,3.45238095238095,1.95945945945946,21.9607253169818,47.4492516185759,121.752365095575,48.2146388022008,148.780752765938,211.747328262843,42,74,2,7,9.50333333333333,10
172,"sim_0172",18813388,20260730,"broad_lhs",,"continuous_lhs",TRUE,FALSE,"completed","2026-08-05 02:17:48.459676 +0200","2026-08-05 02:17:50.590488 +0200",2.13,10,,,TRUE,"completed",10,0.412298416903156,0.105769446952821,0.0288373850113104,0.0744575874861651,69.101168090788,0.797434156311942,0.0721885369444267,0.0383195254985347,0.330957792026987,13,2,19,8,0.091358024691358,2,15,13,21,2.46666666666667,1.37037037037037,3.6768615099527,5.31665818431416,32.8991399974461,24.5210902009093,37.6524377086301,46.2465012414505,15,27,1,4.43333333333333,5,5
173,"sim_0173",18918117,20260730,"broad_lhs",,"continuous_lhs",TRUE,FALSE,"completed","2026-08-05 02:17:48.809525 +0200","2026-08-05 02:17:51.061856 +0200",2.252,10,,,TRUE,"completed",10,0.0717180184308223,0.319280262155272,0.0370618451192307,0.13226419279546,72.3784590918985,1.04470999377943,0.0908120602398128,0.148222131373024,0.116828753347678,0,3,2,10,0,3,12,1,15,0,0,5.96267424075669,0,0,12.0010845399809,0,1.64473214456349,3,12,0,0,0,0
174,"sim_0174",19022846,20260730,"broad_lhs",,"continuous_lhs",TRUE,FALSE,"completed","2026-08-05 02:17:48.145624 +0200","2026-08-05 02:17:51.121025 +0200",2.976,10,,,TRUE,"completed",10,0.0899811309697287,0.0583896752928489,0.127303400704659,0.359062424017882,64.5271742296509,1.91582518407003,0.0448726589307849,0.162791500946623,0.649893733887069,18,5,30,8,0.0503432494279176,5,16,11,28,1.91304347826087,1.15789473684211,18.7799790593015,45.8275668677711,34.1494060916931,18.6037828516622,156.857697487329,32.3150946309283,23,38,1,3,5,5
175,"sim_0175",19127575,20260730,"broad_lhs",,"continuous_lhs",TRUE,FALSE,"completed","2026-08-05 02:17:48.634603 +0200","2026-08-05 02:17:50.536465 +0200",1.902,10,,,TRUE,"completed",10,0.118606341246573,0.0542482284833,0.016783001835849,0.0612339100233444,73.7526939101517,4.58382263919281,0.020029799104618,0.172414503303913,0.665625724334438,8,0,12,13,0.09,1,18,11,21,2.25,0.72,0,2.83163407049203,26.613304643156,54.2611126546725,26.6818637991454,25.8918924075403,8,25,0,4,4,4
176,"sim_0176",19232304,20260730,"broad_lhs",,"continuous_lhs",TRUE,FALSE,"completed","2026-08-05 02:17:48.768527 +0200","2026-08-05 02:17:50.417094 +0200",1.649,10,,,TRUE,"completed",10,0.261802653461214,0.088349737516568,0.0142034935406093,0.418291657541889,54.8826970019481,11.3815502304138,0.013410254240454,0.198717478075091,0.718576224005462,1,1,10,1,0,2,11,1,13,0,0,3.18539126987534,1.72802451148445,0,1.99818711040164,15.0932309461725,39.5518504520158,2,11,0,0,0,0
177,"sim_0177",19337033,20260730,"broad_lhs",,"continuous_lhs",TRUE,FALSE,"completed","2026-08-05 02:17:48.463309 +0200","2026-08-05 02:17:50.751320 +0200",2.288,10,,,TRUE,"completed",10,0.186636511764939,0.0640324180329124,0.0315228087112312,0.221683705377074,65.718914630471,7.35575507712998,0.0692978270109679,0.16085182549212,0.91850412520599,19,6,30,4,0.117647058823529,9,15,33,26,4,2.94117647058824,27.9825165519888,8.51029971739872,53.3217999927009,14.121652710112,77.7686954009014,56.1698791414517,25,34,1,9.73333333333333,12,12
178,"sim_0178",19441762,20260730,"broad_lhs",,"continuous_lhs",TRUE,FALSE,"completed","2026-08-05 02:17:48.601299 +0200","2026-08-05 02:17:53.938145 +0200",5.337,10,,,TRUE,"completed",10,0.0606791163910679,0.107028324738704,0.10483265656421,0.347112373721728,99.455287320291,5.85982282925984,0.0895615438034715,0.205681499664594,0.543910002569288,35,5,56,16,0.0829861111111111,7,20,54,31,5.975,3.31944444444444,4.64391468819354,45.3232628724283,115.871567325969,48.1822073360579,193.030575944985,150.359772694472,40,72,2,13,17.5433333333333,18
179,"sim_0179",19546491,20260730,"broad_lhs",,"continuous_lhs",TRUE,FALSE,"completed","2026-08-05 02:17:50.430887 +0200","2026-08-05 02:17:52.589422 +0200",2.158,10,,,TRUE,"completed",10,0.0867186780990105,0.0531524790407326,0.01668374785264,0.224022220710665,83.4542037122779,10.4862273347912,0.0187418737011779,0.0398508165483751,0.185908021943274,2,2,11,11,0.0568181818181818,0,17,3,21,1.25,0.227272727272727,5.97155994253202,13.1927930898841,0,38.2511329116178,52.1458438080368,7.40697220822752,4,22,0,1,2,2
180,"sim_0180",19651220,20260730,"broad_lhs",,"continuous_lhs",TRUE,FALSE,"completed","2026-08-05 02:17:49.523696 +0200","2026-08-05 02:17:52.663201 +0200",3.14,10,,,TRUE,"completed",10,0.372175373447599,0.235569432405668,0.0328486192419654,0.336406949756828,94.0319252808268,6.94646423651062,0.011321068602763,0.123839937703645,0.205445660152611,10,3,22,11,0.0256410256410256,7,24,5,35,0.846153846153846,0.333333333333333,3.61121681955805,16.2028042480383,9.93078220595215,16.6153790835265,60.8017860230644,23.099310590437,13,33,0,2,4,4
181,"sim_0181",19755949,20260730,"broad_lhs",,"continuous_lhs",TRUE,FALSE,"completed","2026-08-05 02:17:49.807265 +0200","2026-08-05 02:17:54.679636 +0200",4.872,10,,,TRUE,"completed",10,0.264867926652588,0.114902372307156,0.0557239311836779,0.0585390069705289,97.9758610108246,0.907066929182942,0.0430658774918753,0.0507005983492773,0.826874077220803,62,0,61,18,0.144140465496121,2,25,105,30,11.3870967741935,8.93670886075949,0,26.271557738612,186.702982815382,91.1898015424287,55.2711882400454,167.243922851903,62,79,9,23,26.52,31
182,"sim_0182",19860678,20260730,"broad_lhs",,"continuous_lhs",TRUE,FALSE,"completed","2026-08-05 02:17:49.991922 +0200","2026-08-05 02:17:53.836686 +0200",3.845,10,,,TRUE,"completed",10,0.0768840218874775,0.090910043658761,0.0754496821758747,0.047335672697289,101.092481847563,1.41348785014378,0.011397072177619,0.170941951790139,0.336304280731239,25,13,34,25,0.056199821587868,7,21,52,33,3.31578947368421,2.13559322033898,40.5047936577339,29.0304133887459,82.7784106043442,127.460253162192,90.6027297035247,92.246990719018,38,59,2,8.93333333333334,10,10
183,"sim_0183",19965407,20260730,"broad_lhs",,"continuous_lhs",TRUE,FALSE,"completed","2026-08-05 02:17:49.545312 +0200","2026-08-05 02:17:52.324776 +0200",2.78,10,,,TRUE,"completed",10,0.0884389898682688,0.294623059119069,0.054328348526322,0.272632326722999,72.469872409809,5.19153562911944,0.102748917939758,0.149079896515533,0.405431613656257,4,1,10,10,0.05,2,16,5,20,1,0.25,0.21810129235384,8.43954048628235,0.274273967579481,22.6133452784839,18.5121130808452,10.0121418517503,5,20,0,2,2,2
184,"sim_0184",20070136,20260730,"broad_lhs",,"continuous_lhs",TRUE,FALSE,"completed","2026-08-05 02:17:49.755413 +0200","2026-08-05 02:17:52.811007 +0200",3.056,10,,,TRUE,"completed",10,0.479848653336351,0.229886321699817,0.0317546254238716,0.103908629787678,96.5335271524472,1.64196699873646,0.0272153784098307,0.170390115068423,0.222510059828056,13,1,20,14,0.0609243697478992,2,23,11,29,2.07142857142857,0.852941176470588,0.227062961459181,2.45369640880291,30.9071956297266,35.2912413873298,21.8317712490661,53.3747741436427,14,34,0,4,4,4
185,"sim_0185",20174865,20260730,"broad_lhs",,"continuous_lhs",TRUE,FALSE,"completed","2026-08-05 02:17:49.152085 +0200","2026-08-05 02:17:52.924686 +0200",3.772,10,,,TRUE,"completed",10,0.100460438963708,0.165297161406523,0.0501277765028799,0.311514343623706,100.506700421042,1.56834544618105,0.0709941309076456,0.183935748240652,0.0927856042664674,10,4,21,15,0.0496031746031746,6,19,13,28,1.78571428571429,0.694444444444444,1.95809258681072,19.0074329596855,13.896129039169,21.0792201611749,107.285992772265,0,14,36,0.499999999999996,3,6,6
186,"sim_0186",20279594,20260730,"broad_lhs",,"continuous_lhs",TRUE,FALSE,"completed","2026-08-05 02:17:49.702272 +0200","2026-08-05 02:17:52.369951 +0200",2.667,10,,,TRUE,"completed",10,0.47048260087524,0.188732627782946,0.100751654856372,0.0760008936557906,50.2867979427386,0.581775976467355,0.0141502661005736,0.166790959620978,0.594208337827603,4,5,4,10,0.0476190476190476,5,11,5,18,0.666666666666667,0.428571428571429,8.90619699064401,8.97777257426258,7.33971029424555,21.8930075185612,22.3128559842311,0,9,14,0,2,3,3
187,"sim_0187",20384323,20260730,"broad_lhs",,"continuous_lhs",TRUE,FALSE,"completed","2026-08-05 02:17:49.760007 +0200","2026-08-05 02:18:04.364575 +0200",14.604,10,,,TRUE,"completed",10,0.585174603695266,0.198588514113627,0.0555017349331238,0.401581791615789,99.7759435072748,3.30809112539766,0.0328809597194554,0.0827821080996526,0.520647487519302,179,0,187,0,0.624712454814328,0,12,354,13,116.821229050279,111.823529411765,0,0,433.347062265046,0,92.5964548782852,470.899179777437,179,187,120,150,166.003333333333,168
188,"sim_0188",20489052,20260730,"broad_lhs",,"continuous_lhs",TRUE,FALSE,"completed","2026-08-05 02:17:49.737677 +0200","2026-08-05 02:17:52.458148 +0200",2.72,10,,,TRUE,"completed",10,0.0710467042544119,0.395197054706343,0.034533265908198,0.0929957783512997,92.94623394683,0.469307492936726,0.0388443183497887,0.0423073754723494,0.282546347744647,5,3,2,11,0.0480769230769231,5,11,5,17,0.625,0.384615384615385,4.73868606431435,3.2781479776983,27.7732396038759,22.347367665293,10.2270731570117,0,8,13,0,2,3,3
189,"sim_0189",20593781,20260730,"broad_lhs",,"continuous_lhs",TRUE,FALSE,"completed","2026-08-05 02:17:50.271260 +0200","2026-08-05 02:17:54.414577 +0200",4.144,10,,,TRUE,"completed",10,0.0705835447718095,0.370048589195305,0.0599198241607023,0.276529056847174,100.782454860335,19.7879095138458,0.0126831690344406,0.0769026547331466,0.245453437134573,8,4,14,12,0.0256410256410256,8,19,5,30,0.666666666666667,0.307692307692308,8.66420784441677,10.5654110822596,14.8465070853919,8.01313009195521,69.7956797658905,0,12,26,0,1,3,3
190,"sim_0190",20698510,20260730,"broad_lhs",,"continuous_lhs",TRUE,FALSE,"completed","2026-08-05 02:17:51.570537 +0200","2026-08-05 02:17:55.214776 +0200",3.645,10,,,TRUE,"completed",10,0.232091384964645,0.0659790073954716,0.0887224143672824,0.429436604730477,82.3944078952695,0.464882260266583,0.032396292024827,0.222131093549866,0.104757696715754,32,5,40,9,0.0237175951461666,17,24,9,52,1.16216216216216,0.877551020408163,2.50599133927892,86.3156729051689,85.5281732737848,13.2005861388833,189.607904133349,74.4142165988195,37,49,1,3,4,4
191,"sim_0191",20803239,20260730,"broad_lhs",,"continuous_lhs",TRUE,FALSE,"completed","2026-08-05 02:17:51.427811 +0200","2026-08-05 02:17:53.760969 +0200",2.333,10,,,TRUE,"completed",10,0.0850355376821214,0.247426953237293,0.0465550672217994,0.368022387138528,62.2470468622736,15.5434974079592,0.00923723752702711,0.070446471356748,0.4418227319515,1,3,6,7,0.0384615384615385,2,11,2,15,0.5,0.153846153846154,4.2203969604681,7.62803479053892,0,12.7693267586967,27.0710712801503,0,4,13,0,1,1,1
192,"sim_0192",20907968,20260730,"broad_lhs",,"continuous_lhs",TRUE,FALSE,"completed","2026-08-05 02:17:50.595204 +0200","2026-08-05 02:17:52.780118 +0200",2.185,10,,,TRUE,"completed",10,0.058273496336121,0.048387721965193,0.0813714295564614,0.0896587161958739,60.7755560079796,2.36705848510214,0.0204669447757748,0.140950019742272,0.113121037790119,2,7,13,21,0.0196078431372549,4,29,3,37,0.666666666666667,0.176470588235294,24.6623274994273,0,5.9860818384696,108.060130755409,69.9712995535854,10.6481844538468,9,34,0,1,2,2
193,"sim_0193",21012697,20260730,"broad_lhs",,"continuous_lhs",TRUE,FALSE,"completed","2026-08-05 02:17:50.172465 +0200","2026-08-05 02:17:56.983898 +0200",6.811,10,,,TRUE,"completed",10,0.522353590516055,0.0701415402601341,0.0945078138763118,0.259986543495767,93.8870329295389,9.00458970325967,0.0796608221660237,0.157440630218609,0.169417322596216,91,3,128,13,0.268975403651728,8,12,210,22,37.9255319148936,25.2836879432624,1.66338081288101,17.3625399800132,290.518734679291,20.4815016659124,162.686080925948,332.133664048478,94,141,31,60,64,65
194,"sim_0194",21117426,20260730,"broad_lhs",,"continuous_lhs",TRUE,FALSE,"completed","2026-08-05 02:17:50.931897 +0200","2026-08-05 02:17:53.499580 +0200",2.568,10,,,TRUE,"completed",10,0.262445468707272,0.271900041356236,0.0241775249870499,0.531335792183661,86.0325261635292,10.973720625222,0.0483159896597282,0.0875761426606914,0.877136189745128,8,0,15,1,0.0625,2,10,6,16,1,0.5,0,7.19087690056045,18.417975860193,1.58485653760156,23.4783063785213,38.5960451397171,8,16,0.500000000000002,2,3,3
195,"sim_0195",21222155,20260730,"broad_lhs",,"continuous_lhs",TRUE,FALSE,"completed","2026-08-05 02:17:51.543578 +0200","2026-08-05 02:17:57.952293 +0200",6.409,10,,,TRUE,"completed",10,0.465184457025594,0.270689748587455,0.0810573773628319,0.524589929476862,97.9236935304064,0.654809452402306,0.0398804425129465,0.174580730378705,0.387421784648638,27,2,50,7,0.0925589836660617,4,24,47,32,5.27586206896552,2.68421052631579,2.92537253542859,10.6468869880845,83.1386125083904,8.29911307577847,117.73098790306,80.5530554898832,29,57,2,11,13.6066666666667,14
196,"sim_0196",21326884,20260730,"broad_lhs",,"continuous_lhs",TRUE,FALSE,"completed","2026-08-05 02:17:52.868603 +0200","2026-08-05 02:17:54.905442 +0200",2.037,10,,,TRUE,"completed",10,0.0746900963939807,0.10641092781123,0.038935204587452,0.0452192213707789,65.6779103085606,8.45663879457605,0.0113871876360055,0.0790749885007972,0.565719158146016,9,2,11,6,0.117647058823529,2,8,13,12,2,1.29411764705882,3.55038154171276,0,23.805677538039,24.1238426038495,25.2348951234126,19.65705876198,11,17,1,4,6,6
197,"sim_0197",21431613,20260730,"broad_lhs",,"continuous_lhs",TRUE,FALSE,"completed","2026-08-05 02:17:54.682216 +0200","2026-08-05 02:17:56.403030 +0200",1.721,10,,,TRUE,"completed",10,0.161078007641628,0.268133277839213,0.0282196753955133,0.0472023899144898,65.9294631203636,0.640477991312461,0.0782108201098139,0.103377607632752,0.337987483527741,0,3,3,9,0.0555555555555556,1,10,2,13,0.666666666666667,0.166666666666667,3.50073278121244,0,0,24.785234380522,20.9920204874211,0,3,12,0,1,1,1
198,"sim_0198",21536342,20260730,"broad_lhs",,"continuous_lhs",TRUE,FALSE,"completed","2026-08-05 02:17:54.807338 +0200","2026-08-05 02:17:56.466806 +0200",1.66,10,,,TRUE,"completed",10,0.462245783577783,0.0710440192613383,0.0270008427034807,0.246066913343411,55.0394121004889,1.86721864286322,0.0843265573901588,0.208590426296319,0.240080014304454,1,1,14,3,0.0294117647058824,1,16,2,18,0.5,0.0588235294117647,1.65763149045593,7.85817899126379,0,13.2804199974997,55.3194921237842,13.3619282392897,2,17,0,0.733333333333334,1,1
199,"sim_0199",21641071,20260730,"broad_lhs",,"continuous_lhs",TRUE,FALSE,"completed","2026-08-05 02:17:55.605432 +0200","2026-08-05 02:17:57.545502 +0200",1.941,10,,,TRUE,"completed",10,0.132464750146179,0.0575367247922659,0.0198232537198907,0.198430497693841,99.0005015483747,0.758699655670088,0.0335476833621937,0.102879332500225,0.168036856679134,6,2,15,10,0.025,5,21,5,28,0.625,0.2,6.27098468704112,6.09023408527804,20.7240746858868,28.4045851615864,70.6516588707088,7.80216855865522,8,25,0,1.33333333333333,2,2
200,"sim_0200",21745800,20260730,"broad_lhs",,"continuous_lhs",TRUE,FALSE,"completed","2026-08-05 02:17:55.738157 +0200","2026-08-05 02:17:57.628428 +0200",1.891,10,,,TRUE,"completed",10,0.209382586500778,0.0731077983139483,0.0365605719468394,0.165835671556009,74.6861273539977,10.8988654420469,0.0740653507468182,0.200671505293447,0.0978439726140755,9,6,16,18,0.0686274509803922,3,19,9,26,2.33333333333333,1.02941176470588,20.4225368757615,25.8977739160082,12.2081089375768,55.4368066608769,64.2323746871545,19.295521516384,15,34,1,3.73333333333333,7,7
201,"sim_0201",21850529,20260730,"broad_lhs",,"continuous_lhs",TRUE,FALSE,"completed","2026-08-05 02:18:13.108548 +0200","2026-08-05 02:18:16.792569 +0200",3.684,10,,,TRUE,"completed",10,0.0857625509487245,0.0643986903088055,0.0977732804984524,0.213995689428916,87.1777668023482,20.0261751148976,0.0582939102537518,0.0440009225920464,0.638637197604081,34,13,57,30,0.0794815358278308,5,16,110,23,6.91489361702128,3.73563218390805,28.6628052705504,46.5746407879681,123.095490596213,94.1986008837723,206.257327117581,132.036200674878,47,87,4,11.2333333333333,24.3233333333333,25
202,"sim_0202",21955258,20260730,"broad_lhs",,"continuous_lhs",TRUE,FALSE,"completed","2026-08-05 02:18:12.688900 +0200","2026-08-05 02:18:14.264252 +0200",1.576,10,,,TRUE,"completed",10,0.265864002849059,0.192329469022486,0.0172212235809766,0.0516070993857262,59.7707533689216,0.575226069302615,0.0188274352567652,0.0587052325683827,0.536117739781673,0,1,3,8,,1,11,1,12,0,0,0.334873978216409,0,0,22.6722972933281,2.65199771123691,3.53301929334361,1,11,0,0,0,0
203,"sim_0203",22059987,20260730,"broad_lhs",,"continuous_lhs",TRUE,FALSE,"completed","2026-08-05 02:18:13.135631 +0200","2026-08-05 02:18:14.817594 +0200",1.682,10,,,TRUE,"completed",10,0.0779148453022999,0.101228583174324,0.0315711021879934,0.363066228946869,53.3845442133438,1.30845047059999,0.0180730719198903,0.173661335919169,0.324484488316248,3,1,5,3,0.0625,3,6,3,10,0.5,0.25,2.7870240359306,10.9877061539837,0,10.0402276846582,39.0560437936024,0,4,8,0,1.43333333333333,2,2
204,"sim_0204",22164716,20260730,"broad_lhs",,"continuous_lhs",TRUE,FALSE,"completed","2026-08-05 02:18:12.959459 +0200","2026-08-05 02:18:15.087224 +0200",2.128,10,,,TRUE,"completed",10,0.31246524362906,0.11721716135841,0.0493116119321481,0.387273513478341,47.1987335395482,6.83467699750755,0.0107172537799679,0.120391237875835,0.236426803872302,6,2,10,4,0.0982142857142857,2,9,11,12,1.375,0.785714285714286,9.27464149875617,27.3197945146141,16.2496976081693,6.74782276343126,34.0595176601242,17.2482370290614,8,14,0.500000000000002,3,4,4
205,"sim_0205",22269445,20260730,"broad_lhs",,"continuous_lhs",TRUE,FALSE,"completed","2026-08-05 02:18:11.807181 +0200","2026-08-05 02:18:14.170210 +0200",2.363,10,,,TRUE,"completed",10,0.131617255098928,0.225557326600807,0.0797003136345484,0.117021580486059,56.6139332407465,1.88569583263896,0.0473061251793082,0.0534327802951965,0.205770264699545,3,1,6,10,0.078125,0,13,5,15,1.25,0.3125,2.90123808427131,0,12.2471186208176,25.4677407831211,25.3900356078457,11.7062188701071,4,16,0,2,2,2
206,"sim_0206",22374174,20260730,"broad_lhs",,"continuous_lhs",TRUE,FALSE,"completed","2026-08-05 02:18:11.807192 +0200","2026-08-05 02:18:14.096003 +0200",2.289,10,,,TRUE,"completed",10,0.181455215200604,0.0620610597426326,0.0192767293478536,0.0784213303905235,105.640434798019,0.703482652003598,0.0102674123204368,0.161840224372831,0.120926332128371,4,5,26,15,0.00542005420054201,8,39,3,48,0.222222222222222,0.0487804878048781,11.3147641447005,6.25698102928922,5.32138916696934,50.9238666195713,52.889426169641,80.1990525358782,9,41,0,0,2,2
207,"sim_0207",22478903,20260730,"broad_lhs",,"continuous_lhs",TRUE,FALSE,"completed","2026-08-05 02:18:11.906117 +0200","2026-08-05 02:18:13.609755 +0200",1.703,10,,,TRUE,"completed",10,0.230406976527486,0.112707856678054,0.0167412985194506,0.057020430994324,70.7354522763855,13.4236686370329,0.0407285668994064,0.0637477710310163,0.26879870811984,3,2,5,9,0.0714285714285714,3,9,5,14,1,0.357142857142857,8.47407220288708,22.1754812858242,0,29.6126370497612,20.2667901488018,1.88375790662018,5,14,0,1,4,4
208,"sim_0208",22583632,20260730,"broad_lhs",,"continuous_lhs",TRUE,FALSE,"completed","2026-08-05 02:18:12.017100 +0200","2026-08-05 02:18:13.894648 +0200",1.878,10,,,TRUE,"completed",10,0.0808212812551994,0.429602176771271,0.0149532123677419,0.448412356448083,86.7616867941701,2.10239120851158,0.0649207139582375,0.10769324036936,0.09953420620293,0,0,3,7,,,10,,,,0,0,0,0,9.48083892054386,14.7414199180907,0,0,10,0,0,0,0
209,"sim_0209",22688361,20260730,"broad_lhs",,"continuous_lhs",TRUE,FALSE,"completed","2026-08-05 02:18:11.855163 +0200","2026-08-05 02:18:13.331305 +0200",1.476,10,,,TRUE,"completed",10,0.111997938230736,0.0592487561604232,0.015235490870095,0.190448232692261,60.477994859943,0.668776310713868,0.0244590351709277,0.0489390871544472,0.0867781502558485,0,1,8,2,,1,10,1,11,0,0,1.2663006218681,0,0,4.57272110790155,50.708456389649,0,1,10,0,0,0,0
210,"sim_0210",22793090,20260730,"broad_lhs",,"continuous_lhs",TRUE,FALSE,"completed","2026-08-05 02:18:13.167597 +0200","2026-08-05 02:18:17.874316 +0200",4.707,10,,,TRUE,"completed",10,0.0728099113507096,0.194907486648365,0.0940393343119932,0.242637714795426,100.182641646245,0.453645380461154,0.0403351402054597,0.0237594794344235,0.0699016317657279,16,12,32,15,0.0265957446808511,8,23,10,42,1.25,0.74468085106383,9.86239890049366,33.7054335148937,18.8445588500305,29.5403722062922,169.432170087368,23.4771901614702,28,47,1,2.13333333333334,4.91333333333334,5
211,"sim_0211",22897819,20260730,"broad_lhs",,"continuous_lhs",TRUE,FALSE,"completed","2026-08-05 02:18:14.021909 +0200","2026-08-05 02:18:16.416381 +0200",2.395,10,,,TRUE,"completed",10,0.248793205276294,0.0593719552093474,0.126012987770655,0.109396951613885,59.8416773710607,4.64930512930704,0.0271777666330806,0.203792042441847,0.830360617218477,9,11,19,17,0.05,5,19,15,29,1.8,1,26.1581232535211,10.9572845052003,28.8662255852995,80.880457970941,88.3980790952783,34.2401095230424,20,36,1,3.03333333333333,7,7
212,"sim_0212",23002548,20260730,"broad_lhs",,"continuous_lhs",TRUE,FALSE,"completed","2026-08-05 02:18:12.944649 +0200","2026-08-05 02:18:14.895621 +0200",1.951,10,,,TRUE,"completed",10,0.389761067727367,0.177079776883519,0.0168399880099369,0.133035411880935,81.1158997342818,2.94563751937166,0.109913571901378,0.100820916507445,0.192519293448432,0,2,11,8,0,2,19,1,21,0,0,1.65414072491096,0,0,10.8707309254457,43.1171356118563,17.5991102033415,2,19,0,0,0,0
213,"sim_0213",23107277,20260730,"broad_lhs",,"continuous_lhs",TRUE,FALSE,"completed","2026-08-05 02:18:14.181060 +0200","2026-08-05 02:18:18.847615 +0200",4.666,10,,,TRUE,"completed",10,0.0636390844846468,0.0602373463337048,0.121907503963451,0.319371667616435,103.834744104329,0.750655106753435,0.0112764889552254,0.0909645476363625,0.188705838319188,36,8,58,13,0.0476952624839949,8,18,57,31,3.38636363636364,2.09859154929577,18.5266926444306,91.1594733079701,80.9707426813645,26.0924590798083,275.707631415667,83.0864220872587,44,71,2,6.13333333333334,9.51333333333334,10
214,"sim_0214",23212006,20260730,"broad_lhs",,"continuous_lhs",TRUE,FALSE,"completed","2026-08-05 02:18:16.345622 +0200","2026-08-05 02:18:18.310944 +0200",1.965,10,,,TRUE,"completed",10,0.078973449600625,0.152648753338509,0.0155397778474607,0.110267986653977,85.7072700150725,15.0758192893641,0.0587134104538164,0.18352669925112,0.187780418390171,0,2,9,6,0.0333333333333333,1,14,2,16,0.5,0.0666666666666667,8.76327858684903,0,0,20.6957613404117,26.1710352940901,16.703483460141,2,15,0,0.933333333333337,1,1
215,"sim_0215",23316735,20260730,"broad_lhs",,"continuous_lhs",TRUE,FALSE,"completed","2026-08-05 02:18:15.480098 +0200","2026-08-05 02:18:22.874663 +0200",7.395,10,,,TRUE,"completed",10,0.308625098775214,0.15287487582054,0.077429150322955,0.116107744763456,109.722802302469,5.71138674149244,0.0421981629707735,0.117404895656962,0.925082107343813,82,5,87,17,0.367816091954023,1,14,172,18,38.2528735632184,32,10.4465305076309,29.7383045966996,194.723860278836,89.4131605736544,129.170428822541,211.308452912589,87,104,37,63,76,76
216,"sim_0216",23421464,20260730,"broad_lhs",,"continuous_lhs",TRUE,FALSE,"completed","2026-08-05 02:18:14.579659 +0200","2026-08-05 02:18:18.716073 +0200",4.136,10,,,TRUE,"completed",10,0.112357399881897,0.0746446795503872,0.0400805457925828,0.196278675744964,87.8799468649965,5.33436443770872,0.0114527373753528,0.0981954716294099,0.881791590362606,49,1,64,6,0.232,1,14,93,19,16.24,11.6,3.46126300825179,15.2752638185659,156.441927002843,27.2123279381363,71.6339776217654,191.600403432714,50,70,11,27,32,32
217,"sim_0217",23526193,20260730,"broad_lhs",,"continuous_lhs",TRUE,FALSE,"completed","2026-08-05 02:18:14.715821 +0200","2026-08-05 02:18:16.979679 +0200",2.264,10,,,TRUE,"completed",10,0.121706456748076,0.0917292725973216,0.0627563270118631,0.37897542475012,55.5458189690693,1.6798466452569,0.0849940306083307,0.061566286478515,0.556978574354639,12,3,18,4,0.0545454545454545,10,10,10,22,1.2,0.818181818181818,2.14645518580505,17.7580750037083,49.6169633710145,12.4312527440405,79.6795478158961,21.5544202175308,15,22,0,3,5,5
218,"sim_0218",23630922,20260730,"broad_lhs",,"continuous_lhs",TRUE,FALSE,"completed","2026-08-05 02:18:14.240068 +0200","2026-08-05 02:18:16.216050 +0200",1.976,10,,,TRUE,"completed",10,0.286760826023916,0.285520136750371,0.0254361597985532,0.220826452710554,61.5310482944879,12.7467849102069,0.0291028190366788,0.165045959872401,0.153160820537233,2,0,5,3,0.0625,1,7,2,9,0.5,0.125,0,4.15414708807256,0,9.92708222065816,8.1084087276698,11.0066937172863,2,8,0,1,1,1
219,"sim_0219",23735651,20260730,"broad_lhs",,"continuous_lhs",TRUE,FALSE,"completed","2026-08-05 02:18:14.180400 +0200","2026-08-05 02:18:36.090064 +0200",21.91,10,,,TRUE,"completed",10,0.477560027824398,0.389556867300481,0.0875483272791499,0.322388139823822,105.583683151255,17.1357994560006,0.0142814471796707,0.132192503937921,0.68388421407031,124,2,132,4,0.688141923436041,1,4,257,6,93.5873015873016,86.7058823529412,2.55104102959317,17.0178594960643,275.69790671584,3.92154635401893,44.3080253255984,297.068767052905,126,136,105,112,113,118
220,"sim_0220",23840380,20260730,"broad_lhs",,"continuous_lhs",TRUE,FALSE,"completed","2026-08-05 02:18:14.331182 +0200","2026-08-05 02:18:17.878066 +0200",3.547,10,,,TRUE,"completed",10,0.150988097564033,0.0794964884324,0.120475490058506,0.0556649177049558,85.4754850621439,1.10707750567989,0.00786415426651271,0.046596094420529,0.461870364366304,25,10,25,30,0.0368831168831169,9,16,26,33,2.02857142857143,1.29090909090909,24.5877097571138,38.2657168593279,108.895931614023,151.391684329152,75.3171881329736,84.7917170846612,35,55,1,3,6.76333333333334,7
221,"sim_0221",23945109,20260730,"broad_lhs",,"continuous_lhs",TRUE,FALSE,"completed","2026-08-05 02:18:15.408012 +0200","2026-08-05 02:18:18.973906 +0200",3.566,10,,,TRUE,"completed",10,0.233775564177667,0.126288157879591,0.129126845026445,0.126600394127658,76.0889887991258,1.28100774774883,0.0287007391458124,0.124212075527628,0.348440062620694,18,11,24,17,0.0437342304457527,8,16,21,32,1.79310344827586,1.26829268292683,35.3723392341625,31.4821042516368,55.5855293788793,71.552924242971,116.97987819801,31.443707819393,29,41,1,4,6,6
222,"sim_0222",24049838,20260730,"broad_lhs",,"continuous_lhs",TRUE,FALSE,"completed","2026-08-05 02:18:14.490125 +0200","2026-08-05 02:18:16.303844 +0200",1.814,10,,,TRUE,"completed",10,0.0832287716390464,0.173754903778635,0.0140362999515527,0.46826670953601,80.8668204027952,0.977837803561379,0.0133737557163913,0.18635757610273,0.0904604492038775,5,0,6,4,0.02,4,9,2,14,0.2,0.1,0,23.7848545129005,0,7.23325670295119,28.3632307677399,0,5,10,0,1,1,1
223,"sim_0223",24154567,20260730,"broad_lhs",,"continuous_lhs",TRUE,FALSE,"completed","2026-08-05 02:18:14.864014 +0200","2026-08-05 02:18:19.658993 +0200",4.795,10,,,TRUE,"completed",10,0.483579514762364,0.253712101146116,0.076747821547243,0.0724899212567615,94.320122297667,6.13060345046961,0.0808908899411177,0.156119288109282,0.11264146248283,25,5,34,17,0.0947712418300654,4,21,28,30,4.83333333333333,2.84313725490196,14.337919792111,15.3964175919439,69.8203627040649,37.9390952016579,85.4417545129319,66.7825676628746,30,51,2,11,13.8533333333333,14
224,"sim_0224",24259296,20260730,"broad_lhs",,"continuous_lhs",TRUE,FALSE,"completed","2026-08-05 02:18:16.584008 +0200","2026-08-05 02:18:24.672502 +0200",8.089,10,,,TRUE,"completed",10,0.108749442628645,0.279083039860885,0.100076940713134,0.122810942462399,87.5521072488485,3.74957866317546,0.0176404805637865,0.198159987723403,0.49559416005305,47,5,57,5,0.536600496277916,2,4,106,8,33.2692307692308,27.9032258064516,10.2820959705318,5.89036330762303,171.279626421922,16.332566851553,63.947187176867,174.389326955831,52,62,36,44,48,48
225,"sim_0225",24364025,20260730,"broad_lhs",,"continuous_lhs",TRUE,FALSE,"completed","2026-08-05 02:18:15.711266 +0200","2026-08-05 02:18:17.971992 +0200",2.261,10,,,TRUE,"completed",10,0.0632128956423817,0.0921640051393334,0.01881215538816,0.281900134835068,92.3582893380481,17.4205718291224,0.0923992847759297,0.0700484347098326,0.121806539617115,5,6,12,7,0.0669856459330144,6,12,6,20,1.27272727272727,0.736842105263158,18.3059942629676,12.2185353916733,6.46792848890563,25.8430005937108,53.084938785503,13.4056245811809,11,19,0,3,3,3
226,"sim_0226",24468754,20260730,"broad_lhs",,"continuous_lhs",TRUE,FALSE,"completed","2026-08-05 02:18:16.060786 +0200","2026-08-05 02:18:19.384057 +0200",3.324,10,,,TRUE,"completed",10,0.261210339366081,0.199477010545877,0.0350753592766475,0.0588120343473285,107.445252612999,1.44083221064096,0.0285819634393677,0.0511219584987137,0.135021616268072,10,2,22,13,0.0333333333333333,6,24,6,35,1.16666666666667,0.4,8.04709357498805,23.521314565328,19.7823085198161,37.2310328586837,57.8639642152395,38.5748635044799,12,35,0,2,4,4
227,"sim_0227",24573483,20260730,"broad_lhs",,"continuous_lhs",TRUE,FALSE,"completed","2026-08-05 02:18:15.213202 +0200","2026-08-05 02:18:23.936397 +0200",8.723,10,,,TRUE,"completed",10,0.242136609220795,0.13654083098958,0.124960917548706,0.129114180332477,102.535345956104,20.9277694033488,0.00893790652904315,0.0611624721477791,0.871675808677877,76,8,100,22,0.22004293520687,2,6,184,12,26.8452380952381,18.483606557377,8.63931936230866,44.1944363681875,234.53949328195,61.4175704394127,128.310831529856,288.680089281166,84,122,14,52,58,61
228,"sim_0228",24678212,20260730,"broad_lhs",,"continuous_lhs",TRUE,FALSE,"completed","2026-08-05 02:18:16.279319 +0200","2026-08-05 02:18:19.971076 +0200",3.691,10,,,TRUE,"completed",10,0.401817625300606,0.0595768520400017,0.0571188548976526,0.129602798362757,95.6999527222166,1.69786406331883,0.0162557209244131,0.0359639421202398,0.181526923272018,52,2,50,16,0.119809203142536,10,22,88,33,7.90740740740741,6.46969696969697,2.69986736337684,41.5178585063981,158.502128358782,83.1830913551004,79.4786908854715,213.160692114869,54,66,4,19,26,26
229,"sim_0229",24782941,20260730,"broad_lhs",,"continuous_lhs",TRUE,FALSE,"completed","2026-08-05 02:18:15.357157 +0200","2026-08-05 02:18:17.988957 +0200",2.631,10,,,TRUE,"completed",10,0.317733782671437,0.379450717054706,0.0531778339509519,0.197751219235578,61.2020907045653,22.4441120127365,0.0525062454126893,0.0970671256722805,0.72642182243822,3,1,6,5,0.159090909090909,2,7,6,10,1.75,0.636363636363636,0.120973873451771,3.73774811277818,3.94749132648572,3.16903284708721,27.4042934836019,0,4,11,0,3.13333333333333,4,4
230,"sim_0230",24887670,20260730,"broad_lhs",,"continuous_lhs",TRUE,FALSE,"completed","2026-08-05 02:18:17.600476 +0200","2026-08-05 02:18:19.763741 +0200",2.163,10,,,TRUE,"completed",10,0.0629077795317171,0.071438983577609,0.0380984678583463,0.107642965123758,71.5231400414473,1.05473164754272,0.0871212004858078,0.0822945587054387,0.304384265995166,2,4,12,12,0.0416666666666667,1,19,4,24,1,0.25,8.29840835698444,12.4115113032679,0,60.1590113881799,81.1980187382906,0,6,24,0,1,2,2
231,"sim_0231",24992399,20260730,"broad_lhs",,"continuous_lhs",TRUE,FALSE,"completed","2026-08-05 02:18:17.272389 +0200","2026-08-05 02:18:20.116528 +0200",2.844,10,,,TRUE,"completed",10,0.097753102496247,0.0573764478369783,0.0471879695918247,0.428244087330503,85.2691727060825,5.12222491924119,0.00982955334280889,0.133991943290134,0.132244686545894,21,6,33,2,0.055026455026455,10,17,23,30,1.92592592592593,1.48571428571429,12.6867199132898,46.4309518636328,49.6553991142109,3.86811089312444,157.813487446706,52.2214575947327,27,35,1,4.43333333333333,8,8
232,"sim_0232",25097128,20260730,"broad_lhs",,"continuous_lhs",TRUE,FALSE,"completed","2026-08-05 02:18:15.951201 +0200","2026-08-05 02:18:19.296492 +0200",3.345,10,,,TRUE,"completed",10,0.069640807270935,0.0636997809515276,0.072238027292141,0.127115124666721,104.112570907279,3.2735097020243,0.0290285346423874,0.154434748376112,0.0966250177211057,17,9,32,24,0.0171703296703297,12,37,6,59,0.961538461538462,0.446428571428571,37.5279389897378,32.9421870876253,56.6653128764296,114.561862831894,164.477879665936,42.0609716618817,26,56,0,2,3.84333333333333,4
233,"sim_0233",25201857,20260730,"broad_lhs",,"continuous_lhs",TRUE,FALSE,"completed","2026-08-05 02:18:16.032862 +0200","2026-08-05 02:18:19.673857 +0200",3.641,10,,,TRUE,"completed",10,0.157518681740285,0.0693270759794341,0.014851976991552,0.0439831271951618,98.2864169980503,0.680142468031604,0.0148635341697692,0.118557335991128,0.672302071576465,67,4,66,13,0.38117311463719,5,16,127,23,30.112676056338,27.0632911392405,15.9611007563499,0,145.817597750173,71.3361556578992,37.6477167080334,141.520615258123,71,79,31.5,48,55.1633333333333,56
234,"sim_0234",25306586,20260730,"broad_lhs",,"continuous_lhs",TRUE,FALSE,"completed","2026-08-05 02:18:18.121213 +0200","2026-08-05 02:18:21.788503 +0200",3.667,10,,,TRUE,"completed",10,0.302231317473719,0.0493044062263742,0.131368169297407,0.4589319303013,88.2943064173683,1.0900860885298,0.0116580912129547,0.0911591726663755,0.146272553184569,40,5,53,6,0.0274952919020716,14,23,36,46,1.62222222222222,1.23728813559322,7.32881420576659,56.363196685464,149.033000139524,26.6537908077471,312.708203500247,111.97100986936,45,59,1,3,6,6
235,"sim_0235",25411315,20260730,"broad_lhs",,"continuous_lhs",TRUE,FALSE,"completed","2026-08-05 02:18:19.012881 +0200","2026-08-05 02:18:21.029982 +0200",2.017,10,,,TRUE,"completed",10,0.385966057159072,0.145734978256649,0.0349618476120408,0.0834424607892095,56.6431106145183,2.45850822053999,0.0305992251209036,0.194199830224194,0.650745709429593,13,3,15,8,0.0869565217391304,4,11,15,18,2,1.39130434782609,3.20077464891183,0,46.2292127118404,30.2369341067279,18.1606094157912,56.8918226877091,16,23,1,4.73333333333333,5,5
236,"sim_0236",25516044,20260730,"broad_lhs",,"continuous_lhs",TRUE,FALSE,"completed","2026-08-05 02:18:18.308370 +0200","2026-08-05 02:18:20.849261 +0200",2.541,10,,,TRUE,"completed",10,0.108055458490023,0.158485828629038,0.0656525067593934,0.510474472356633,58.695686862804,6.46808852097878,0.0528364609313518,0.0905980766897038,0.127816732625452,5,3,18,6,0.0416666666666667,3,17,6,24,1,0.333333333333333,1.70111325228603,30.1275809604653,0,6.77489776573548,100.1393803318,0,8,24,0,1.43333333333333,3,3
237,"sim_0237",25620773,20260730,"broad_lhs",,"continuous_lhs",TRUE,FALSE,"completed","2026-08-05 02:18:19.256299 +0200","2026-08-05 02:18:21.049479 +0200",1.793,10,,,TRUE,"completed",10,0.194065235073341,0.293098204263109,0.0171310237720425,0.562994041973279,63.5896475000307,3.79895794728618,0.0128814269306631,0.123052920536332,0.971341315575669,1,0,4,2,,1,6,1,7,0,0,0,6.59546371452573,0,6.60549742393336,10.4593646960838,0,1,6,0,0,0,0
238,"sim_0238",25725502,20260730,"broad_lhs",,"continuous_lhs",TRUE,FALSE,"completed","2026-08-05 02:18:19.596359 +0200","2026-08-05 02:18:21.909622 +0200",2.313,10,,,TRUE,"completed",10,0.0625321295044774,0.0419114834749503,0.0376374835036441,0.408773603888747,75.5264511765498,0.69474583306906,0.0165137385027808,0.0264831149120841,0.570890036962825,11,3,33,6,0.0512820512820513,3,16,10,26,2,0.717948717948718,2.83302281815954,40.63445269693,26.3105824395567,24.5525222027493,135.367351123834,56.8156048496824,14,39,1,2.33333333333334,6,6
239,"sim_0239",25830231,20260730,"broad_lhs",,"continuous_lhs",TRUE,FALSE,"completed","2026-08-05 02:18:18.969637 +0200","2026-08-05 02:18:22.121600 +0200",3.152,10,,,TRUE,"completed",10,0.538509828143555,0.187634168997802,0.094578630822216,0.0419449760592599,73.1125660052523,1.74166383341163,0.0727492795969201,0.0487976367851176,0.137245899884547,8,6,15,23,0.037593984962406,5,24,12,33,1.42857142857143,0.526315789473684,10.6327676997285,36.1655283511481,12.9624930209005,52.5533892921589,34.6489424010822,45.7053621886847,14,38,0,3,4,4
240,"sim_0240",25934960,20260730,"broad_lhs",,"continuous_lhs",TRUE,FALSE,"completed","2026-08-05 02:18:26.932679 +0200","2026-08-05 02:18:31.352457 +0200",4.42,10,,,TRUE,"completed",10,0.126571279006426,0.315035160973006,0.124287482324138,0.0448891237223394,67.6861994342464,1.93125341690043,0.0170252935269311,0.028321528578591,0.68973589826685,29,7,34,8,0.516534391534392,5,5,66,12,21.6944444444444,18.5952380952381,16.0544497328324,0,83.3581418478358,14.0663812049659,41.5954793070038,71.4686315645881,36,42,23,30,33,33
241,"sim_0241",26039689,20260730,"broad_lhs",,"continuous_lhs",TRUE,FALSE,"completed","2026-08-05 02:18:34.077984 +0200","2026-08-05 02:18:36.863750 +0200",2.785,10,,,TRUE,"completed",10,0.128821687981025,0.186285984953015,0.0450334591428897,0.176309116349811,99.1460655243033,6.00460591515323,0.0493709288095773,0.0454994206530844,0.277781900854728,6,5,19,10,0.0156739811912226,9,25,6,35,0.454545454545455,0.172413793103448,12.4463646059751,30.5828818063691,2.84570407699576,19.9517245079949,67.342340615586,28.1200089884698,11,29,0,1,4,4
242,"sim_0242",26144418,20260730,"broad_lhs",,"continuous_lhs",TRUE,FALSE,"completed","2026-08-05 02:18:34.024958 +0200","2026-08-05 02:18:38.585110 +0200",4.561,10,,,TRUE,"completed",10,0.0650059708086601,0.0560040474219769,0.0926737940120922,0.0734970778156623,106.22634870499,22.1793994593077,0.0153869807566743,0.0884641441668565,0.33226404765935,36,26,49,40,0.0474809713664371,3,15,129,21,4.2258064516129,2.9438202247191,89.1643793595763,43.1048254825947,122.992618097898,182.992963463561,134.836128216061,129.795742736173,62,89,3,7,10.3066666666667,12
243,"sim_0243",26249147,20260730,"broad_lhs",,"continuous_lhs",TRUE,FALSE,"completed","2026-08-05 02:18:39.210653 +0200","2026-08-05 02:18:40.962982 +0200",1.752,10,,,TRUE,"completed",10,0.250450381155349,0.0987358207199567,0.0347128853145298,0.137430818285791,53.8453539153147,0.576846604010243,0.0120283795713963,0.144970101462418,0.122548960639897,2,0,9,4,0,2,13,1,15,0,0,0,0,8.69921153074204,14.8626686295477,17.6003688692686,26.2504533266862,2,13,0,0,0,0
244,"sim_0244",26353876,20260730,"broad_lhs",,"continuous_lhs",TRUE,FALSE,"completed","2026-08-05 02:18:39.727294 +0200","2026-08-05 02:18:51.108939 +0200",11.381,10,,,TRUE,"completed",10,0.182076899433617,0.289345602052625,0.0697093818112839,0.0543640673692997,101.949441434381,0.592590897965082,0.0122967066625377,0.103172282936608,0.943365917981529,83,1,77,2,0.44831223628692,0,3,160,4,35.4166666666667,37.6582278481013,3.32014355350796,0,256.802675176235,1.31447786247041,6.24728630853215,257.50227706834,84,79,42,55.3333333333333,65,65
245,"sim_0245",26458605,20260730,"broad_lhs",,"continuous_lhs",TRUE,FALSE,"completed","2026-08-05 02:18:39.210655 +0200","2026-08-05 02:18:40.873593 +0200",1.663,10,,,TRUE,"completed",10,0.291304962271883,0.230440191841654,0.019708480892509,0.208082378166909,57.8690876264332,1.97881240600438,0.0309753206129969,0.0400741618089119,0.0846126794965388,0,2,5,4,0,2,9,1,11,0,0,9.95958139801724,0,0,11.182785960493,13.6696552425101,2.00529758656775,2,9,0,0,0,0
246,"sim_0246",26563334,20260730,"broad_lhs",,"continuous_lhs",TRUE,FALSE,"completed","2026-08-05 02:18:40.106011 +0200","2026-08-05 02:18:41.655341 +0200",1.549,10,,,TRUE,"completed",10,0.084463872084463,0.0959760066514221,0.0361164464487171,0.0539558481504365,52.1013303508982,1.40684263397811,0.077464843777238,0.199853210593703,0.505901571617025,1,1,4,10,0,2,14,1,16,0,0,2.23300429158707,2.6179928474615,0,55.618738135028,32.2567543619638,0,2,14,0,0,0,0
247,"sim_0247",26668063,20260730,"broad_lhs",,"continuous_lhs",TRUE,FALSE,"completed","2026-08-05 02:18:38.279567 +0200","2026-08-05 02:18:46.132862 +0200",7.854,10,,,TRUE,"completed",10,0.283914793748709,0.126568432708809,0.147648573573399,0.0665679033606024,106.915812371423,13.5507648448852,0.00957868834929273,0.145595428862273,0.16111057565848,58,13,69,43,0.110538229376258,5,8,168,15,12.3802816901408,7.84821428571429,27.0330041795899,56.9124944953406,176.540959592061,165.380550013166,118.895651087993,187.606593618958,71,112,8,21,34.8333333333331,40
248,"sim_0248",26772792,20260730,"broad_lhs",,"continuous_lhs",TRUE,FALSE,"completed","2026-08-05 02:18:38.291067 +0200","2026-08-05 02:18:40.066197 +0200",1.775,10,,,TRUE,"completed",10,0.133707676592315,0.196561861721368,0.0136159999795279,0.153181428323241,89.9286343956573,1.70126405195965,0.0603201977026201,0.0327468748777432,0.917459609872604,6,0,9,8,0,6,17,1,23,0,0,0,2.83421726513528,14.4517432860254,37.0472717964327,24.1330685457341,27.4136046468141,6,17,0,0,0,0
249,"sim_0249",26877521,20260730,"broad_lhs",,"continuous_lhs",TRUE,FALSE,"completed","2026-08-05 02:18:38.934394 +0200","2026-08-05 02:18:40.749332 +0200",1.815,10,,,TRUE,"completed",10,0.50389394197866,0.0946983064887547,0.0158874976395221,0.577937234154972,82.2888890398666,1.10116871239931,0.0082572230020617,0.106116338796888,0.323094038849285,0,0,22,1,,,23,,,,0,0,0,0,2.27566638754974,51.1693774676657,34.9897574137414,0,23,0,0,0,0
250,"sim_0250",26982250,20260730,"broad_lhs",,"continuous_lhs",TRUE,FALSE,"completed","2026-08-05 02:18:39.018121 +0200","2026-08-05 02:18:40.833970 +0200",1.815,10,,,TRUE,"completed",10,0.323542921853439,0.406498829113181,0.0194618365956839,0.0552836191858133,66.1411527358823,1.31449102690432,0.0628142931262275,0.187658536982748,0.136737903546094,0,0,2,4,,,6,,,,0,0,0,0,6.13487627108824,5.22130624154674,0,0,6,0,0,0,0
251,"sim_0251",27086979,20260730,"broad_lhs",,"continuous_lhs",TRUE,FALSE,"completed","2026-08-05 02:18:38.619354 +0200","2026-08-05 02:18:42.340688 +0200",3.721,10,,,TRUE,"completed",10,0.0686126267751549,0.0586747768439688,0.138633069431468,0.0714717244008373,63.0501887114719,26.5114204230588,0.0222946508727731,0.0737868443916603,0.233659556632007,14,24,34,47,0.112735542560104,2,6,109,10,9.13157894736842,4.28395061728395,73.6494026127206,33.5788140653094,37.9190423076106,157.219945857543,130.890328349284,65.6100733054342,38,81,5,13.7333333333333,24.7866666666667,29
252,"sim_0252",27191708,20260730,"broad_lhs",,"continuous_lhs",TRUE,FALSE,"completed","2026-08-05 02:18:40.027933 +0200","2026-08-05 02:18:43.946473 +0200",3.919,10,,,TRUE,"completed",10,0.581355130509555,0.057775815425204,0.0525578981652677,0.0519757283316401,79.3001200952671,2.19555398028952,0.0231929618570674,0.0947157381968443,0.604709334713136,57,2,62,11,0.447643371256095,4,15,100,22,32.6779661016949,26.4109589041096,7.92700244839137,21.5184477625225,200.928702311479,84.6669633694281,41.693060955733,237.701780669058,59,73,39,46,49,49
253,"sim_0253",27296437,20260730,"broad_lhs",,"continuous_lhs",TRUE,FALSE,"completed","2026-08-05 02:18:38.715537 +0200","2026-08-05 02:18:41.856488 +0200",3.141,10,,,TRUE,"completed",10,0.216095820917882,0.443710454940274,0.0489127344669768,0.150940745845259,90.7687751248065,1.00228320184947,0.0694884824011324,0.142375417063918,0.477223153495952,3,2,4,9,0.0615384615384615,3,9,4,14,0.8,0.307692307692308,1.80242331219141,5.88913346068337,0,14.3330521884341,14.9956970066111,0,5,13,0,1,3,3
254,"sim_0254",27401166,20260730,"broad_lhs",,"continuous_lhs",TRUE,FALSE,"completed","2026-08-05 02:18:38.409920 +0200","2026-08-05 02:18:41.127671 +0200",2.717,10,,,TRUE,"completed",10,0.369890485559588,0.403857269836147,0.0516022011313261,0.117563143808738,67.3044799054869,14.134776651514,0.0090471217227821,0.227480826038647,0.0914379948236335,2,2,4,12,0,4,16,1,20,0,0,2.48362050802906,0,5.36531371527912,18.9567661534262,17.0983906254471,0,4,16,0,0,0,0
255,"sim_0255",27505895,20260730,"broad_lhs",,"continuous_lhs",TRUE,FALSE,"completed","2026-08-05 02:18:39.159141 +0200","2026-08-05 02:18:40.896361 +0200",1.737,10,,,TRUE,"completed",10,0.225216035004997,0.0432626491331936,0.0397028254968363,0.438705778292688,51.1390485450212,2.2472825967919,0.0392136924539057,0.0990587499241034,0.0808180916939487,5,1,15,3,0.00925925925925926,5,17,2,23,0.166666666666667,0.0555555555555556,2.12187936796824,18.2284075439435,5.87511627340627,7.10221116465928,111.52642306387,0,6,18,0,0.233333333333334,1,1
256,"sim_0256",27610624,20260730,"broad_lhs",,"continuous_lhs",TRUE,FALSE,"completed","2026-08-05 02:18:39.475863 +0200","2026-08-05 02:18:41.901649 +0200",2.426,10,,,TRUE,"completed",10,0.491999948786217,0.373205201009258,0.0490842076729623,0.263540983410611,65.2100259205533,7.71477375363965,0.071783908240298,0.0813475311528762,0.073722463773766,1,1,12,1,0.0384615384615385,1,12,2,14,0.5,0.0769230769230769,0.92649556719539,6.68570612097659,0,3.97972815061642,53.2273272791217,0,2,13,0,1,1,1
257,"sim_0257",27715353,20260730,"broad_lhs",,"continuous_lhs",TRUE,FALSE,"completed","2026-08-05 02:18:40.725970 +0200","2026-08-05 02:18:42.898088 +0200",2.172,10,,,TRUE,"completed",10,0.329939808771264,0.0506973994986896,0.0206477985733176,0.37070474266558,98.7443904851667,6.36394660613909,0.0361761231244648,0.131808080758783,0.141637507662916,8,1,24,11,0.0666666666666667,2,28,14,31,2.33333333333333,0.6,0.60260180717488,12.8255822140624,17.3449795981005,26.1287112260251,36.1032674618758,86.106640818321,9,35,0,3.23333333333333,7,7
258,"sim_0258",27820082,20260730,"broad_lhs",,"continuous_lhs",TRUE,FALSE,"completed","2026-08-05 02:18:39.293797 +0200","2026-08-05 02:18:41.029370 +0200",1.735,10,,,TRUE,"completed",10,0.256793000431262,0.05240484596465,0.0233093975836042,0.0492507468366825,69.1583356713048,0.88289410483304,0.0654440996278892,0.122338940700736,0.138089566075856,5,2,11,7,0.0793650793650794,3,14,8,18,1.42857142857143,0.555555555555556,3.60000371018857,2.62940407927441,7.52072370419481,29.8806808602189,24.8909044141433,26.5935315768284,7,18,0,3,3,3
259,"sim_0259",27924811,20260730,"broad_lhs",,"continuous_lhs",TRUE,FALSE,"completed","2026-08-05 02:18:40.811644 +0200","2026-08-05 02:18:44.298588 +0200",3.487,10,,,TRUE,"completed",10,0.0980258766781026,0.338013441245567,0.06355948991457,0.225156321709488,87.4369210080761,2.02893260830138,0.0160363184088994,0.111411705075556,0.0969200016246678,6,7,16,12,0.0659340659340659,4,16,10,23,1.84615384615385,0.857142857142857,10.8842489331701,12.6473144779739,15.7846546170075,18.4551074319526,55.8698370458383,10.5190246941829,13,28,1,3,6,6
260,"sim_0260",28029540,20260730,"broad_lhs",,"continuous_lhs",TRUE,FALSE,"completed","2026-08-05 02:18:42.066577 +0200","2026-08-05 02:18:47.853458 +0200",5.787,10,,,TRUE,"completed",10,0.0698332489424812,0.152104285273388,0.0882306789206627,0.0628108817580539,105.007887281333,9.95017493441885,0.0576506554333231,0.190296603315963,0.710786974785969,53,11,82,25,0.319509345794392,2,8,159,12,34.1875,20.4485981308411,33.753790385491,16.9805797282836,252.133148552001,95.5321842555325,105.426101164087,273.707335006082,64,107,28,42.5333333333333,70.9066666666666,71
261,"sim_0261",28134269,20260730,"broad_lhs",,"continuous_lhs",TRUE,FALSE,"completed","2026-08-05 02:18:40.446942 +0200","2026-08-05 02:18:44.000627 +0200",3.554,10,,,TRUE,"completed",10,0.459770417065482,0.216564835909972,0.0378382625388077,0.328387537377753,102.963815878063,0.606557184714392,0.00730151175310638,0.222411111090332,0.234044995755536,16,2,34,8,0.0502645502645503,9,24,17,35,2.11111111111111,0.904761904761905,1.48254661576801,7.92746570032143,46.2980934993376,13.0191858317641,58.5915465509831,67.9551630840926,18,42,0,4,7,7
262,"sim_0262",28238998,20260730,"broad_lhs",,"continuous_lhs",TRUE,FALSE,"completed","2026-08-05 02:18:40.372870 +0200","2026-08-05 02:18:42.664043 +0200",2.291,10,,,TRUE,"completed",10,0.141232190815929,0.450017554072862,0.0391285772331174,0.340361828521337,61.4553268550171,1.47914472298631,0.0396104526900906,0.195063662009715,0.148033127249174,0,2,4,2,0,2,6,1,8,0,0,2.26336059171389,0,0,1.05550653721662,10.0816678497494,8.72956157895649,2,6,0,0,0,0
263,"sim_0263",28343727,20260730,"broad_lhs",,"continuous_lhs",TRUE,FALSE,"completed","2026-08-05 02:18:42.495141 +0200","2026-08-05 02:18:44.340126 +0200",1.845,10,,,TRUE,"completed",10,0.159179112328226,0.0540310243342477,0.0231771236107013,0.0434382878843221,84.4257013904138,7.82743455512814,0.0166564158352633,0.0752166748138714,0.109610073148789,3,5,12,14,0.00961538461538462,7,24,3,32,0.25,0.0769230769230769,17.3285993139701,6.79853618687794,3.12433363801134,59.480590070614,38.4045265815435,35.8777153050329,8,26,0,0.233333333333327,2,2
264,"sim_0264",28448456,20260730,"broad_lhs",,"continuous_lhs",TRUE,FALSE,"completed","2026-08-05 02:18:41.744848 +0200","2026-08-05 02:18:44.181716 +0200",2.437,10,,,TRUE,"completed",10,0.103818708514581,0.141186812876389,0.0717470959702454,0.0485420220726482,67.2117789700627,11.5494274603646,0.0447017195418451,0.147593772480872,0.250473239531306,3,9,4,25,0.0431034482758621,5,17,10,26,1.25,0.517241379310345,26.5733305708951,15.9964485915432,0,92.9687472384881,31.03235998126,0,12,29,0,2,4,4
265,"sim_0265",28553185,20260730,"broad_lhs",,"continuous_lhs",TRUE,FALSE,"completed","2026-08-05 02:18:41.218873 +0200","2026-08-05 02:18:43.586657 +0200",2.368,10,,,TRUE,"completed",10,0.32621101442654,0.0507880799179201,0.0242620163676858,0.575893128509661,88.0496078722179,0.613094156136029,0.0662855872798306,0.182468854002655,0.139414678274782,18,0,35,4,0.0128205128205128,12,32,5,48,0.5,0.230769230769231,0,22.3550498711649,46.8139837070245,1.79534742518318,106.828601784671,102.677365033544,18,39,0,1,4,4
266,"sim_0266",28657914,20260730,"broad_lhs",,"continuous_lhs",TRUE,FALSE,"completed","2026-08-05 02:18:41.508975 +0200","2026-08-05 02:18:43.410520 +0200",1.901,10,,,TRUE,"completed",10,0.0772802463807368,0.139435125588087,0.0574196963974201,0.189909770632487,49.4774507550937,0.683038831086108,0.00898763842620105,0.220467601871933,0.0761431156820946,4,2,8,7,0.0222222222222222,5,13,3,19,0.333333333333333,0.133333333333333,1.64254629746858,9.27166107003405,12.2885062808749,25.4610058497631,34.0998333337048,6.28085643190925,6,15,0,1,2,2
267,"sim_0267",28762643,20260730,"broad_lhs",,"continuous_lhs",TRUE,FALSE,"completed","2026-08-05 02:18:42.931908 +0200","2026-08-05 02:18:47.579375 +0200",4.648,10,,,TRUE,"completed",10,0.352686847066866,0.276024423659641,0.125296876540654,0.493030391758379,75.5728856941064,3.93288544871967,0.0734890878529095,0.16276167495312,0.688631829627546,25,4,41,7,0.197557471264368,6,17,47,26,9.48275862068965,5.72916666666667,4.66265601286026,18.1425808811053,51.5422570978848,9.47143973906318,120.481879177373,34.3790846633061,29,48,4,18,20,20
268,"sim_0268",28867372,20260730,"broad_lhs",,"continuous_lhs",TRUE,FALSE,"completed","2026-08-05 02:18:42.676694 +0200","2026-08-05 02:18:44.618118 +0200",1.942,10,,,TRUE,"completed",10,0.0909877013315502,0.398029750182148,0.019370733789733,0.09564347340865,75.120555119382,23.3317343703738,0.0394567480751812,0.121352004154728,0.834589509830433,0,3,2,2,0,3,4,1,7,0,0,11.8451386126031,0,0,0.34993136868515,9.53326832673772,0,3,4,0,0,0,0
269,"sim_0269",28972101,20260730,"broad_lhs",,"continuous_lhs",TRUE,FALSE,"completed","2026-08-05 02:18:42.048146 +0200","2026-08-05 02:18:43.494186 +0200",1.446,10,,,TRUE,"completed",10,0.0916346230124565,0.310468228054772,0.0218044156157679,0.185804021261256,54.3110101198157,0.59930884209386,0.00764926122318858,0.210174767460364,0.470561120100543,0,0,0,2,,,2,,,,0,0,0,0,8.64481971655758,0,0,0,2,0,0,0,0
270,"sim_0270",29076830,20260730,"broad_lhs",,"continuous_lhs",TRUE,FALSE,"completed","2026-08-05 02:18:42.597402 +0200","2026-08-05 02:18:45.448674 +0200",2.852,10,,,TRUE,"completed",10,0.0702370232364655,0.0905527809088934,0.0439104670328637,0.520049628896539,96.344700112111,1.050732830087,0.107970416354257,0.063457632682726,0.356906924555322,15,3,37,5,0.0542328042328042,4,24,19,35,2.27777777777778,0.976190476190476,7.93476893097082,49.1182968654857,20.6449077264923,8.49279411912458,169.840114041531,34.0878080568277,18,42,1,4,9,9
271,"sim_0271",29181559,20260730,"broad_lhs",,"continuous_lhs",TRUE,FALSE,"completed","2026-08-05 02:18:42.271678 +0200","2026-08-05 02:18:46.014877 +0200",3.743,10,,,TRUE,"completed",10,0.485187430583442,0.0831781108300132,0.0457149356786508,0.120015324592395,97.3399758445306,0.408975115390092,0.0191613399372146,0.181148899743114,0.93381223927183,45,5,56,8,0.06375,10,32,50,46,4.08,3.1875,25.5931505314031,15.6630794633802,139.0542765692,21.2494707871773,138.259313372834,149.607581356568,50,64,2,11,15.0466666666667,16
272,"sim_0272",29286288,20260730,"broad_lhs",,"continuous_lhs",TRUE,FALSE,"completed","2026-08-05 02:18:43.236266 +0200","2026-08-05 02:18:45.273848 +0200",2.038,10,,,TRUE,"completed",10,0.0795753759212193,0.132993799755663,0.0253148255020081,0.0404158757282489,94.6738269884553,0.437701192495408,0.0325925182790855,0.172626788168887,0.15628194142178,7,3,7,11,0.0666666666666667,3,12,11,17,1.2,0.666666666666667,6.08538312305041,0,25.9870803384696,36.5501120218489,22.154042488937,10.2959549474437,10,18,0,2,3,3
273,"sim_0273",29391017,20260730,"broad_lhs",,"continuous_lhs",TRUE,FALSE,"completed","2026-08-05 02:18:43.434016 +0200","2026-08-05 02:18:45.467697 +0200",2.034,10,,,TRUE,"completed",10,0.0667992495935411,0.0472826041461455,0.0163787475712209,0.538538054454664,94.0449780062255,5.59841648154482,0.0197082274778261,0.215293556525333,0.0831172433641234,3,1,21,5,0.0192307692307692,3,24,3,28,0.5,0.0769230769230769,1.10283362639726,10.9792192893176,0,4.98858692790879,89.0350457159629,12.9617401054463,4,26,0,0.633333333333336,2,2
274,"sim_0274",29495746,20260730,"broad_lhs",,"continuous_lhs",TRUE,FALSE,"completed","2026-08-05 02:18:44.600202 +0200","2026-08-05 02:18:47.191649 +0200",2.592,10,,,TRUE,"completed",10,0.272400217689539,0.326021722411405,0.0260795463254335,0.283154372701168,109.572423296173,1.30177804369903,0.0200934558988852,0.0284949127903544,0.539857662856433,14,2,21,8,0.0495689655172414,6,19,13,28,1.4375,0.793103448275862,4.23594937701939,1.67519294800308,30.8316325235107,6.05967890532107,31.0065260923068,30.1034229003426,16,29,0,3,5,5
275,"sim_0275",29600475,20260730,"broad_lhs",,"continuous_lhs",TRUE,FALSE,"completed","2026-08-05 02:18:43.434274 +0200","2026-08-05 02:18:46.443421 +0200",3.01,10,,,TRUE,"completed",10,0.309752931017206,0.0411692679461693,0.132515131631707,0.0440467544645401,89.0219195187713,2.7544246552058,0.0747711321512134,0.092194543021356,0.0820225920358654,29,17,26,35,0.0277975766215253,15,23,29,44,1.69565217391304,1.27868852459016,71.7052773871782,27.1899909026636,119.173083261105,247.158823886052,106.826069464798,98.348201959533,46,61,1,3,7.78,9
276,"sim_0276",29705204,20260730,"broad_lhs",,"continuous_lhs",TRUE,FALSE,"completed","2026-08-05 02:18:44.307574 +0200","2026-08-05 02:18:45.875820 +0200",1.569,10,,,TRUE,"completed",10,0.05788483207798,0.365123595489618,0.0134743799540061,0.110439795328468,56.7233800187914,1.79762586924445,0.0706986274749686,0.0211329584897289,0.244678130589949,1,0,2,2,,1,4,1,5,0,0,0,2.0445120876424,0,4.07941727397348,11.5114832285169,0,1,4,0,0,0,0
277,"sim_0277",29809933,20260730,"broad_lhs",,"continuous_lhs",TRUE,FALSE,"completed","2026-08-05 02:18:45.500929 +0200","2026-08-05 02:18:47.464089 +0200",1.963,10,,,TRUE,"completed",10,0.451434328778513,0.437656494549917,0.0338739245076076,0.41318639889233,61.0936207881818,0.959207191354358,0.0265771798606603,0.201257571667601,0.533094902540394,2,2,6,2,0,4,8,1,12,0,0,0.978614327437549,6.549317876359,0,0.83668107018981,12.6597210484385,1.54066394103945,4,8,0,0,0,0
278,"sim_0278",29914662,20260730,"broad_lhs",,"continuous_lhs",TRUE,FALSE,"completed","2026-08-05 02:18:45.962980 +0200","2026-08-05 02:18:48.021080 +0200",2.058,10,,,TRUE,"completed",10,0.547587319415372,0.124826583861496,0.0742029502451113,0.138522660765787,48.2478775218336,17.6151701336671,0.033781208717376,0.178727298759493,0.321067154236292,7,2,10,10,0.161111111111111,2,13,12,17,3.22222222222222,1.45,5.27449901506723,5.73715797669077,20.6610274293123,46.6221776711279,45.2957054510421,13.7535588823696,9,20,1.77635683940025e-15,6,6,6
279,"sim_0279",30019391,20260730,"broad_lhs",,"continuous_lhs",TRUE,FALSE,"completed","2026-08-05 02:18:55.143827 +0200","2026-08-05 02:18:56.400801 +0200",1.257,10,,,TRUE,"completed",10,0.146354101774405,0.0889953669448577,0.0119937994862696,0.218487518702961,57.4637448848122,5.19525786262892,0.0817328440760674,0.114618182160064,0.315815327332704,1,1,4,4,0,2,8,1,10,0,0,1.38690567530251,8.37352524853486,0,13.0124976743435,33.4130278447843,0,2,8,0,0,0,0
280,"sim_0280",30124120,20260730,"broad_lhs",,"continuous_lhs",TRUE,FALSE,"completed","2026-08-05 02:19:01.134632 +0200","2026-08-05 02:19:03.868564 +0200",2.734,10,,,TRUE,"completed",10,0.241115937769272,0.0504591113510311,0.129848561002678,0.108184364368454,55.8981804897802,11.7699093656188,0.105743575200437,0.116215261071468,0.19974789089038,22,10,25,18,0.132267441860465,4,2,67,8,5.6875,4.23255813953488,20.3377025574066,34.8046632487281,55.5965492167746,67.9795475724273,84.9099284179249,78.9358169983122,32,43,4,10,13.9133333333333,14
281,"sim_0281",30228849,20260730,"broad_lhs",,"continuous_lhs",TRUE,FALSE,"completed","2026-08-05 02:19:00.539762 +0200","2026-08-05 02:24:05.457184 +0200",304.918,10,,,TRUE,"completed",10,0.49377388729864,0.113414211933607,0.0150255131075179,0.143517950335306,108.575058588965,5.54814474042382,0.0214188590925084,0.0660402987438202,1.13654414418048,653,0,736,1,0.634986005514679,0,4,1386,5,467.984686064319,414.645861601085,0,16.4744427461962,1495.71423224437,8.56726602256769,40.2421582504956,1625.75251584139,653,737,431,589.633333333333,669,714
282,"sim_0282",30333578,20260730,"broad_lhs",,"continuous_lhs",TRUE,FALSE,"completed","2026-08-05 02:19:00.783660 +0200","2026-08-05 02:19:02.999544 +0200",2.216,10,,,TRUE,"completed",10,0.130541678339681,0.137082567658699,0.0808248136656036,0.119339676085336,54.7347824836357,3.91560815361664,0.0103210126917888,0.153970924746892,0.562555418761421,2,5,9,15,0.0416666666666667,2,21,6,25,1,0.291666666666667,11.472034557995,0,7.38496760640094,61.3620016326902,54.7602350683367,4.24415762020882,7,24,0,2,3,3
283,"sim_0283",30438307,20260730,"broad_lhs",,"continuous_lhs",TRUE,FALSE,"completed","2026-08-05 02:19:02.054268 +0200","2026-08-05 02:19:04.099642 +0200",2.045,10,,,TRUE,"completed",10,0.0621974565329351,0.0611936422898208,0.0216686559658105,0.0456753765233198,78.9999282244593,17.5130578789368,0.0844575837057441,0.0985990237916768,0.946867201579408,11,6,15,18,0.071301247771836,5,19,18,29,2.35294117647059,1.21212121212121,25.9101791253441,0,19.4406750838705,73.7808941075235,9.05552729477197,24.2682653620287,17,33,1,5,8,8
284,"sim_0284",30543036,20260730,"broad_lhs",,"continuous_lhs",TRUE,FALSE,"completed","2026-08-05 02:19:02.204528 +0200","2026-08-05 02:19:05.581767 +0200",3.377,10,,,TRUE,"completed",10,0.400629213639375,0.335890715394274,0.029582855368355,0.573135991721864,104.23858657827,6.17970207072872,0.0562352378682162,0.0873814598302771,0.112055794516929,9,0,17,5,0.0808080808080808,0,16,6,19,1.77777777777778,0.727272727272727,0,8.79911813818215,12.6610815348263,1.86579528812079,48.3992785823656,8.11733000996728,9,22,0,3,3,3
285,"sim_0285",30647765,20260730,"broad_lhs",,"continuous_lhs",TRUE,FALSE,"completed","2026-08-05 02:19:02.311588 +0200","2026-08-05 02:19:07.501878 +0200",5.19,10,,,TRUE,"completed",10,0.240229357775843,0.205169730019138,0.0589084346953658,0.23581546017029,108.406167871795,22.5572571376371,0.0314349177191611,0.195611399255318,0.271625438630881,40,6,46,10,0.209627329192547,11,19,65,32,11.7391304347826,9.64285714285714,6.25543116825356,17.9375245374377,97.6724140223973,14.2715383440082,53.532408660956,91.4522504394538,46,56,13,22,25.6433333333333,26
286,"sim_0286",30752494,20260730,"broad_lhs",,"continuous_lhs",TRUE,FALSE,"completed","2026-08-05 02:19:02.267703 +0200","2026-08-05 02:19:05.061188 +0200",2.793,10,,,TRUE,"completed",10,0.0585538183671244,0.101016081826496,0.0436129407664022,0.0609816264369486,95.4066666150052,2.48094173162794,0.123016358373711,0.186947334676515,0.105094846870156,7,5,13,28,0.0264227642276423,6,34,11,42,1.08333333333333,0.317073170731707,25.4805338045769,15.4348735141771,20.3617996893553,108.872013748257,39.0920960311105,12.8537826441645,12,41,0,2,5,5
287,"sim_0287",30857223,20260730,"broad_lhs",,"continuous_lhs",TRUE,FALSE,"completed","2026-08-05 02:19:02.149324 +0200","2026-08-05 02:19:07.064884 +0200",4.916,10,,,TRUE,"completed",10,0.0793649277074815,0.154858493142622,0.0475005747323699,0.26814381348599,84.3002089473315,0.858933621281961,0.0546118988731921,0.151057715508893,0.902313814068018,60,0,66,4,0.601190476190476,3,5,122,9,42.0833333333333,36.0714285714286,0,11.2151596956133,279.922865905007,13.5779060166993,43.7297864994868,299.662609059748,60,70,41.5,54,56,56
288,"sim_0288",30961952,20260730,"broad_lhs",,"continuous_lhs",TRUE,FALSE,"completed","2026-08-05 02:19:01.674499 +0200","2026-08-05 02:19:03.811640 +0200",2.137,10,,,TRUE,"completed",10,0.0754376993580414,0.0908726628530413,0.10635356939886,0.0566181863005808,56.2755010918404,0.445174546011942,0.0185897994522551,0.192762569981537,0.289381499362077,3,11,8,22,0.0357142857142857,6,19,13,29,1.07142857142857,0.5,54.9348718064976,23.0641506873514,0,93.2138535400835,35.6338018535555,16.8598123115919,14,30,0,2,4,4
289,"sim_0289",31066681,20260730,"broad_lhs",,"continuous_lhs",TRUE,FALSE,"completed","2026-08-05 02:19:01.770152 +0200","2026-08-05 02:19:04.863281 +0200",3.093,10,,,TRUE,"completed",10,0.152979035249349,0.129631630960037,0.0410441918337818,0.436157122709955,85.3683604532439,26.7815751768606,0.0181631904330813,0.189707127970501,0.0781991213190963,16,4,27,8,0.122857142857143,9,12,25,25,4.3,2.45714285714286,4.62082848179837,36.335132800405,24.7392122801213,13.0553805124223,86.3366377061938,32.1543581325831,20,35,1,7.2,16,16
290,"sim_0290",31171410,20260730,"broad_lhs",,"continuous_lhs",TRUE,FALSE,"completed","2026-08-05 02:19:02.670139 +0200","2026-08-05 02:19:04.936447 +0200",2.266,10,,,TRUE,"completed",10,0.440247922870856,0.0627054109902077,0.0148040914131463,0.154551138369822,94.7641342830948,3.98913900070294,0.0121786271885981,0.0392434606898395,0.0802617966533605,5,2,36,11,0.0121580547112462,3,43,2,50,0.571428571428571,0.0851063829787234,4.85920670292495,9.00256696076335,26.3094598502015,26.9516388413777,47.1532917548514,149.140791678021,7,47,0,1,1,1
291,"sim_0291",31276139,20260730,"broad_lhs",,"continuous_lhs",TRUE,FALSE,"completed","2026-08-05 02:19:09.824324 +0200","2026-08-05 02:19:17.330705 +0200",7.506,10,,,TRUE,"completed",10,0.519178623997973,0.191416717146781,0.0798290405888933,0.146188231417636,105.95775917903,0.585563446827083,0.0136263111688797,0.105764779621321,0.293044524251172,60,6,74,4,0.226689976689977,6,16,113,26,17.6818181818182,14.9615384615385,12.7584557367869,19.6801255281048,177.43990184664,15.2998701865238,152.521113362397,163.092716862894,66,78,14,32,34,34
292,"sim_0292",31380868,20260730,"broad_lhs",,"continuous_lhs",TRUE,FALSE,"completed","2026-08-05 02:19:10.577364 +0200","2026-08-05 02:19:13.292529 +0200",2.715,10,,,TRUE,"completed",10,0.0594269849393819,0.0469588409119626,0.090541404395051,0.0870513547934666,75.7987064921401,3.25714211660352,0.0149097010234426,0.219358927137477,0.707693960039366,18,8,29,20,0.0777080062794348,6,18,26,30,3.80769230769231,2.02040816326531,22.3408552048613,31.0012558810467,47.3912823939078,105.711137087147,127.220928689824,44.2490823185087,26,49,2,8.13333333333334,10,10
293,"sim_0293",31485597,20260730,"broad_lhs",,"continuous_lhs",TRUE,FALSE,"completed","2026-08-05 02:19:09.332647 +0200","2026-08-05 02:19:14.489817 +0200",5.157,10,,,TRUE,"completed",10,0.410505378326589,0.0671046099824215,0.120074110899648,0.616112942774836,83.3244534572172,14.6659892425164,0.0900985114018435,0.0328605931488952,0.173579612861446,53,3,75,8,0.103485370051635,6,19,114,26,8.58928571428571,5.79518072289157,1.12272375422428,53.9089480637352,134.619211012784,5.64452607925329,234.530136448159,163.736529257375,56,83,6,12,28.5466666666666,30
294,"sim_0294",31590326,20260730,"broad_lhs",,"continuous_lhs",TRUE,FALSE,"completed","2026-08-05 02:19:09.627526 +0200","2026-08-05 02:19:11.944641 +0200",2.317,10,,,TRUE,"completed",10,0.468090280974401,0.142052954913488,0.0765092802892238,0.0564027046376145,60.9933279801988,1.54900623470229,0.118565606191368,0.146614218875507,0.514782328407276,11,4,16,11,0.116049382716049,3,12,16,20,3.13333333333333,1.74074074074074,14.222119033788,6.76597485855277,36.8690784069399,38.7967106540423,15.0862564672863,61.8817385447366,15,27,1,6,6,6
295,"sim_0295",31695055,20260730,"broad_lhs",,"continuous_lhs",TRUE,FALSE,"completed","2026-08-05 02:19:09.755573 +0200","2026-08-05 02:19:13.112994 +0200",3.357,10,,,TRUE,"completed",10,0.360069717094503,0.258542048561517,0.057303868682783,0.299183831331276,93.1614077558327,0.522735688704914,0.0350349885056382,0.191836941370146,0.0774987271916004,7,4,19,12,0.0175953079178886,6,27,3,36,0.545454545454545,0.193548387096774,5.71154177685869,11.4147510879496,12.4462747425546,18.1563578438633,53.1599330392686,20.4645867477814,11,31,0,1,2,2
296,"sim_0296",31799784,20260730,"broad_lhs",,"continuous_lhs",TRUE,FALSE,"completed","2026-08-05 02:19:09.308864 +0200","2026-08-05 02:19:11.565720 +0200",2.257,10,,,TRUE,"completed",10,0.335494393190953,0.222042457677825,0.0238865062751324,0.0436247565085762,88.4232514087111,3.60829955396947,0.0519074992379456,0.12330151677054,0.609618793334691,3,1,11,5,0,4,16,1,20,0,0,0.85028767492366,9.09007907632425,6.53955650238408,17.7737100915489,43.3902016018849,17.9749382373771,4,16,0,0,0,0
297,"sim_0297",31904513,20260730,"broad_lhs",,"continuous_lhs",TRUE,FALSE,"completed","2026-08-05 02:19:09.374806 +0200","2026-08-05 02:19:11.415773 +0200",2.041,10,,,TRUE,"completed",10,0.0691017540683411,0.122828022269033,0.0227481739809214,0.277523085204856,90.7445610051147,0.442263602637168,0.00749256765245463,0.0716826686514024,0.296654765638281,4,3,8,4,0,7,12,1,19,0,0,4.1937668611349,24.5324248835922,0,2.35365525952248,54.3614398828382,0,7,12,0,0,0,0
298,"sim_0298",32009242,20260730,"broad_lhs",,"continuous_lhs",TRUE,FALSE,"completed","2026-08-05 02:19:12.878302 +0200","2026-08-05 02:19:15.632244 +0200",2.754,10,,,TRUE,"completed",10,0.150942733944483,0.0660483705304459,0.058959313615537,0.446148806962086,78.6348197462451,5.35269083096124,0.0288300645320645,0.0188969595750354,0.298622069750624,17,2,38,6,0.0478468899521531,3,28,12,36,2.10526315789474,0.909090909090909,9.71622803018355,44.3381343632719,42.7488664415623,18.1228522485246,122.630893310272,67.3101495677659,19,44,1,4,5,5
299,"sim_0299",32113971,20260730,"broad_lhs",,"continuous_lhs",TRUE,FALSE,"completed","2026-08-05 02:19:12.614517 +0200","2026-08-05 02:19:14.176751 +0200",1.562,10,,,TRUE,"completed",10,0.0932142046129966,0.276617649580718,0.0121830488269566,0.111290246014075,54.6220957052377,2.77615055707788,0.0549627777237031,0.149498103274576,0.0682115689102405,1,0,1,4,,1,5,1,6,0,0,0,0.886777579415821,0,7.8770620809484,6.7676580661357,0,1,5,0,0,0,0
300,"sim_0300",32218700,20260730,"broad_lhs",,"continuous_lhs",TRUE,FALSE,"completed","2026-08-05 02:19:11.886265 +0200","2026-08-05 02:19:13.516411 +0200",1.631,10,,,TRUE,"completed",10,0.0582613615794197,0.086783501832833,0.024632082842275,0.0946569061724683,45.8846212368872,17.9900810365008,0.0512058303934258,0.144292429965442,0.427205081295322,0,4,7,4,0.0681818181818182,2,8,3,12,0.75,0.272727272727273,8.90664627538272,0,0,14.1777243149268,38.4334902003544,0,4,11,0,1.13333333333333,2,2
301,"sim_0301",32323429,20260730,"broad_lhs",,"continuous_lhs",TRUE,FALSE,"completed","2026-08-05 02:19:11.485918 +0200","2026-08-05 02:19:15.020117 +0200",3.534,10,,,TRUE,"completed",10,0.337925437886965,0.18331290495619,0.0560393153927593,0.120644846452998,110.869504957356,2.30848462627865,0.00754987501567715,0.163441765568374,0.0733364484820128,9,9,30,20,0.0377777777777778,9,29,10,42,1.88888888888889,0.68,16.8904655262271,25.5603019638698,12.7600806834516,47.1275679958705,43.5446168785704,100.018284431904,18,50,0,2,7.98333333333333,8
302,"sim_0302",32428158,20260730,"broad_lhs",,"continuous_lhs",TRUE,FALSE,"completed","2026-08-05 02:19:12.197858 +0200","2026-08-05 02:19:23.212263 +0200",11.014,10,,,TRUE,"completed",10,0.631855434511424,0.239499811278969,0.156687856783532,0.193114904101356,108.118417366698,6.23760162527354,0.0946214742371826,0.224768462008926,0.210588958683417,104,6,136,17,0.426322043969103,4,13,246,18,65.2272727272727,46.8954248366013,12.2458502148463,32.81408598657,263.529066720185,50.7264634085043,82.2476412785454,322.274715648472,110,153,63,106,109,110
303,"sim_0303",32532887,20260730,"broad_lhs",,"continuous_lhs",TRUE,FALSE,"completed","2026-08-05 02:19:11.742406 +0200","2026-08-05 02:19:14.624552 +0200",2.882,10,,,TRUE,"completed",10,0.510061555730859,0.331969381368805,0.017852416551837,0.0854839680433238,104.596131391471,19.3266608938744,0.0114896464383515,0.0809565403955963,0.0992882912519189,9,0,19,8,0.0699588477366255,2,22,8,26,1.88888888888889,0.62962962962963,0,0,19.4527008564841,22.6441211433239,16.5315787992074,29.2021383600885,9,27,0,3.03333333333333,5,5
304,"sim_0304",32637616,20260730,"broad_lhs",,"continuous_lhs",TRUE,FALSE,"completed","2026-08-05 02:19:11.610548 +0200","2026-08-05 02:19:14.300052 +0200",2.69,10,,,TRUE,"completed",10,0.243286499699936,0.0372004259420077,0.0498993245737191,0.0656583618273988,82.05844463884,6.1045291450844,0.112895820622607,0.116509791093219,0.813218382477975,26,7,31,31,0.0674486803519062,7,28,47,38,4.18181818181818,2.2258064516129,28.0779840870929,11.7930058160038,77.2098331590867,157.036703051767,33.4307978004058,105.471236063945,33,62,1.00000000000001,9,14.7133333333333,15
305,"sim_0305",32742345,20260730,"broad_lhs",,"continuous_lhs",TRUE,FALSE,"completed","2026-08-05 02:19:12.110231 +0200","2026-08-05 02:19:15.234961 +0200",3.125,10,,,TRUE,"completed",10,0.117186136876062,0.0467574278861901,0.097079539653036,0.0374194395321246,70.2720281410962,26.8883519386008,0.0106091310817957,0.19951644295529,0.209919443538845,23,20,25,40,0.0604651162790698,2,11,95,14,3.93023255813953,2.6,64.8404778418263,25.7588170369351,83.7184795556588,225.070539560535,53.4185427943205,90.2870843284158,43,65,3,6,9.58333333333334,10
306,"sim_0306",32847074,20260730,"broad_lhs",,"continuous_lhs",TRUE,FALSE,"completed","2026-08-05 02:19:11.855076 +0200","2026-08-05 02:19:15.624545 +0200",3.77,10,,,TRUE,"completed",10,0.554725428123744,0.217185961472062,0.0611204450003331,0.181014688870683,86.4104879030958,0.892913755433697,0.0431978100388298,0.0430268826645463,0.0922866044237126,17,6,25,13,0.0251716247139588,11,22,6,40,0.956521739130435,0.578947368421053,8.5682832016468,22.8718011206536,47.5398344686348,33.5886077138139,39.2875154349761,69.9373418848134,23,38,0,2,5,5
307,"sim_0307",32951803,20260730,"broad_lhs",,"continuous_lhs",TRUE,FALSE,"completed","2026-08-05 02:19:11.919253 +0200","2026-08-05 02:19:13.288461 +0200",1.369,10,,,TRUE,"completed",10,0.0551203129121126,0.0852681980547231,0.0117914391052237,0.158321747752331,44.6870215324064,4.34889857575791,0.0097289779384269,0.101602545738311,0.0849063699591364,0,0,0,1,,,1,,,,0,0,0,0,6.33710152448294,0,0,0,1,0,0,0,0
308,"sim_0308",33056532,20260730,"broad_lhs",,"continuous_lhs",TRUE,FALSE,"completed","2026-08-05 02:19:11.918554 +0200","2026-08-05 02:19:14.044679 +0200",2.126,10,,,TRUE,"completed",10,0.0610038377047129,0.358355934209361,0.0262112107401368,0.167215797289446,76.3587305609965,16.9144701797037,0.0169653761550731,0.185742101337075,0.0907080800714929,1,2,2,4,0,3,6,1,9,0,0,3.27740875775565,6.39873571345116,0,12.1832365459573,9.51456906739227,0,3,6,0,0,0,0
309,"sim_0309",33161261,20260730,"broad_lhs",,"continuous_lhs",TRUE,FALSE,"completed","2026-08-05 02:19:11.928101 +0200","2026-08-05 02:19:15.288747 +0200",3.36,10,,,TRUE,"completed",10,0.101080222270384,0.0546917527581278,0.0495523506976639,0.192405592191635,99.540061530802,0.464821521263145,0.00715662403594393,0.209976162713008,0.486666807576479,43,8,65,6,0.173985086992544,7,20,84,32,12.3529411764706,8.87323943661972,32.9754964303268,37.1033695467542,97.7193467407202,14.7829244643476,147.128618061989,145.117267588832,51,71,7.50000000000001,24.4333333333333,27,27
310,"sim_0310",33265990,20260730,"broad_lhs",,"continuous_lhs",TRUE,FALSE,"completed","2026-08-05 02:19:12.628309 +0200","2026-08-05 02:19:15.252578 +0200",2.624,10,,,TRUE,"completed",10,0.0863183600581406,0.0650599555445307,0.0394826983760628,0.501114641395846,73.9460587001716,0.286946625168154,0.0347420874233578,0.143699020966952,0.143174847569194,9,5,31,4,0.0428571428571429,3,20,10,28,1.5,0.6,6.56562198323925,28.6681816808253,13.8716174912607,7.59080060514397,167.838846672503,9.80910558326108,14,35,1,2,3,3
311,"sim_0311",33370719,20260730,"broad_lhs",,"continuous_lhs",TRUE,FALSE,"completed","2026-08-05 02:19:11.927948 +0200","2026-08-05 02:19:16.357035 +0200",4.43,10,,,TRUE,"completed",10,0.0942900976427843,0.0528098229264516,0.0264391017827016,0.0763543431691101,110.328862212433,0.492835121112293,0.0439170750637646,0.205934335671029,1.12316479726061,83,2,85,11,0.16703431372549,7,17,155,26,16.0352941176471,14.1979166666667,3.90281824325994,20.7719406579812,205.091901105238,79.438050720211,37.4999162181515,229.190885649008,85,96,14,30,34,40
312,"sim_0312",33475448,20260730,"broad_lhs",,"continuous_lhs",TRUE,FALSE,"completed","2026-08-05 02:19:12.867865 +0200","2026-08-05 02:19:14.866848 +0200",1.999,10,,,TRUE,"completed",10,0.395056737567849,0.0570362037155623,0.0632150798833333,0.0560581229416673,50.4473238962599,4.59915449640342,0.0258990797960715,0.108749374148125,0.113625612793413,9,3,6,17,0.0434782608695652,4,14,6,23,1,0.521739130434783,9.59006231978772,5.04206605256069,39.1545184929108,85.80772578685,33.950839581714,15.2113328106694,12,23,0,1.13333333333333,5,5
313,"sim_0313",33580177,20260730,"broad_lhs",,"continuous_lhs",TRUE,FALSE,"completed","2026-08-05 02:19:12.008362 +0200","2026-08-05 02:19:13.551132 +0200",1.543,10,,,TRUE,"completed",10,0.528475492884099,0.0447857085987282,0.0121315398753727,0.0677020429035813,57.1856391817331,2.69257056297075,0.0723682507877805,0.18994057516658,0.657559812016371,9,1,7,5,0.05,6,10,6,17,0.6,0.5,0.0350695469110107,8.13936959743582,29.7368792990976,18.0051699355376,11.0444417939232,27.4305527435183,10,12,0,2.43333333333333,3,3
314,"sim_0314",33684906,20260730,"broad_lhs",,"continuous_lhs",TRUE,FALSE,"completed","2026-08-05 02:19:11.602359 +0200","2026-08-05 02:19:16.512692 +0200",4.91,10,,,TRUE,"completed",10,0.499061616094443,0.148433219720268,0.10719271267188,0.183818802166204,73.6131683537737,16.217491818476,0.0191989618027051,0.0504591727249661,0.306337400480399,56,5,58,10,0.39175506268081,5,12,105,20,26.6393442622951,23.8970588235294,8.76704236522047,29.7302498998095,111.703519249836,26.582416664749,101.772023423654,118.328765598286,61,68,36,42,43,43
315,"sim_0315",33789635,20260730,"broad_lhs",,"continuous_lhs",TRUE,FALSE,"completed","2026-08-05 02:19:11.916991 +0200","2026-08-05 02:19:14.551836 +0200",2.635,10,,,TRUE,"completed",10,0.399730639361443,0.318324335080698,0.113753114598696,0.0454675318165719,49.7467831203093,5.24001232828305,0.0480311575042929,0.212374555427943,1.18907941520271,4,4,4,11,0.0583333333333333,3,9,3,16,0.875,0.466666666666667,4.37914382021823,19.9833709645326,0,26.8575586499581,9.56518986078298,0,8,15,1.77635683940025e-15,2,2,2
316,"sim_0316",33894364,20260730,"broad_lhs",,"continuous_lhs",TRUE,FALSE,"completed","2026-08-05 02:19:12.148354 +0200","2026-08-05 02:19:15.444129 +0200",3.295,10,,,TRUE,"completed",10,0.0988664752579003,0.111883637300989,0.170146288012896,0.130526066042051,64.4234794537433,7.63715569383461,0.0507895491057114,0.108165664780342,0.911006007419626,8,12,22,20,0.0357142857142857,4,20,5,35,1.5,0.714285714285714,53.5492674335206,38.0304280199752,16.4800718731458,67.3302377607195,120.896111248634,25.08680431392,20,42,1,2,4,4
317,"sim_0317",33999093,20260730,"broad_lhs",,"continuous_lhs",TRUE,FALSE,"completed","2026-08-05 02:19:11.959764 +0200","2026-08-05 02:19:14.901138 +0200",2.941,10,,,TRUE,"completed",10,0.434229239936925,0.0578607962011195,0.116493555444273,0.641842339112755,61.2683619325981,3.380093494568,0.0202754492364103,0.0263690502380875,0.0812483971830496,20,1,33,6,0.0256410256410256,14,24,9,42,1,0.538461538461538,5.80949888539953,63.7408661205342,37.4362618885114,7.48246952451847,179.566953166328,40.5028808065094,21,39,0,2,6,6
318,"sim_0318",34103822,20260730,"broad_lhs",,"continuous_lhs",TRUE,FALSE,"completed","2026-08-05 02:19:12.351969 +0200","2026-08-05 02:19:14.145986 +0200",1.794,10,,,TRUE,"completed",10,0.213140100839558,0.035217106902114,0.0382905336392261,0.0637909979560841,66.4851236160224,1.57296660599525,0.00666078795470633,0.0778714504904605,0.778271876323458,0,5,10,19,0.00689655172413793,4,28,2,33,0.2,0.0344827586206897,15.1683586290491,0,0,108.358780049689,12.1204087409372,41.5529284064861,5,29,0,0,1,1
319,"sim_0319",34208551,20260730,"broad_lhs",,"continuous_lhs",TRUE,FALSE,"completed","2026-08-05 02:19:19.424745 +0200","2026-08-05 02:19:22.054558 +0200",2.63,10,,,TRUE,"completed",10,0.522658573638883,0.556516992339028,0.137799906916596,0.235340142422623,49.2765816066828,0.810130659764634,0.112150012067064,0.181966736102606,0.11149409123297,3,1,5,10,0.133333333333333,0,13,6,14,2,0.533333333333333,0,5.48579037715413,9.2533156284652,8.30772636259288,1.68162419127278,7.30346721937737,4,15,0,3.46666666666667,4,4
320,"sim_0320",34313280,20260730,"broad_lhs",,"continuous_lhs",TRUE,FALSE,"completed","2026-08-05 02:19:28.176298 +0200","2026-08-05 02:19:30.293695 +0200",2.117,10,,,TRUE,"completed",10,0.343941523774429,0.120328254642091,0.0374627660402485,0.232039540488594,56.4098036054108,1.12476983431328,0.0359611549697454,0.0383570184993247,1.09842364731351,3,2,15,7,0,5,22,1,27,0,0,9.12251113750621,15.8012196733155,0,24.3905263726742,52.2911688709334,16.7947079288096,5,22,0,0,0,0
321,"sim_0321",34418009,20260730,"broad_lhs",,"continuous_lhs",TRUE,FALSE,"completed","2026-08-05 02:19:28.176186 +0200","2026-08-05 02:19:30.295282 +0200",2.119,10,,,TRUE,"completed",10,0.215086691185685,0.292182174117472,0.0159467448533172,0.136443098672092,91.8935674052272,31.2309912402951,0.0161419363682971,0.02479159732692,0.860019820778115,2,1,4,5,0,3,9,1,12,0,0,1.23623928404139,9.54329435457262,0,12.9730853191513,13.8565804540578,0,3,9,0,0,0,0
322,"sim_0322",34522738,20260730,"broad_lhs",,"continuous_lhs",TRUE,FALSE,"completed","2026-08-05 02:19:28.100958 +0200","2026-08-05 02:19:30.244712 +0200",2.144,10,,,TRUE,"completed",10,0.167580235412282,0.110327510450017,0.0164523237674499,0.0592334818986173,109.784911518792,6.532351448147,0.0154656561758647,0.188983811463954,0.54490489396456,5,4,8,12,0.0222222222222222,6,16,3,25,0.444444444444444,0.2,5.86705330702869,3.30801842318098,16.5476435132965,45.6069098751073,52.2678481655389,0,9,20,0,1,2,2
323,"sim_0323",34627467,20260730,"broad_lhs",,"continuous_lhs",TRUE,FALSE,"completed","2026-08-05 02:19:29.521973 +0200","2026-08-05 02:19:32.010089 +0200",2.488,10,,,TRUE,"completed",10,0.077354524183051,0.1803910260141,0.0769823043862364,0.506744674746875,65.4867239242006,0.508453422856545,0.0800188605694788,0.0577804117526264,0.144908335931983,5,1,18,5,0.0434782608695652,3,18,5,23,1,0.260869565217391,2.06812185429777,24.3413885348941,0,5.69621216992759,96.8119557498296,0,6,23,0,1.73333333333333,3,3
324,"sim_0324",34732196,20260730,"broad_lhs",,"continuous_lhs",TRUE,FALSE,"completed","2026-08-05 02:19:28.290097 +0200","2026-08-05 02:19:30.465944 +0200",2.176,10,,,TRUE,"completed",10,0.174962689526411,0.313943585371484,0.0856180031219817,0.309030184505089,45.665575982444,1.49488126481916,0.0106665401399451,0.043609164881313,0.484037954328607,3,0,2,5,0,3,7,1,10,0,0,0,16.0566192843207,0,3.80195589180457,13.6602196901375,0,3,7,0,0,0,0
325,"sim_0325",34836925,20260730,"broad_lhs",,"continuous_lhs",TRUE,FALSE,"completed","2026-08-05 02:19:28.016880 +0200","2026-08-05 02:19:30.268414 +0200",2.251,10,,,TRUE,"completed",10,0.3654915605479,0.0465402111245489,0.0154452136640795,0.0644886950118026,93.2700031822961,0.404074536752256,0.042818666148147,0.216691935241947,0.268331570819788,22,4,31,12,0.148479427549195,11,22,31,36,6.38461538461539,3.86046511627907,7.35580571005893,18.3438301619389,65.7520603056768,50.4248516436114,18.1633212419983,101.413777876447,26,43,1,12,16,16
326,"sim_0326",34941654,20260730,"broad_lhs",,"continuous_lhs",TRUE,FALSE,"completed","2026-08-05 02:19:27.687628 +0200","2026-08-05 02:19:29.374167 +0200",1.686,10,,,TRUE,"completed",10,0.292211751240141,0.212066357004696,0.0204278595265678,0.11616332349844,65.8169780233461,10.0500647496466,0.00868354933051964,0.216513912565359,0.443705132353904,1,0,3,7,,1,10,1,11,0,0,0,7.10928044946962,0,15.3300139748158,14.6128411131272,0,1,10,0,0,0,0
327,"sim_0327",35046383,20260730,"broad_lhs",,"continuous_lhs",TRUE,FALSE,"completed","2026-08-05 02:19:27.860483 +0200","2026-08-05 02:19:30.161574 +0200",2.301,10,,,TRUE,"completed",10,0.458255257386242,0.284035536944073,0.0185442440778258,0.671762421912781,79.5364128640749,0.51719283992764,0.0814773461461626,0.191385657357039,0.187628122539588,3,0,14,1,0,3,15,1,18,0,0,0,7.70675181336258,8.84150688483665,0.703162831773939,25.9053133600382,27.5008209267963,3,15,0,0,0,0
328,"sim_0328",35151112,20260730,"broad_lhs",,"continuous_lhs",TRUE,FALSE,"completed","2026-08-05 02:19:27.686260 +0200","2026-08-05 02:19:43.378744 +0200",15.692,10,,,TRUE,"completed",10,0.439277682088022,0.225174260655821,0.157183046568999,0.472622264686911,111.072407000574,14.9096455298437,0.00944334451607178,0.0592476655291264,0.206972259588487,69,5,99,11,0.136486486486486,3,10,169,15,15.0135135135135,10.1,4.03388679223902,50.3106886079719,190.207692904976,8.22834222733546,178.725653791012,189.846890809021,74,110,9,28.4666666666666,43,43
329,"sim_0329",35255841,20260730,"broad_lhs",,"continuous_lhs",TRUE,FALSE,"completed","2026-08-05 02:19:28.394821 +0200","2026-08-05 02:19:33.243187 +0200",4.848,10,,,TRUE,"completed",10,0.0484895255504164,0.312905552797843,0.0464353271327527,0.222646234151444,89.6507410318901,0.449211308141527,0.0139739069539084,0.0255691028591375,1.03813082014122,48,3,59,7,0.397207367795603,3,17,93,23,26.2156862745098,20.2575757575758,11.358889980649,7.33756939251178,68.08470012467,11.7909074039768,57.1342541093883,58.3921281220647,51,66,27,37,41.48,43
330,"sim_0330",35360570,20260730,"broad_lhs",,"continuous_lhs",TRUE,FALSE,"completed","2026-08-05 02:19:33.142885 +0200","2026-08-05 02:19:35.255834 +0200",2.113,10,,,TRUE,"completed",10,0.145724962156117,0.382127041074084,0.0918865579683495,0.103599680843349,47.8225104585704,0.991086263311168,0.00848042538089529,0.225303933516843,0.2613334362703,0,3,3,8,0,3,11,1,14,0,0,8.78521806297571,0,0,24.3297590493797,12.206098343368,0,3,11,0,0,0,0
331,"sim_0331",35465299,20260730,"broad_lhs",,"continuous_lhs",TRUE,FALSE,"completed","2026-08-05 02:19:33.691748 +0200","2026-08-05 02:19:38.402449 +0200",4.711,10,,,TRUE,"completed",10,0.419309642224156,0.0607915466041714,0.108835053730346,0.0489788684322329,86.0967821559351,11.703649592961,0.0296446517537753,0.211050657753755,0.0982505636118059,59,11,67,38,0.218639455782313,5,12,154,20,22.9571428571429,15.3047619047619,52.9577210529535,38.091988109211,207.261067383558,170.032125199029,52.5404443250341,184.741027378516,70,105,8,46,47,47
332,"sim_0332",35570028,20260730,"broad_lhs",,"continuous_lhs",TRUE,FALSE,"completed","2026-08-05 02:19:33.355882 +0200","2026-08-05 02:19:34.915425 +0200",1.56,10,,,TRUE,"completed",10,0.0619664128797211,0.0768342097383705,0.0137659574717844,0.0501185842509902,71.2939419738121,1.38036617021608,0.0348263117103989,0.0218672658608476,0.370338953740477,0,2,1,8,0.111111111111111,0,7,2,9,1,0.222222222222222,7.93553496039161,0,0,29.98722525577,7.52448561800793,0,2,9,0,1,1,1
333,"sim_0333",35674757,20260730,"broad_lhs",,"continuous_lhs",TRUE,FALSE,"completed","2026-08-05 02:19:37.588750 +0200","2026-08-05 02:19:40.903532 +0200",3.315,10,,,TRUE,"completed",10,0.169536896197415,0.0942219581738232,0.0262766260954966,0.156670597113143,104.658390168825,3.9770929660032,0.0765768079696859,0.177645352014095,0.50467589650535,52,0,70,12,0.2546904315197,6,32,88,40,20.8846153846154,13.2439024390244,0,0,126.843111644527,42.8358299322787,98.5943266764674,134.963635789491,52,82,17.5,33,37.3233333333333,38
334,"sim_0334",35779486,20260730,"broad_lhs",,"continuous_lhs",TRUE,FALSE,"completed","2026-08-05 02:19:36.847812 +0200","2026-08-05 02:19:38.588915 +0200",1.741,10,,,TRUE,"completed",10,0.501612657885111,0.435705183614253,0.0198515264334546,0.216060984061662,52.6323001181293,2.81635338688568,0.00735960387233328,0.125062789308205,0.128611091618636,1,2,4,0,0,3,4,1,7,0,0,0.126111384996309,6.26230952612728,0,0,1.84654075838087,3.84744515507235,3,4,0,0,0,0
335,"sim_0335",35884215,20260730,"broad_lhs",,"continuous_lhs",TRUE,FALSE,"completed","2026-08-05 02:19:36.461339 +0200","2026-08-05 02:19:38.774708 +0200",2.313,10,,,TRUE,"completed",10,0.55383310887662,0.049623332676855,0.0369874454125307,0.196578600555851,74.2968106909552,4.25805062726443,0.120961079838566,0.0891350287515282,0.226449285391192,17,2,25,6,0.067911714770798,4,19,13,28,2.10526315789474,1.29032258064516,2.64978434191137,14.4603332984663,52.4773576118841,12.5420337093164,80.9809039097258,66.2146699106683,19,31,1,5,6,6
336,"sim_0336",35988944,20260730,"broad_lhs",,"continuous_lhs",TRUE,FALSE,"completed","2026-08-05 02:19:37.406162 +0200","2026-08-05 02:19:39.333113 +0200",1.927,10,,,TRUE,"completed",10,0.0937918715904054,0.0373525104611794,0.0792167605243568,0.0394903668808929,50.3167399063086,1.07933963220652,0.0967220229795658,0.0842665778322326,0.152761893582923,3,8,9,13,0.0495867768595041,6,16,9,24,1.09090909090909,0.545454545454545,37.2098673476021,5.83022577121215,10.2594980974608,62.8751575553,40.9525807265627,28.9075314987053,11,22,0,3,4,4
337,"sim_0337",36093673,20260730,"broad_lhs",,"continuous_lhs",TRUE,FALSE,"completed","2026-08-05 02:19:36.648481 +0200","2026-08-05 02:20:00.635028 +0200",23.986,10,,,TRUE,"completed",10,0.474751328797468,0.47826954815603,0.0745916581535759,0.046171587159531,103.279555669158,9.40359069304374,0.0325531763707812,0.225678288641114,1.23023231975029,209,2,255,7,0.627274700625882,1,2,470,4,164.345971563981,132.354961832061,7.46667897885863,0,430.691918896017,13.7397613208583,14.3255332945265,468.584860019363,211,262,144,207,221.733333333333,222
338,"sim_0338",36198402,20260730,"broad_lhs",,"continuous_lhs",TRUE,FALSE,"completed","2026-08-05 02:19:36.714976 +0200","2026-08-05 02:19:40.764020 +0200",4.049,10,,,TRUE,"completed",10,0.0652839337528072,0.0552971810966557,0.0449142752672499,0.0972756787409293,112.386767618751,1.11909618501898,0.0227552054235642,0.0597367158871041,0.28831434676107,58,5,72,18,0.208465608465608,5,19,105,31,18.7619047619048,13.1333333333333,22.1915549765164,17.0843869408814,168.766437190479,109.861867405145,36.4876429909515,239.871464985667,63,90,17,34,40.1333333333333,41
339,"sim_0339",36303131,20260730,"broad_lhs",,"continuous_lhs",TRUE,FALSE,"completed","2026-08-05 02:19:36.785582 +0200","2026-08-05 02:19:42.288625 +0200",5.503,10,,,TRUE,"completed",10,0.0936342693984909,0.119605635394061,0.112581471100282,0.648106502719478,102.837772222112,1.37563325069265,0.0159354964712271,0.207965239269672,0.11556164948785,29,3,61,8,0.041213768115942,2,32,47,42,2.84375,1.31884057971015,1.39290117745805,63.9931255126274,71.3941029293712,17.6482120964631,257.96329803566,50.1051202693964,32,69,1,5,10,10
340,"sim_0340",36407860,20260730,"broad_lhs",,"continuous_lhs",TRUE,FALSE,"completed","2026-08-05 02:19:36.519941 +0200","2026-08-05 02:19:37.951800 +0200",1.432,10,,,TRUE,"completed",10,0.113866969107014,0.0988725915225944,0.021539783526849,0.115622014293453,52.0692176318624,8.92868444125401,0.0743246288784179,0.029181109515161,0.103441593550303,2,1,2,6,0,3,8,1,11,0,0,0.169084655648181,0,8.01208884165117,23.6841499557902,17.5259239744287,0,3,8,0,0,0,0
341,"sim_0341",36512589,20260730,"broad_lhs",,"continuous_lhs",TRUE,FALSE,"completed","2026-08-05 02:19:36.977955 +0200","2026-08-05 02:19:39.260972 +0200",2.283,10,,,TRUE,"completed",10,0.0648042130159749,0.403451502945727,0.018452238036238,0.0449816453880945,112.16000327588,5.92796162653197,0.0321442202606778,0.0950086335923859,0.193793196722337,0,0,0,3,,,3,,,,0,0,0,0,7.62332572691298,0,0,0,3,0,0,0,0
342,"sim_0342",36617318,20260730,"broad_lhs",,"continuous_lhs",TRUE,FALSE,"completed","2026-08-05 02:19:37.094488 +0200","2026-08-05 02:19:42.236956 +0200",5.142,10,,,TRUE,"completed",10,0.546460383097442,0.0809333868637489,0.0267455086583293,0.241631529784719,76.2074817712729,29.18191184537,0.00725211635310256,0.0923815033113998,0.156965040780809,57,3,87,2,0.257677902621723,3,7,139,11,22.9333333333333,15.4606741573034,12.8580438434362,9.75114265488048,161.438510219532,7.10140211989783,54.283807615845,248.37789446891,60,89,21,44,44,44
343,"sim_0343",36722047,20260730,"broad_lhs",,"continuous_lhs",TRUE,FALSE,"completed","2026-08-05 02:19:37.095382 +0200","2026-08-05 02:19:41.990315 +0200",4.895,10,,,TRUE,"completed",10,0.372026842372132,0.0697127231840848,0.0509957801457366,0.395821527088998,76.0360217827062,15.1912084741733,0.0205292665161185,0.138136327692709,0.838444101540288,68,2,78,0,0.222893772893773,1,6,137,10,17.3857142857143,15.6025641025641,7.23774862036785,28.7175508900143,201.980034765618,0,89.9851831119111,209.546719335881,70,78,17,31,33,33
344,"sim_0344",36826776,20260730,"broad_lhs",,"continuous_lhs",TRUE,FALSE,"completed","2026-08-05 02:19:36.687355 +0200","2026-08-05 02:19:41.425851 +0200",4.738,10,,,TRUE,"completed",10,0.530573322494366,0.0753839728726701,0.11547067386267,0.345708943189531,86.8785730298402,0.629848337134088,0.0509883165792959,0.0997680754316712,0.836011060079065,52,2,60,3,0.0737801293356849,9,22,53,38,4.64814814814815,3.98412698412698,6.28720166572197,57.5549557756104,198.580404520171,17.2924828494257,165.118129215489,184.720084310794,54,63,3,11.9333333333333,15,15
345,"sim_0345",36931505,20260730,"broad_lhs",,"continuous_lhs",TRUE,FALSE,"completed","2026-08-05 02:19:37.041683 +0200","2026-08-05 02:19:38.709674 +0200",1.668,10,,,TRUE,"completed",10,0.212254013266384,0.0512305554689873,0.040823516065131,0.0368358471541107,48.6849284007731,2.13647077745446,0.0199540948530568,0.21269642725671,0.26414126428036,0,8,5,7,0.0520833333333333,3,7,2,15,0.625,0.416666666666667,27.4527127968605,0,0,27.8561289631645,25.6523043293096,18.2013503243389,8,12,0.500000000000002,1,1,1
346,"sim_0346",37036234,20260730,"broad_lhs",,"continuous_lhs",TRUE,FALSE,"completed","2026-08-05 02:19:36.825195 +0200","2026-08-05 02:19:42.186032 +0200",5.361,10,,,TRUE,"completed",10,0.200696433787915,0.251116323462755,0.11745984136892,0.295042503752401,97.582718320522,6.87038316273176,0.0697806236612251,0.109845699751685,0.0973265730830778,18,7,30,20,0.048,6,26,12,40,2.4,1.2,6.63034440647872,13.2226895937436,55.1283698346179,26.5454844125777,76.3024435719164,71.8580747049889,25,50,1,4,8,8
347,"sim_0347",37140963,20260730,"broad_lhs",,"continuous_lhs",TRUE,FALSE,"completed","2026-08-05 02:19:37.163425 +0200","2026-08-05 02:19:39.948952 +0200",2.785,10,,,TRUE,"completed",10,0.0841864847135488,0.361887033075254,0.105318664007319,0.0651733141569592,62.0936313697861,0.357655205347464,0.101875116709444,0.220940322633057,0.117189197836209,1,5,5,12,0.0490196078431373,3,12,3,18,0.833333333333333,0.294117647058824,11.0201155165523,4.68546192094215,0,29.5067948661306,4.75685809164789,5.91935117548222,6,17,0,1.33333333333334,2,2
348,"sim_0348",37245692,20260730,"broad_lhs",,"continuous_lhs",TRUE,FALSE,"completed","2026-08-05 02:19:36.873029 +0200","2026-08-05 02:24:50.862596 +0200",313.99,10,,,TRUE,"completed",10,0.573135346888201,0.11820952277798,0.0508297040743808,0.254258702343071,106.198368047509,20.1345518132547,0.0912836324568614,0.0546958128310507,0.406462040349694,582,1,968,7,0.711627743325857,1,8,1549,10,693.83704974271,414.878974358974,0.73691554572509,17.9828730244358,1107.41765120188,29.4034187296229,96.9807939575492,1738.71866865358,583,975,481.5,818,918,938
349,"sim_0349",37350421,20260730,"broad_lhs",,"continuous_lhs",TRUE,FALSE,"completed","2026-08-05 02:19:37.303564 +0200","2026-08-05 02:19:39.575487 +0200",2.272,10,,,TRUE,"completed",10,0.138944476998563,0.20010518939255,0.021760902535626,0.0445495712037922,81.3513078112155,0.750758636515242,0.0455060957322568,0.218838921205089,1.20414315494283,8,2,14,11,0.08,5,19,11,25,2,0.8,4.68910551316991,10.1481099025019,9.75914012448199,49.8353453696165,25.6517370600258,33.262056763937,10,25,0,5,5,5
350,"sim_0350",37455150,20260730,"broad_lhs",,"continuous_lhs",TRUE,FALSE,"completed","2026-08-05 02:19:37.588956 +0200","2026-08-05 02:19:40.514791 +0200",2.926,10,,,TRUE,"completed",10,0.145431219242332,0.0397094420588393,0.099272405352911,0.106874295134074,74.1766289317567,1.43054688996467,0.0400450958682215,0.0448104386209484,0.572628055051403,30,7,37,12,0.0617760617760618,14,17,26,37,3.02702702702703,2.28571428571429,30.5167741073543,43.6877243532851,152.617559366239,65.2645438537005,135.375289228608,100.407288622347,37,49,2,6.03333333333335,11,11
351,"sim_0351",37559879,20260730,"broad_lhs",,"continuous_lhs",TRUE,FALSE,"completed","2026-08-05 02:19:36.527923 +0200","2026-08-05 02:19:39.216035 +0200",2.688,10,,,TRUE,"completed",10,0.382362895941266,0.328137252476531,0.136993359628203,0.0376136182351213,54.9893139892568,0.862978525874257,0.037533476748113,0.139596651396003,0.130159370882018,2,6,5,17,0.0170454545454545,5,19,2,27,0.375,0.136363636363636,24.1255193847809,11.0455766853591,0,25.4011104519918,30.5542531552234,0,8,22,0,1,1,1
352,"sim_0352",37664608,20260730,"broad_lhs",,"continuous_lhs",TRUE,FALSE,"completed","2026-08-05 02:19:37.395196 +0200","2026-08-05 02:19:39.371131 +0200",1.976,10,,,TRUE,"completed",10,0.110653269967318,0.570586209774706,0.0353926191355804,0.0578055740906007,53.1258479599944,4.73183979487739,0.0212595497226076,0.16131931482174,0.416728504734479,2,2,2,4,0.0833333333333333,3,4,3,8,0.5,0.333333333333333,2.2567863992881,9.46960692078512,0,3.91425117768049,0,3.02609065163682,4,6,0,1.63333333333333,2,2
353,"sim_0353",37769337,20260730,"broad_lhs",,"continuous_lhs",TRUE,FALSE,"completed","2026-08-05 02:19:37.519060 +0200","2026-08-05 02:19:39.880235 +0200",2.361,10,,,TRUE,"completed",10,0.0568384028381795,0.036240511884196,0.0788327316217408,0.149254267651458,71.1638675066746,2.45324502583684,0.0943737991932039,0.223722609599289,0.127512334871177,9,5,27,19,0.0714285714285714,4,25,18,34,3.28571428571429,1,8.99316001105612,36.3929546301767,13.5118040595152,85.2320312451277,178.88573315883,10.8752803859483,14,46,1,4,10,10
354,"sim_0354",37874066,20260730,"broad_lhs",,"continuous_lhs",TRUE,FALSE,"completed","2026-08-05 02:19:37.256106 +0200","2026-08-05 02:19:39.614742 +0200",2.358,10,,,TRUE,"completed",10,0.102800951832606,0.0853248475452191,0.0485870432649002,0.516195593335715,59.2191777345207,4.84242020639073,0.096071776886284,0.216339365358451,0.287027735381449,10,3,20,2,0.0524475524475524,4,11,6,22,1.15384615384615,0.681818181818182,2.92178711991922,50.3834150255302,6.80183310050655,5.00430968083674,63.1223360099534,34.3340440823383,13,22,1,2,4,4
355,"sim_0355",37978795,20260730,"broad_lhs",,"continuous_lhs",TRUE,FALSE,"completed","2026-08-05 02:19:38.721100 +0200","2026-08-05 02:19:41.635951 +0200",2.915,10,,,TRUE,"completed",10,0.0923731437285807,0.0969388162725247,0.135485654999246,0.54889022438193,60.3204747681403,1.2462702264269,0.00804731871411773,0.110249683249405,0.196539630378734,14,4,29,4,0.0538720538720539,6,16,20,27,1.77777777777778,0.96969696969697,3.28357217535288,59.9601767338507,19.2153154099799,5.43993632745572,147.519188204743,26.455009656322,18,33,1,3,7,7
356,"sim_0356",38083524,20260730,"broad_lhs",,"continuous_lhs",TRUE,FALSE,"completed","2026-08-05 02:19:38.409381 +0200","2026-08-05 02:19:42.832356 +0200",4.423,10,,,TRUE,"completed",10,0.403364010854413,0.0533478638512782,0.066954681225946,0.406557429343404,102.263880841993,4.04905696102828,0.00962128209878531,0.208691397416405,0.159866448127938,49,4,68,8,0.0558589870903674,10,21,91,35,4.24528301886792,2.96052631578947,8.81702306624363,29.6844836596069,162.37644293971,25.5226246638685,170.557266570903,204.251108991672,53,76,3,7,10,10
357,"sim_0357",38188253,20260730,"broad_lhs",,"continuous_lhs",TRUE,FALSE,"completed","2026-08-05 02:19:45.817809 +0200","2026-08-05 02:19:49.168121 +0200",3.351,10,,,TRUE,"completed",10,0.121524983653653,0.266046157085138,0.0734264379000142,0.046740775344483,85.1052208668035,19.9010322400089,0.125971064695503,0.0510147118431956,0.48156634875417,46,8,46,25,0.443140323422014,3,8,111,13,31.462962962963,23.9295774647887,31.473219987457,31.1980122701082,80.4242308046082,65.532162047435,27.2656563811757,82.0202775721083,54,71,33,47,51,51
358,"sim_0358",38292982,20260730,"broad_lhs",,"continuous_lhs",TRUE,FALSE,"completed","2026-08-05 02:19:46.728968 +0200","2026-08-05 02:19:50.058801 +0200",3.329,10,,,TRUE,"completed",10,0.331288644867861,0.0772889669950789,0.0238394077518733,0.440480881417045,107.532990470467,0.371583606771228,0.0409899603974818,0.0917461861949414,0.724227915689498,62,1,88,1,0.286784376672017,4,26,107,35,25.5238095238095,18.0674157303371,0.0529645806390207,11.5229922191878,126.527167083643,3.5966021033375,85.3578616925873,206.940552281669,63,89,27,41,46.1433333333333,47
359,"sim_0359",38397711,20260730,"broad_lhs",,"continuous_lhs",TRUE,FALSE,"completed","2026-08-05 02:19:55.280018 +0200","2026-08-05 02:19:57.433324 +0200",2.154,10,,,TRUE,"completed",10,0.35601398195282,0.295584203790726,0.0684122877201918,0.661639671266632,41.7975621509883,2.78211245347676,0.0464272639610452,0.102515182167214,0.262939826589229,1,1,4,2,0,2,6,1,8,0,0,0.411123028852741,9.49673904520523,0,5.57186032360905,15.7984150693491,0,2,6,0,0,0,0
360,"sim_0360",38502440,20260730,"broad_lhs",,"continuous_lhs",TRUE,FALSE,"completed","2026-08-05 02:19:54.893898 +0200","2026-08-05 02:20:01.734740 +0200",6.841,10,,,TRUE,"completed",10,0.66358609388721,0.103276930879477,0.0432848679953595,0.060063946430796,114.016608144302,9.0445904898829,0.0268908608153008,0.175108536786283,0.30677580135823,92,3,92,11,0.245477772100153,6,24,161,34,25.2842105263158,23.3203883495146,4.48312654077242,8.55948869826879,193.685982597333,30.5845064783986,20.1514456997933,264.95597737877,95,103,27.5,47,56,56
361,"sim_0361",38607169,20260730,"broad_lhs",,"continuous_lhs",TRUE,FALSE,"completed","2026-08-05 02:19:54.966199 +0200","2026-08-05 02:20:00.817366 +0200",5.852,10,,,TRUE,"completed",10,0.258772905302535,0.0406951248345572,0.0957864573109891,0.329051141892139,98.5912267437619,27.4169557533277,0.00854422226114416,0.0710686985823041,0.109803757987506,71,10,101,13,0.0823045267489712,6,13,169,23,9.38271604938272,6.66666666666667,18.9968945661115,50.1342563201439,200.82041125013,27.7859468563378,299.797070544824,217.239141065385,81,114,7,19,23,31
362,"sim_0362",38711898,20260730,"broad_lhs",,"continuous_lhs",TRUE,FALSE,"completed","2026-08-05 02:19:55.676044 +0200","2026-08-05 02:19:57.960836 +0200",2.285,10,,,TRUE,"completed",10,0.112756048917851,0.138295958141183,0.0429144882684753,0.169209449137833,67.0458156427989,19.6529278604517,0.0100540799150207,0.0677150803708032,0.101309789105952,3,2,13,6,0.0842105263157895,2,14,6,18,1.6,0.421052631578947,4.91459060930481,8.17013112405081,8.96456158778657,14.3022185837924,36.870274060973,12.6140458202547,5,19,0,2.23333333333333,4,4
363,"sim_0363",38816627,20260730,"broad_lhs",,"continuous_lhs",TRUE,FALSE,"completed","2026-08-05 02:19:55.991748 +0200","2026-08-05 02:19:59.847697 +0200",3.856,10,,,TRUE,"completed",10,0.0490775819287113,0.384041415922315,0.167720984339763,0.342256503709043,60.9435121128543,4.42568229827696,0.0224060578755537,0.0451033212101579,0.155008931051505,6,4,11,10,0.0428571428571429,6,13,6,22,0.9,0.428571428571429,5.37165437090802,24.652668638759,0,12.9106285266077,50.5966363534616,0,10,21,0,2,4,4
364,"sim_0364",38921356,20260730,"broad_lhs",,"continuous_lhs",TRUE,FALSE,"completed","2026-08-05 02:19:55.078408 +0200","2026-08-05 02:19:58.830870 +0200",3.752,10,,,TRUE,"completed",10,0.45375252906497,0.161321469373723,0.109572632286069,0.314183767501749,68.452738435256,1.7494219300703,0.0182431693769964,0.221715480855459,0.258756742585243,14,3,27,10,0.0476947535771065,6,22,15,32,1.76470588235294,0.810810810810811,5.95484244080362,28.1217925929097,25.358242032659,13.96018444931,101.819881143694,37.4613848638333,17,37,0,3.23333333333333,4,4
365,"sim_0365",39026085,20260730,"broad_lhs",,"continuous_lhs",TRUE,FALSE,"completed","2026-08-05 02:19:55.403188 +0200","2026-08-05 02:20:03.434617 +0200",8.032,10,,,TRUE,"completed",10,0.120135559456893,0.221108444442382,0.0567521607977849,0.269379238778072,81.9742310292605,28.693326967167,0.0541401549690668,0.203271550899177,0.977855503400637,60,3,92,10,0.649393090569561,3,5,157,9,66.2380952380952,40.9117647058824,7.91177851556308,13.6885769132261,255.605348784724,16.7185488010811,68.0612154734339,347.875945149389,63,102,47,84,88.0133333333333,89
366,"sim_0366",39130814,20260730,"broad_lhs",,"continuous_lhs",TRUE,FALSE,"completed","2026-08-05 02:19:54.282295 +0200","2026-08-05 02:19:56.525350 +0200",2.243,10,,,TRUE,"completed",10,0.131994168053941,0.0926119491493945,0.0221702836077902,0.120912767978248,114.923050987389,10.5895527632247,0.0407172069317742,0.121499117505478,0.09391271052494,2,4,20,18,0.0526315789473684,1,29,8,33,2,0.315789473684211,9.47362914647482,11.1072581281858,0,41.6668871260226,74.1297341691079,27.8981587191118,6,38,0,2.23333333333333,4,4
367,"sim_0367",39235543,20260730,"broad_lhs",,"continuous_lhs",TRUE,FALSE,"completed","2026-08-05 02:19:54.282342 +0200","2026-08-05 02:19:58.419438 +0200",4.137,10,,,TRUE,"completed",10,0.387603293750938,0.118569656086645,0.145831374064277,0.366675611235923,64.6412499461737,12.374372864007,0.0779316224821091,0.180305550595254,0.0662782635427645,33,7,46,9,0.127727272727273,7,5,79,14,7.025,5.10909090909091,7.99632041148017,67.1088898184073,115.027891329813,20.9126365655287,157.650824328965,99.7746214040599,40,55,6,11,19,19
368,"sim_0368",39340272,20260730,"broad_lhs",,"continuous_lhs",TRUE,FALSE,"completed","2026-08-05 02:19:56.610221 +0200","2026-08-05 02:19:58.447128 +0200",1.837,10,,,TRUE,"completed",10,0.231394435087735,0.13492199976271,0.0154055044968796,0.125774390038039,83.9464705684533,2.91274638273591,0.0135319997475461,0.10002736554701,0.311114135988853,4,1,9,3,0.1,2,10,5,13,1.2,0.5,1.48501697450955,6.97716630904327,13.3379589259686,0.993975104889589,19.3679610964135,13.0122238300205,5,12,0,2.93333333333334,3,3
369,"sim_0369",39445001,20260730,"broad_lhs",,"continuous_lhs",TRUE,FALSE,"completed","2026-08-05 02:19:56.465345 +0200","2026-08-05 02:19:58.701207 +0200",2.236,10,,,TRUE,"completed",10,0.154538624137909,0.417974439235421,0.0347539415375872,0.102389127488442,73.8508698984774,8.19639491235033,0.0866102219050808,0.113061318542847,0.147218581004233,2,2,2,3,0,4,5,1,9,0,0,2.39356705889105,5.10843088959463,0,3.62105791853676,2.61321915144873,0,4,5,0,0,0,0
370,"sim_0370",39549730,20260730,"broad_lhs",,"continuous_lhs",TRUE,FALSE,"completed","2026-08-05 02:20:00.400259 +0200","2026-08-05 02:20:03.679338 +0200",3.279,10,,,TRUE,"completed",10,0.180480658237475,0.0605569065400143,0.0921597466850658,0.173980783862514,95.8132966535166,0.400616017516988,0.111842669428315,0.152282957360148,0.171831624297288,22,11,47,19,0.0303030303030303,9,29,28,45,2,1,34.5136220083672,59.7383056971359,54.7071058456401,94.7667572294254,179.138014866579,127.711006713979,33,66,1,3.73333333333333,6.67333333333333,7
371,"sim_0371",39654459,20260730,"broad_lhs",,"continuous_lhs",TRUE,FALSE,"completed","2026-08-05 02:20:00.347741 +0200","2026-08-05 02:20:03.380674 +0200",3.033,10,,,TRUE,"completed",10,0.141779331058547,0.156084489976252,0.0245399921520736,0.692599190357657,116.97021693132,0.510940975367383,0.0544464150719229,0.0493645762425796,0.0873640782883895,10,2,34,5,0.0299145299145299,6,29,8,38,1.16666666666667,0.358974358974359,1.55246895704849,21.1807562273828,24.0414716482842,1.80604027166511,97.9451120986473,53.1901369685185,12,39,0,2,3,3
372,"sim_0372",39759188,20260730,"broad_lhs",,"continuous_lhs",TRUE,FALSE,"completed","2026-08-05 02:20:01.558387 +0200","2026-08-05 02:20:03.342553 +0200",1.784,10,,,TRUE,"completed",10,0.197187381883514,0.0536458016911957,0.0189021167856813,0.22730304622602,60.5751266071366,5.10387197672573,0.0167269745399219,0.207088404423169,0.135351943169443,6,0,11,8,0.0526315789473684,4,16,5,21,1,0.315789473684211,0,5.94927382283059,11.8023575991546,10.5506748549272,43.8030918691383,9.88101713501734,6,19,0,2.13333333333334,3,3
373,"sim_0373",39863917,20260730,"broad_lhs",,"continuous_lhs",TRUE,FALSE,"completed","2026-08-05 02:20:00.416583 +0200","2026-08-05 02:20:02.702649 +0200",2.286,10,,,TRUE,"completed",10,0.567381377805869,0.0991722505208792,0.0834391448942187,0.11382213800453,62.5783624833243,0.642962865665564,0.0801176679037776,0.208282410018146,0.125053791116872,11,6,21,8,0.0223123732251521,11,20,5,35,0.647058823529412,0.379310344827586,14.467061846366,10.7296146562956,35.1744030136643,42.9735322256763,38.1571568693706,56.3895915298944,17,29,0,1.03333333333333,4,4
374,"sim_0374",39968646,20260730,"broad_lhs",,"continuous_lhs",TRUE,FALSE,"completed","2026-08-05 02:19:59.987661 +0200","2026-08-05 02:20:07.347689 +0200",7.36,10,,,TRUE,"completed",10,0.0599294315041779,0.175768365733833,0.116054351723267,0.453416937035982,90.6306167811362,8.59801680168324,0.00928899003260787,0.0532562518166378,0.817151555388153,45,5,63,11,0.283783783783784,7,16,98,25,21,14.1891891891892,7.29554864653076,34.5509480081467,141.746022644747,6.62981780585055,190.456891053927,120.38528797864,50,74,16,35,45,45
375,"sim_0375",40073375,20260730,"broad_lhs",,"continuous_lhs",TRUE,FALSE,"completed","2026-08-05 02:20:01.609742 +0200","2026-08-05 02:20:03.336039 +0200",1.726,10,,,TRUE,"completed",10,0.139514986577135,0.114495904713308,0.0307938416145745,0.451065790501025,55.7899797681926,0.455888533736229,0.00687524008112271,0.020735581092627,0.0704528140946921,1,3,7,5,0.0208333333333333,3,11,2,15,0.25,0.0833333333333333,2.98033024183567,6.02508446806092,0,5.05379712927175,47.3477894178076,0,4,12,0,1,1,1
376,"sim_0376",40178104,20260730,"broad_lhs",,"continuous_lhs",TRUE,FALSE,"completed","2026-08-05 02:20:02.046357 +0200","2026-08-05 02:20:03.494434 +0200",1.448,10,,,TRUE,"completed",10,0.0975443938249689,0.166066712056817,0.011575116656314,0.042439832640963,45.9939576170304,2.64379217365626,0.0123490758548665,0.201653574074476,0.327772162027019,0,1,0,1,,1,1,1,2,0,0,0.61331846388962,0,0,1.77004557959772,0,0,1,1,0,0,0,0
377,"sim_0377",40282833,20260730,"broad_lhs",,"continuous_lhs",TRUE,FALSE,"completed","2026-08-05 02:20:01.588251 +0200","2026-08-05 02:20:05.817711 +0200",4.229,10,,,TRUE,"completed",10,0.115958009272466,0.0623069108520298,0.139900941734294,0.542663237873348,70.4303469281851,20.6048545900715,0.0295073059145959,0.202092814483137,0.869066291220423,44,4,63,17,0.1265625,5,9,108,17,10.125,6.075,7.48944888776574,102.322282364385,83.75803866602,11.9951875287022,206.500334584065,128.184589317122,48,80,6,20.1666666666666,24,24
378,"sim_0378",40387562,20260730,"broad_lhs",,"continuous_lhs",TRUE,FALSE,"completed","2026-08-05 02:20:01.592749 +0200","2026-08-05 02:20:04.939280 +0200",3.347,10,,,TRUE,"completed",10,0.413460785250669,0.0331234854164069,0.0649753098692627,0.0324646825436598,77.8321326345412,15.7669847004982,0.0118547993486534,0.217868348397185,0.67673226407792,43,7,58,18,0.08,3,17,66,23,6.08,4,31.2669079209502,5.83409592585381,160.678553123371,90.5220742357455,74.9793866538953,188.195276714995,50,76,4,11,17,17
379,"sim_0379",40492291,20260730,"broad_lhs",,"continuous_lhs",TRUE,FALSE,"completed","2026-08-05 02:20:01.650407 +0200","2026-08-05 02:20:03.669665 +0200",2.019,10,,,TRUE,"completed",10,0.27720519810778,0.471010275654027,0.0128789384157926,0.551995263315378,103.366172009934,3.19600147133696,0.007900780993056,0.186753654884588,0.36036250519571,2,2,1,3,0,4,4,1,8,0,0,3.40666493078673,3.80933234884257,0,2.54370631564155,1.57621429489522,0,4,4,0,0,0,0
380,"sim_0380",40597020,20260730,"broad_lhs",,"continuous_lhs",TRUE,FALSE,"completed","2026-08-05 02:20:01.809565 +0200","2026-08-05 02:20:03.417370 +0200",1.608,10,,,TRUE,"completed",10,0.0826353674907949,0.035799384267401,0.0141445023015379,0.0410602858702199,67.5852547094847,6.99314665936468,0.0449622575032807,0.159876473797291,0.116468167128745,0,3,5,8,0,3,13,1,16,0,0,15.3280267160177,0,0,46.8807680217486,21.8951819331085,10.8128211858214,3,13,0,0,0,0
381,"sim_0381",40701749,20260730,"broad_lhs",,"continuous_lhs",TRUE,FALSE,"completed","2026-08-05 02:20:01.530086 +0200","2026-08-05 02:20:03.744989 +0200",2.215,10,,,TRUE,"completed",10,0.517166806559302,0.140312116813826,0.0177937467481821,0.709868523929781,71.5659177544423,5.66064955382924,0.049989148572368,0.12098710917318,0.203544172421234,5,1,19,1,0.0416666666666667,2,16,3,21,0.833333333333333,0.25,0.29611086329262,0.904042272786731,14.8914310275474,0.65212032053603,40.3718657780926,47.4087764375794,6,20,0,1.03333333333333,2,2
382,"sim_0382",40806478,20260730,"broad_lhs",,"continuous_lhs",TRUE,FALSE,"completed","2026-08-05 02:20:01.145616 +0200","2026-08-05 02:20:02.802700 +0200",1.657,10,,,TRUE,"completed",10,0.0509463294413502,0.30064206025398,0.0179387420558012,0.289741552912988,80.6459364933893,12.161990282187,0.0279637568074946,0.0640737104788423,0.225100266737203,0,0,4,8,,,12,,,,0,0,0,0,22.6618739220704,23.0660259063217,0,0,12,0,0,0,0
383,"sim_0383",40911207,20260730,"broad_lhs",,"continuous_lhs",TRUE,FALSE,"completed","2026-08-05 02:20:05.370679 +0200","2026-08-05 02:20:07.764055 +0200",2.393,10,,,TRUE,"completed",10,0.139940909619109,0.0432997511234568,0.101350083199704,0.0503630402687088,70.1289410564634,3.43497497335913,0.0115616912790107,0.0157340778545606,0.0857230666865737,8,9,16,26,0.0336134453781513,7,24,11,36,1.41176470588235,0.571428571428571,35.2411665866811,14.6085069795115,31.7321628628957,127.823987462649,66.8996058604044,33.4800112530973,17,42,0,2,6,6
384,"sim_0384",41015936,20260730,"broad_lhs",,"continuous_lhs",TRUE,FALSE,"completed","2026-08-05 02:20:04.099608 +0200","2026-08-05 02:20:17.142973 +0200",13.044,10,,,TRUE,"completed",10,0.357068649343124,0.245770043919365,0.0308463605415751,0.214813457281986,107.6686319952,3.1276244061933,0.0214702895563154,0.203052044865585,1.06086448148359,96,0,105,6,0.616178678678679,2,6,194,11,68.3958333333333,59.1531531531532,0,7.56726448185399,303.850178698176,17.0655247478958,53.0499325665726,312.883440594254,96,111,73,87,90.1866666666667,91
385,"sim_0385",41120665,20260730,"broad_lhs",,"continuous_lhs",TRUE,FALSE,"completed","2026-08-05 02:20:03.212544 +0200","2026-08-05 02:20:07.210899 +0200",3.999,10,,,TRUE,"completed",10,0.138638621519262,0.0353665354294814,0.0309323267866545,0.300617637514693,105.266519961382,30.0765191289471,0.0753628397406396,0.0941969466643382,0.396393005702816,54,2,83,12,0.204699248120301,4,22,117,28,19.4464285714286,11.4631578947368,2.84577462490167,22.0086501245291,164.536410167464,40.6996470894759,160.15707331159,244.445388357263,56,95,14,31.5333333333333,36,36
386,"sim_0386",41225394,20260730,"broad_lhs",,"continuous_lhs",TRUE,FALSE,"completed","2026-08-05 02:20:03.697731 +0200","2026-08-05 02:20:05.528909 +0200",1.831,10,,,TRUE,"completed",10,0.330098158491231,0.351095087715766,0.0125029924155008,0.179500075122504,81.6526066393074,0.425828939276233,0.0516568051168331,0.00637449198460672,0.183967902215533,0,1,5,4,,1,9,1,10,0,0,0.89614986780013,0,0,8.51899060474153,9.35593166217729,5.0860875377152,1,9,0,0,0,0
387,"sim_0387",41330123,20260730,"broad_lhs",,"continuous_lhs",TRUE,FALSE,"completed","2026-08-05 02:20:03.188121 +0200","2026-08-05 02:20:08.154169 +0200",4.966,10,,,TRUE,"completed",10,0.537510045763323,0.136343199812172,0.133999171978407,0.333677552031596,76.9251406730877,13.3349911351825,0.00677199675092938,0.114188934662767,0.0632992541825134,36,5,57,11,0.0950502152080344,6,2,101,9,6.46341463414634,3.89705882352941,4.96875541920127,69.1752076871325,93.9437888678201,15.0732920204387,139.008578774329,118.997963388847,41,68,4,10,17,17
388,"sim_0388",41434852,20260730,"broad_lhs",,"continuous_lhs",TRUE,FALSE,"completed","2026-08-05 02:20:03.450800 +0200","2026-08-05 02:20:05.628184 +0200",2.178,10,,,TRUE,"completed",10,0.048867957951377,0.462443401992334,0.0647839315809383,0.101263267813789,54.0969215723375,0.534741602123067,0.0379505736899916,0.0643662760342057,0.645834285987351,1,2,1,5,0,3,6,1,9,0,0,2.66650881717954,3.72390874830129,0,9.66525628530578,1.65007666249516,0,3,6,0,0,0,0
389,"sim_0389",41539581,20260730,"broad_lhs",,"continuous_lhs",TRUE,FALSE,"completed","2026-08-05 02:20:04.276734 +0200","2026-08-05 02:20:06.637361 +0200",2.36,10,,,TRUE,"completed",10,0.051842757858046,0.304187284676787,0.0293438985835102,0.064304486271382,91.3557675938019,2.22159754990456,0.00609488615103875,0.0972567202778818,0.654390743346818,2,5,1,14,0.0380952380952381,4,11,3,18,0.571428571428571,0.266666666666667,3.73445505127083,9.75723261814654,0,36.5894361246412,5.83221985298887,0,7,15,0,1,2,2
390,"sim_0390",41644310,20260730,"broad_lhs",,"continuous_lhs",TRUE,FALSE,"completed","2026-08-05 02:20:04.002782 +0200","2026-08-05 02:20:06.867937 +0200",2.865,10,,,TRUE,"completed",10,0.323468973770977,0.331408081716726,0.0549846933990936,0.0386167636346034,80.2120586097033,4.00980977624687,0.00827856618291846,0.139728862138258,0.166953851018488,3,5,11,15,0.0144230769230769,6,23,3,31,0.375,0.115384615384615,3.44866657925629,0,10.1515599650005,19.6612081355504,15.6261795855848,27.4575997516587,8,26,0,1,2,2
391,"sim_0391",41749039,20260730,"broad_lhs",,"continuous_lhs",TRUE,FALSE,"completed","2026-08-05 02:20:03.706615 +0200","2026-08-05 02:20:05.929454 +0200",2.223,10,,,TRUE,"completed",10,0.550614360328255,0.169668598081919,0.103880831878589,0.0626439188799875,55.185640285785,2.01547592675057,0.00600023009336895,0.059646664099936,0.252697132449056,3,4,7,10,0.00840336134453781,6,16,2,23,0.142857142857143,0.0588235294117647,7.3072586350011,2.6421313882937,6.21785707503859,46.8833004611907,20.006502474847,7.01489682682323,7,17,0,0.233333333333334,1,1
392,"sim_0392",41853768,20260730,"broad_lhs",,"continuous_lhs",TRUE,FALSE,"completed","2026-08-05 02:20:04.773140 +0200","2026-08-05 02:20:10.942442 +0200",6.17,10,,,TRUE,"completed",10,0.558103661386269,0.0844689815871816,0.0783752862887171,0.127487991007806,118.251468677405,2.04485831042773,0.0377227945324172,0.115754854458501,0.0749575857616387,64,8,65,18,0.0684404283801874,7,23,78,35,5.68055555555556,4.92771084337349,17.4865664382249,38.9477862880752,266.318124764487,60.2565957083169,143.378703340638,242.739126883997,72,83,3,14.2666666666667,21,21
393,"sim_0393",41958497,20260730,"broad_lhs",,"continuous_lhs",TRUE,FALSE,"completed","2026-08-05 02:20:04.478952 +0200","2026-08-05 02:20:12.138957 +0200",7.66,10,,,TRUE,"completed",10,0.132865706901077,0.140082497541748,0.0270728717489027,0.413657791885193,111.531288048128,18.3590687420685,0.0226086384225315,0.119557758460093,1.11131422280319,87,0,113,0,0.54877428542366,0,12,184,14,62.0114942528736,47.7433628318584,0,9.68334471829493,219.080819885323,0,82.0574101775473,265.411597626599,87,113,63,75,87.6633333333333,88
394,"sim_0394",42063226,20260730,"broad_lhs",,"continuous_lhs",TRUE,FALSE,"completed","2026-08-05 02:20:10.689144 +0200","2026-08-05 02:20:15.428286 +0200",4.739,10,,,TRUE,"completed",10,0.134903899995696,0.131447391761326,0.112107535178231,0.0985171379253639,79.7219608200093,0.344772717678727,0.00757980478613613,0.197012836637958,1.32989281870043,59,5,56,8,0.455322265625,4,7,107,15,29.140625,29.140625,21.3032583976386,16.694365745317,207.119399799423,45.6583330646465,84.9265945599277,182.027307710353,64,64,37,45,49.7666666666666,51
395,"sim_0395",42167955,20260730,"broad_lhs",,"continuous_lhs",TRUE,FALSE,"completed","2026-08-05 02:20:13.945155 +0200","2026-08-05 02:20:17.168346 +0200",3.223,10,,,TRUE,"completed",10,0.0638038431865641,0.256230119285343,0.0623561652815368,0.161615620284432,113.617038253985,1.5875815377249,0.0475476200613548,0.219556706060604,0.346185616694181,7,5,19,24,0.0445736434108527,7,36,12,44,1.91666666666667,0.534883720930233,6.36176123713161,12.3598796405991,9.50325852119818,52.7445146038024,61.8801250713237,32.0448378763525,12,43,0,4.13333333333333,6,6
396,"sim_0396",42272684,20260730,"broad_lhs",,"continuous_lhs",TRUE,FALSE,"completed","2026-08-05 02:20:15.132410 +0200","2026-08-05 02:20:16.677856 +0200",1.545,10,,,TRUE,"completed",10,0.366034745386694,0.0782860859017656,0.0277881682156027,0.170139003052412,41.3559893704537,0.621657730605063,0.0103674636179989,0.12762467124286,0.825455238388397,1,0,5,3,,1,8,1,9,0,0,0,2.69158480119212,0,12.9562342823275,37.8619360429709,0,1,8,0,0,0,0
397,"sim_0397",42377413,20260730,"broad_lhs",,"continuous_lhs",TRUE,FALSE,"completed","2026-08-05 02:20:22.557817 +0200","2026-08-05 02:20:23.860539 +0200",1.302,10,,,TRUE,"completed",10,0.563357952857282,0.148209207456738,0.017034083681646,0.0887426614724835,47.028271559957,8.70147763522399,0.0573895291402771,0.204410326837226,0.130046691100148,0,0,1,3,,,4,,,,0,0,0,0,7.7339057324225,1.10060123694059,0,0,4,0,0,0,0
398,"sim_0398",42482142,20260730,"broad_lhs",,"continuous_lhs",TRUE,FALSE,"completed","2026-08-05 02:20:21.859634 +0200","2026-08-05 02:20:26.469045 +0200",4.61,10,,,TRUE,"completed",10,0.128200145575902,0.0354449697051595,0.054579791516633,0.550935604215932,110.737244484367,1.87249727391957,0.0221559622362344,0.137306989693316,0.305454427098658,50,4,80,4,0.0844356261022928,6,22,106,31,7.09259259259259,4.55952380952381,4.89688952476058,41.9152422648233,185.358472889831,8.96745475283327,288.781470674649,170.774894630693,54,84,5,13,17.2833333333333,18
399,"sim_0399",42586871,20260730,"broad_lhs",,"continuous_lhs",TRUE,FALSE,"completed","2026-08-05 02:20:22.499783 +0200","2026-08-05 02:20:24.814883 +0200",2.315,10,,,TRUE,"completed",10,0.0851734022795438,0.0392237881618006,0.0596306411434979,0.195348705899841,70.3369563500707,0.56860899310856,0.00812222145505785,0.109408584040421,0.0701186069853729,8,6,25,8,0.0606060606060606,5,15,15,25,2,0.848484848484849,21.5144624698758,26.7201479918404,1.90520912636785,18.3693682525867,157.440586769325,13.1135487285729,14,33,1,3,6,6
400,"sim_0400",42691600,20260730,"broad_lhs",,"continuous_lhs",TRUE,FALSE,"completed","2026-08-05 02:20:22.700958 +0200","2026-08-05 02:20:24.993134 +0200",2.292,10,,,TRUE,"completed",10,0.142501332504089,0.269531381505889,0.0160405082208337,0.416185742440416,111.795965239882,12.9103614761597,0.00837498847061451,0.0367039744008151,0.285748581151932,4,2,14,4,0.037037037037037,3,14,3,20,0.666666666666667,0.222222222222222,4.68943025447246,5.47603983288186,1.64502622617786,3.07347555285703,20.906380023182,21.9351847223063,6,18,0,1,2,2
401,"sim_0401",42796329,20260730,"broad_lhs",,"continuous_lhs",TRUE,FALSE,"completed","2026-08-05 02:20:22.561631 +0200","2026-08-05 02:20:25.817304 +0200",3.255,10,,,TRUE,"completed",10,0.126498596883377,0.0363286262483887,0.0224583169648888,0.179198587664705,100.893700038952,15.9773338659279,0.00564937012897095,0.213060673677569,0.547786162751003,57,3,70,5,0.259333333333333,7,19,106,28,19.45,15.56,10.6901017890675,0,145.003380940735,23.2889607856775,60.1679358978336,152.54739446804,60,75,19,34,37.94,40
402,"sim_0402",42901058,20260730,"broad_lhs",,"continuous_lhs",TRUE,FALSE,"completed","2026-08-05 02:20:21.860151 +0200","2026-08-05 02:20:23.781478 +0200",1.921,10,,,TRUE,"completed",10,0.103597306125775,0.0356190872945548,0.0138263339681716,0.0847630369935322,59.6196611948518,0.289846880737932,0.0082289705474308,0.166204854869801,0.706993237986531,5,1,5,7,0.0277777777777778,4,10,2,16,0.333333333333333,0.166666666666667,3.65331196461329,2.14963143482514,17.6859714363341,24.1141932956887,20.5320430978835,6.44417662981841,6,12,0,1,1,1
403,"sim_0403",43005787,20260730,"broad_lhs",,"continuous_lhs",TRUE,FALSE,"completed","2026-08-05 02:20:21.859897 +0200","2026-08-05 02:20:23.876929 +0200",2.017,10,,,TRUE,"completed",10,0.270291415858525,0.202341849653692,0.01192801008441,0.155701826554084,90.9596116418019,0.415921425301556,0.108391172853145,0.182883183824403,0.451393300522672,0,3,6,7,0.0769230769230769,2,10,4,13,1,0.230769230769231,10.4242669295623,0,0,16.7679014056869,7.5188753489428,15.2381867022177,3,13,0,1.06666666666667,3,3
404,"sim_0404",43110516,20260730,"broad_lhs",,"continuous_lhs",TRUE,FALSE,"completed","2026-08-05 02:20:22.558155 +0200","2026-08-05 02:20:24.211523 +0200",1.653,10,,,TRUE,"completed",10,0.0561223653016834,0.15479289620298,0.0149853335539471,0.0992888430867925,79.3810038024767,2.32315247918093,0.0282182455615859,0.124115391871957,1.09305044609368,0,0,1,12,,,13,,,,0,0,0,0,35.6577956901631,5.58132116633848,0,0,13,0,0,0,0
405,"sim_0405",43215245,20260730,"broad_lhs",,"continuous_lhs",TRUE,FALSE,"completed","2026-08-05 02:20:22.078672 +0200","2026-08-05 02:20:23.951231 +0200",1.873,10,,,TRUE,"completed",10,0.0786749818771976,0.355511546266681,0.020379121534725,0.0575982702246983,77.5936904659495,1.78096957903379,0.0129664072432863,0.0975850896797945,0.0747585240458183,0,1,1,4,,1,5,1,6,0,0,1.98295263385512,0,0,4.48703045259766,2.40932866587652,0,1,5,0,0,0,0
406,"sim_0406",43319974,20260730,"broad_lhs",,"continuous_lhs",TRUE,FALSE,"completed","2026-08-05 02:20:22.172761 +0200","2026-08-05 02:20:29.863184 +0200",7.691,10,,,TRUE,"completed",10,0.55147326778883,0.0446446707992941,0.134556390159215,0.147490390372414,108.056515164942,5.07457959638934,0.0108778446554663,0.0332949601639605,0.745881298496058,110,4,119,22,0.165173572228443,5,20,228,27,23.2894736842105,18.8297872340426,21.1172345081526,70.8400995339205,372.558276696025,139.385733585609,326.941816275988,305.933790063592,114,141,22,37,46.1133333333333,47
407,"sim_0407",43424703,20260730,"broad_lhs",,"continuous_lhs",TRUE,FALSE,"completed","2026-08-05 02:20:23.027971 +0200","2026-08-05 02:20:25.657688 +0200",2.629,10,,,TRUE,"completed",10,0.0521116893944209,0.0522431238845328,0.0586490353942897,0.200131089044218,77.6807868073798,16.7304593938918,0.0320502310466543,0.149759896469315,0.256954812915524,19,8,43,12,0.158249158249158,5,17,44,28,8.7037037037037,4.27272727272727,15.9526516549277,38.7262204085634,46.2338158016598,27.4998244817501,155.700231189518,74.8775910295504,27,55,2,18.8666666666667,23.8433333333333,24
408,"sim_0408",43529432,20260730,"broad_lhs",,"continuous_lhs",TRUE,FALSE,"completed","2026-08-05 02:20:24.456941 +0200","2026-08-05 02:20:27.598016 +0200",3.141,10,,,TRUE,"completed",10,0.0894803302782714,0.42017194452552,0.0538292743512334,0.0432448829014121,99.9383303932225,20.7261949410155,0.0288839984057723,0.192055274356389,0.149000127371443,2,2,7,16,0.0652173913043478,1,20,6,22,1.5,0.260869565217391,1.7258598317366,12.4211758935065,0,29.1652959123562,31.5793681164869,2.32769778277127,4,23,0,2,3,3
409,"sim_0409",43634161,20260730,"broad_lhs",,"continuous_lhs",TRUE,FALSE,"completed","2026-08-05 02:20:24.519871 +0200","2026-08-05 02:20:26.431413 +0200",1.911,10,,,TRUE,"completed",10,0.0657894416523872,0.068922672602882,0.0223318652199814,0.685689612015612,62.0053642225969,3.02450275583269,0.0274895086024225,0.0240607250202447,0.0959944846746959,7,0,12,4,0.0267857142857143,5,13,3,20,0.428571428571429,0.1875,0,33.2057068236231,0,2.33487019942578,44.7721396041375,10.4429069613037,7,16,0,1,2,2
410,"sim_0410",43738890,20260730,"broad_lhs",,"continuous_lhs",TRUE,FALSE,"completed","2026-08-05 02:20:24.725116 +0200","2026-08-05 02:20:27.674714 +0200",2.949,10,,,TRUE,"completed",10,0.0576182337545583,0.149981511323519,0.0324561223448542,0.785341922929752,102.698026491081,2.80547710441131,0.0213336986958734,0.118253782215632,0.0631499335496017,11,1,26,10,0.0300925925925926,6,26,9,35,1.08333333333333,0.361111111111111,2.81134616001429,41.4703646445016,17.0389267700594,7.94861813375994,98.258040230833,14.4248202784944,12,36,0,1,7,7
411,"sim_0411",43843619,20260730,"broad_lhs",,"continuous_lhs",TRUE,FALSE,"completed","2026-08-05 02:20:25.207355 +0200","2026-08-05 02:20:26.941621 +0200",1.734,10,,,TRUE,"completed",10,0.0605971487236427,0.176527915708176,0.0250820971283807,0.434567897922493,48.51210201215,4.43774143157011,0.0611062090161044,0.114976537032441,0.795071819762021,3,1,9,2,0.0454545454545455,2,9,2,13,0.5,0.181818181818182,0.81755744360394,26.2026538743531,0,1.09919755411083,21.0346587841049,17.351372816031,4,11,0,1,1,1
412,"sim_0412",43948348,20260730,"broad_lhs",,"continuous_lhs",TRUE,FALSE,"completed","2026-08-05 02:20:25.735722 +0200","2026-08-05 02:20:27.238279 +0200",1.502,10,,,TRUE,"completed",10,0.278270397591202,0.271502487778339,0.0175681120417097,0.0478516945075955,47.7244572115027,25.0354578677912,0.00674294863054336,0.0250920725397817,0.875690338298441,0,1,2,2,,0,3,2,4,1,0.25,1.54218591545928,0,0,2.29738964018778,13.806212689945,0,1,4,0,1,1,1
413,"sim_0413",44053077,20260730,"broad_lhs",,"continuous_lhs",TRUE,FALSE,"completed","2026-08-05 02:20:24.018977 +0200","2026-08-05 02:20:31.198770 +0200",7.179,10,,,TRUE,"completed",10,0.0458504482196721,0.158064047710377,0.153807992623128,0.488718185317923,109.272079034998,29.14724865387,0.0310869282982925,0.227057649061252,0.238550792727995,40,16,66,22,0.0620941558441558,4,10,122,18,5.46428571428571,3.47727272727273,14.0573449548108,76.9910594422012,84.0123194601227,33.4425143651886,253.677203654962,47.4592477379804,56,88,3,9,24.2233333333333,25
414,"sim_0414",44157806,20260730,"broad_lhs",,"continuous_lhs",TRUE,FALSE,"completed","2026-08-05 02:20:23.851199 +0200","2026-08-05 02:20:39.637127 +0200",15.786,10,,,TRUE,"completed",10,0.525700746735338,0.0309312072273608,0.0208773299751351,0.341379115291716,83.173198142151,3.6767936777472,0.0267821724172124,0.0404781481054508,0.626117379021267,204,0,212,3,0.668034655722754,2,10,407,13,143.627450980392,136.279069767442,0,17.5312015515933,541.179964393588,5.94784191734686,68.4549961856357,563.040193999977,204,215,151,177.733333333333,197,201
415,"sim_0415",44262535,20260730,"broad_lhs",,"continuous_lhs",TRUE,FALSE,"completed","2026-08-05 02:20:23.933304 +0200","2026-08-05 02:20:30.128397 +0200",6.195,10,,,TRUE,"completed",10,0.253047690854296,0.170750778197852,0.138680469567881,0.565051923052023,86.1760830249223,0.660535385893108,0.00851816921302546,0.151684798198532,0.807810017190723,42,3,51,6,0.0795321637426901,11,18,49,35,4.53333333333333,3.57894736842105,4.93448610085169,9.37119313397797,145.291402988099,8.65249712306473,157.807726682953,76.016337109397,45,57,2,12,15.6433333333333,16
416,"sim_0416",44367264,20260730,"broad_lhs",,"continuous_lhs",TRUE,FALSE,"completed","2026-08-05 02:20:24.173717 +0200","2026-08-05 02:20:27.668691 +0200",3.495,10,,,TRUE,"completed",10,0.12511303920843,0.12326312827384,0.101768742567564,0.0708147563389219,88.5828473112029,13.4954982048795,0.041815537825472,0.0562360603340332,0.0951205016668904,6,13,25,28,0.0635551142005958,5,18,22,27,3.36842105263158,1.20754716981132,41.8873558239814,12.9439424856306,23.7014461926693,97.9918303294594,70.2377257203868,62.6614329829008,19,53,1.50000000000001,3.43333333333334,13.9433333333333,14
417,"sim_0417",44471993,20260730,"broad_lhs",,"continuous_lhs",TRUE,FALSE,"completed","2026-08-05 02:20:24.144515 +0200","2026-08-05 02:20:25.531731 +0200",1.387,10,,,TRUE,"completed",10,0.474096004987244,0.533909881852065,0.0113913932305033,0.324225743058139,55.5728405563161,17.9107217715841,0.0620156471319312,0.200344211037995,0.377249527829134,0,0,1,1,,,2,,,,0,0,0,0,0.65097481292125,1.75508548196999,0,0,2,0,0,0,0
418,"sim_0418",44576722,20260730,"broad_lhs",,"continuous_lhs",TRUE,FALSE,"completed","2026-08-05 02:20:25.815961 +0200","2026-08-05 02:20:27.475285 +0200",1.659,10,,,TRUE,"completed",10,0.0643812598904129,0.0891945924231034,0.0161020314142429,0.20409776919198,64.3089767659497,23.8616079661815,0.0107775884117833,0.128209424766246,0.90788994225197,6,1,12,7,0.0676691729323308,1,12,7,17,1.28571428571429,0.473684210526316,4.3380418227957,5.06124932031855,8.59376532384462,16.0471679671152,38.7640745213397,15.9532930161558,7,19,0.500000000000002,2,3,3
419,"sim_0419",44681451,20260730,"broad_lhs",,"continuous_lhs",TRUE,FALSE,"completed","2026-08-05 02:20:27.012409 +0200","2026-08-05 02:20:33.213841 +0200",6.202,10,,,TRUE,"completed",10,0.146807426543715,0.0444068953372445,0.0866152735772943,0.0505830737348713,112.985199808474,29.5861256809622,0.0612689285390097,0.240140918418442,0.492780917238925,69,24,113,41,0.166736489317134,2,8,237,11,25.6774193548387,15.5064935064935,78.4663851435038,48.6797866642305,286.575874255505,219.587326220398,86.5774660175514,434.772567230386,93,154,14,42.9333333333333,67.58,70
420,"sim_0420",44786180,20260730,"broad_lhs",,"continuous_lhs",TRUE,FALSE,"completed","2026-08-05 02:20:25.935781 +0200","2026-08-05 02:20:27.842505 +0200",1.907,10,,,TRUE,"completed",10,0.737741785249265,0.412245998836008,0.0146094034874005,0.0990433238719163,87.9705027886356,0.440260868167807,0.00917887217346298,0.150430519693829,0.229500074105849,0,2,11,0,0,2,11,1,13,0,0,2.47367357088886,0,0,0,5.88191943143346,29.3014118829322,2,11,0,0,0,0
421,"sim_0421",44890909,20260730,"broad_lhs",,"continuous_lhs",TRUE,FALSE,"completed","2026-08-05 02:20:27.318785 +0200","2026-08-05 02:20:33.156576 +0200",5.838,10,,,TRUE,"completed",10,0.0496220422344737,0.252681693114838,0.193246877043909,0.153890888177123,100.543038565148,1.03562346542372,0.0283177353911101,0.105263733001387,0.371021505625985,10,18,23,31,0.0198412698412698,12,32,12,54,1.07142857142857,0.555555555555556,29.1479051672063,25.2037146332432,23.0837915823253,54.0915570060829,56.0434718478922,30.6029175170136,28,54,0,2,3.84333333333333,4
422,"sim_0422",44995638,20260730,"broad_lhs",,"continuous_lhs",TRUE,FALSE,"completed","2026-08-05 02:20:28.358158 +0200","2026-08-05 02:20:31.669647 +0200",3.311,10,,,TRUE,"completed",10,0.0414757325712387,0.0415455073963852,0.163125564245069,0.666929114014311,69.6604432271173,2.87836299152306,0.0249690571603571,0.188295041013173,0.161543781745776,24,5,43,3,0.0442278860569715,7,16,36,28,2.03448275862069,1.28260869565217,4.170156380633,91.5089012733979,34.8895749187736,1.87925415476274,292.398167102752,0,29,46,1,4,6,6
423,"sim_0423",45100367,20260730,"broad_lhs",,"continuous_lhs",TRUE,FALSE,"completed","2026-08-05 02:20:27.572802 +0200","2026-08-05 02:20:29.235598 +0200",1.663,10,,,TRUE,"completed",10,0.175637601029808,0.50039079781582,0.0205074504015224,0.22356077792328,50.8229634340646,0.491746454446897,0.0387420935955966,0.0846576311318333,0.766507040133127,0,0,2,2,,,4,,,,0,0,0,0,5.52644790881927,5.98573233780184,0,0,4,0,0,0,0
424,"sim_0424",45205096,20260730,"broad_lhs",,"continuous_lhs",TRUE,FALSE,"completed","2026-08-05 02:20:28.020679 +0200","2026-08-05 02:20:29.717632 +0200",1.697,10,,,TRUE,"completed",10,0.469276583819599,0.123586340393206,0.0661941044324048,0.0911618128973622,44.0072845863178,12.5379870976961,0.00746632277095181,0.2292486028381,1.01656652847095,2,5,4,10,0.0408163265306122,3,10,2,17,0.571428571428571,0.285714285714286,9.01377856274931,10.468055294173,0,24.5300012326006,14.3313719069805,5.11026462270525,7,14,0,1,1,1
425,"sim_0425",45309825,20260730,"broad_lhs",,"continuous_lhs",TRUE,FALSE,"completed","2026-08-05 02:20:29.068608 +0200","2026-08-05 02:20:56.866650 +0200",27.799,10,,,TRUE,"completed",10,0.328842742020785,0.156545500959375,0.103213851376798,0.0464855672385007,109.159030888333,16.3633880448324,0.0565246751903649,0.0110101354039378,1.01452785275627,236,9,241,7,0.654542462146149,1,3,489,5,162.326530612245,160.362903225806,29.1306091597509,26.9038382173734,653.621518691794,31.1220083265808,135.483572815887,650.13727392434,245,248,171,218.333333333333,228,229
426,"sim_0426",45414554,20260730,"broad_lhs",,"continuous_lhs",TRUE,FALSE,"completed","2026-08-05 02:20:29.158083 +0200","2026-08-05 02:20:31.903941 +0200",2.746,10,,,TRUE,"completed",10,0.305246691193829,0.129950087728729,0.0357741918343712,0.0314655092230574,101.561907425481,0.27483902266195,0.058315237878493,0.124519467408665,0.316587138161921,25,5,30,21,0.0300653594771242,16,36,18,56,1.53333333333333,0.901960784313726,20.1385057000133,9.2885860919966,87.2557138467911,103.136863305821,27.8756630718885,96.6182067710145,30,51,0,4,6,6
427,"sim_0427",45519283,20260730,"broad_lhs",,"continuous_lhs",TRUE,FALSE,"completed","2026-08-05 02:20:28.629728 +0200","2026-08-05 02:20:30.456666 +0200",1.827,10,,,TRUE,"completed",10,0.420848552405595,0.0726829811099915,0.0373030758842337,0.236832717964534,46.7281157509527,19.126312276578,0.0303775427958405,0.147893520331062,0.0508531654499667,9,3,9,2,0.196969696969697,3,3,11,9,2.16666666666667,2.36363636363636,2.60476265139278,10.9281628334706,30.0058757822373,1.76329412920894,15.6410532271502,22.4245846600196,12,11,1,7,7,7
428,"sim_0428",45624012,20260730,"broad_lhs",,"continuous_lhs",TRUE,FALSE,"completed","2026-08-05 02:20:29.153142 +0200","2026-08-05 02:20:34.217695 +0200",5.065,10,,,TRUE,"completed",10,0.0960577818907828,0.159446575824438,0.0523643675273969,0.156329941305724,111.67933805856,5.58135677477406,0.00905881570926581,0.14688230537997,0.285130937427392,59,2,69,18,0.367816091954023,2,26,116,30,32,22.4367816091954,3.18662748681251,12.5539523167105,91.5540735601411,57.9453750058384,83.0501118560895,97.8228806147825,61,87,34,45.8333333333333,50.3666666666666,52
429,"sim_0429",45728741,20260730,"broad_lhs",,"continuous_lhs",TRUE,FALSE,"completed","2026-08-05 02:20:32.697695 +0200","2026-08-05 02:20:34.652680 +0200",1.955,10,,,TRUE,"completed",10,0.155542444801028,0.0749204510519237,0.0430519421894755,0.0953427036358708,68.8052009348447,15.7885782456853,0.0302365463795982,0.0168526652021359,0.888596558268227,2,6,14,16,0.0208333333333333,6,25,5,33,0.625,0.166666666666667,11.5022095942172,14.7643979752412,0,62.7661094655293,45.3615704251547,25.6729506031599,8,30,0,1,4,4
430,"sim_0430",45833470,20260730,"broad_lhs",,"continuous_lhs",TRUE,FALSE,"completed","2026-08-05 02:20:33.730403 +0200","2026-08-05 02:20:37.585207 +0200",3.855,10,,,TRUE,"completed",10,0.31533285311997,0.446956147047322,0.176758213039997,0.1870490173851,60.8495616454424,11.2035355629418,0.00796645208198194,0.134508454322996,0.298980730861544,1,6,7,13,0.00714285714285714,6,19,2,26,0.142857142857143,0.05,4.05419639049905,5.08272240339073,0,14.9243550183779,23.7065508190268,4.58974354912268,7,20,0,0,1,1
431,"sim_0431",45938199,20260730,"broad_lhs",,"continuous_lhs",TRUE,FALSE,"completed","2026-08-05 02:20:37.602998 +0200","2026-08-05 02:20:44.286391 +0200",6.683,10,,,TRUE,"completed",10,0.588260473269338,0.161013720400773,0.182043804851653,0.0413307569139642,53.3182927143036,18.0618633226211,0.0184121959160891,0.0321922154778278,0.0718755046621693,96,10,134,14,0.534867414584396,5,5,244,11,79.1603773584906,56.6959459459459,27.1379597768925,13.0039473785741,163.206759845659,42.6788956231772,37.7974291305433,212.720735882534,106,148,64,130,132,133
432,"sim_0432",46042928,20260730,"broad_lhs",,"continuous_lhs",TRUE,FALSE,"completed","2026-08-05 02:20:38.918540 +0200","2026-08-05 02:20:41.204841 +0200",2.286,10,,,TRUE,"completed",10,0.196271209383944,0.267471914085839,0.0271921937452284,0.0455742728295321,111.282150872631,0.604874554445575,0.0128128420809973,0.240689050224674,0.154659078765122,5,3,14,15,0.00431034482758621,7,28,2,36,0.125,0.0344827586206897,4.26417991259943,11.3598717337326,2.52502797418399,37.1011640882771,28.8970559986772,22.6346122476013,8,29,0,0,1,1
433,"sim_0433",46147657,20260730,"broad_lhs",,"continuous_lhs",TRUE,FALSE,"completed","2026-08-05 02:20:38.832451 +0200","2026-08-05 02:20:45.065895 +0200",6.234,10,,,TRUE,"completed",10,0.0574043223822043,0.0409616143317463,0.119440365494906,0.405090747614375,114.140560509368,10.2066395589112,0.00578755321540455,0.209378291033338,0.756482378208791,75,10,104,12,0.137322515212982,2,4,195,7,15.9294117647059,11.6724137931034,14.3951299692541,81.8345309246473,386.00039949521,2.55896586529418,318.089348474526,382.504542922717,85,116,13,28,34.6533333333333,35
434,"sim_0434",46252386,20260730,"broad_lhs",,"continuous_lhs",TRUE,FALSE,"completed","2026-08-05 02:20:39.037266 +0200","2026-08-05 02:20:42.423495 +0200",3.386,10,,,TRUE,"completed",10,0.290207307710396,0.507509773711512,0.081436142193696,0.0387783860555114,74.5068721322964,0.713387929796511,0.0657181856855732,0.237722250614962,0.631130105865655,3,5,10,10,0.0625,2,12,5,18,1.25,0.5,5.52933127948008,0,13.3105681940244,14.0002529219142,6.25507783798064,21.7432273718373,8,20,0.500000000000002,2,3,3
435,"sim_0435",46357115,20260730,"broad_lhs",,"continuous_lhs",TRUE,FALSE,"completed","2026-08-05 02:20:45.168182 +0200","2026-08-05 02:20:46.646332 +0200",1.478,10,,,TRUE,"completed",10,0.184168785237437,0.146325414196619,0.0160497645634234,0.038585022015436,67.168251424883,0.987048520572987,0.0578350509108974,0.0314462162709485,0.0790560489018969,2,1,4,8,0.0277777777777778,2,11,2,14,0.333333333333333,0.0833333333333333,2.10409612851092,0,2.37797024364734,27.7815196418032,13.0245990388529,9.3590932891827,3,12,0,1,1,1
436,"sim_0436",46461844,20260730,"broad_lhs",,"continuous_lhs",TRUE,FALSE,"completed","2026-08-05 02:20:45.931972 +0200","2026-08-05 02:20:47.886819 +0200",1.955,10,,,TRUE,"completed",10,0.297655856971304,0.413904239735989,0.0280483379631008,0.643125415231304,69.2920813697287,31.5589002291076,0.0120121892298201,0.0307129800189675,0.083383204299098,0,0,2,2,,,4,,,,0,0,0,0,1.26143219077426,6.37984278788665,0,0,4,0,0,0,0
437,"sim_0437",46566573,20260730,"broad_lhs",,"continuous_lhs",TRUE,FALSE,"completed","2026-08-05 02:20:46.697864 +0200","2026-08-05 02:20:49.240311 +0200",2.542,10,,,TRUE,"completed",10,0.497786654550496,0.421745276761068,0.0483005376880741,0.0997665244291945,71.6664721083103,1.54236082752654,0.017846265387275,0.10218458584471,0.663381620115467,1,3,8,5,0.0769230769230769,2,9,3,13,1,0.307692307692308,5.54203760297038,2.28691737827163,0,5.58680355588544,21.8099449725698,2.93443017681258,4,13,0,1.93333333333334,2,2
438,"sim_0438",46671302,20260730,"broad_lhs",,"continuous_lhs",TRUE,FALSE,"completed","2026-08-05 02:20:46.164061 +0200","2026-08-05 02:20:49.953559 +0200",3.79,10,,,TRUE,"completed",10,0.189687028050775,0.0965214396945141,0.111964077151205,0.250078397454669,89.0868677465245,2.12236682515384,0.0262432346103964,0.247573530978342,1.02585093067602,34,7,51,10,0.0559776089564174,10,28,28,47,3.41463414634146,2.29508196721311,17.7233001770097,44.2541442744205,100.552741776037,45.6906444586144,220.06323612262,82.8895002515183,41,61,1,9,13.2866666666667,14
439,"sim_0439",46776031,20260730,"broad_lhs",,"continuous_lhs",TRUE,FALSE,"completed","2026-08-05 02:20:45.857882 +0200","2026-08-05 02:20:48.298393 +0200",2.44,10,,,TRUE,"completed",10,0.0622890414732332,0.207043083342707,0.122394333050459,0.1123161676671,44.9510478372789,24.1654525716353,0.0615055533711006,0.0745546459631037,0.0650210328715903,5,11,7,18,0.095,2,5,28,11,2.375,1.52,26.001864803723,5.5378810553774,14.5038131586283,48.0917342791951,35.0767603239407,0,16,25,1,4,7,7
440,"sim_0440",46880760,20260730,"broad_lhs",,"continuous_lhs",TRUE,FALSE,"completed","2026-08-05 02:20:45.695780 +0200","2026-08-05 02:20:48.405547 +0200",2.71,10,,,TRUE,"completed",10,0.230102349555071,0.0403491184981753,0.0285399292232935,0.201883473372174,78.6739458538592,0.337684931300204,0.0957509843813597,0.0541958464259773,0.264830965635352,44,2,52,1,0.326497128794094,0,12,83,14,17.304347826087,15.0188679245283,10.7494195639848,0,166.231270230112,4.24069540980642,89.3823119610276,133.899806900079,46,53,18,29,33.6733333333333,34
441,"sim_0441",46985489,20260730,"broad_lhs",,"continuous_lhs",TRUE,FALSE,"completed","2026-08-05 02:20:45.753488 +0200","2026-08-05 02:20:47.420038 +0200",1.666,10,,,TRUE,"completed",10,0.593843685049669,0.147188994674029,0.0169636140366178,0.251930845018732,60.1605137835981,3.31021666914485,0.139260176451164,0.160598438788697,0.80699489821201,2,0,6,1,0,2,7,1,9,0,0,0,10.7469338510267,0,0.60017672535994,12.0584151179092,13.3745544575966,2,7,0,0,0,0
442,"sim_0442",47090218,20260730,"broad_lhs",,"continuous_lhs",TRUE,FALSE,"completed","2026-08-05 02:20:49.791580 +0200","2026-08-05 02:20:52.165762 +0200",2.375,10,,,TRUE,"completed",10,0.210030945625297,0.0624905418441457,0.0564445446058619,0.459798763785592,60.3701358772814,2.27543708245846,0.00783109539466986,0.041060681789014,1.15705020765083,4,6,17,7,0.025,5,19,4,28,0.6,0.25,8.43752793152056,25.3465333996645,0,4.08652551929667,91.1484608387701,26.8552128038661,10,24,0,1,2,2
443,"sim_0443",47194947,20260730,"broad_lhs",,"continuous_lhs",TRUE,FALSE,"completed","2026-08-05 02:20:50.857167 +0200","2026-08-05 02:20:52.727792 +0200",1.871,10,,,TRUE,"completed",10,0.0603513537325773,0.0351826401954375,0.014530415482762,0.0596242564518049,76.5943683077892,3.1106257961113,0.00668859902514531,0.112460665036471,0.224681462034465,4,5,11,10,0.0846560846560847,1,13,10,18,1.77777777777778,0.761904761904762,9.55987984583669,0,11.203163997868,35.4625009639806,26.2040690193852,21.4779267257274,9,21,1,3,3,3
444,"sim_0444",47299676,20260730,"broad_lhs",,"continuous_lhs",TRUE,FALSE,"completed","2026-08-05 02:20:49.084660 +0200","2026-08-05 02:21:00.868073 +0200",11.784,10,,,TRUE,"completed",10,0.153811488009235,0.473819639619256,0.177399936547242,0.0608742625727278,112.196307355103,25.760180323897,0.00633907113669095,0.185310804230135,0.438743631716494,21,7,42,24,0.130411255411255,1,10,43,15,8.60714285714286,3.65151515151515,6.81721623757001,9.51632413122674,44.4853655711628,41.7933282729048,51.7120848990818,52.0396709766543,28,66,5,11.2333333333333,14.7233333333333,15
445,"sim_0445",47404405,20260730,"broad_lhs",,"continuous_lhs",TRUE,FALSE,"completed","2026-08-05 02:20:50.091185 +0200","2026-08-05 02:20:52.278383 +0200",2.187,10,,,TRUE,"completed",10,0.0823430933109983,0.0376265387352158,0.051181886931714,0.258202051752413,48.5472641144776,0.297909548939162,0.00793378923838572,0.221589680980348,1.047595863116,3,4,15,5,0.0285714285714286,4,16,3,23,0.571428571428571,0.2,9.77222928102033,15.8893347304548,0,13.3415691397384,82.949342814209,15.3573733195796,7,20,0,1,2,2
446,"sim_0446",47509134,20260730,"broad_lhs",,"continuous_lhs",TRUE,FALSE,"completed","2026-08-05 02:20:49.774824 +0200","2026-08-05 02:20:52.444566 +0200",2.67,10,,,TRUE,"completed",10,0.191706932896823,0.052583171627289,0.0394009730741895,0.0443511992945454,89.8214088162614,12.0204662729135,0.123600124563652,0.131642810513343,0.0559174882759869,16,11,17,21,0.0799220272904483,8,19,28,31,3.03703703703704,2.15789473684211,37.430555370133,18.2512708119668,49.8580712918439,106.145897307068,26.9281821500983,84.9953731761793,27,38,1,8.13333333333335,11,11
447,"sim_0447",47613863,20260730,"broad_lhs",,"continuous_lhs",TRUE,FALSE,"completed","2026-08-05 02:20:50.315093 +0200","2026-08-05 02:20:51.935286 +0200",1.62,10,,,TRUE,"completed",10,0.0480170637410433,0.286114757138892,0.0126794704068244,0.0741178042150783,44.1850624307576,0.73479329796576,0.0608719895397573,0.20246452730757,0.658504997749129,0,1,2,2,,1,4,1,5,0,0,0.71820766425833,0,0,3.19730096690511,10.7180201799781,0,1,4,0,0,0,0
448,"sim_0448",47718592,20260730,"broad_lhs",,"continuous_lhs",TRUE,FALSE,"completed","2026-08-05 02:20:49.328277 +0200","2026-08-05 02:20:53.573616 +0200",4.245,10,,,TRUE,"completed",10,0.0956548603650134,0.0381615606259311,0.155886759303803,0.0360027561685295,65.3725037852923,35.1726481732801,0.0869774265965293,0.113732417735543,0.861845081553436,25,19,75,45,0.209090909090909,3,3,151,9,25.0909090909091,9.2,57.4882295759803,26.0490925331562,103.486144906879,171.532422854251,106.425103977035,277.027452172042,44,120,10,22,80,80
449,"sim_0449",47823321,20260730,"broad_lhs",,"continuous_lhs",TRUE,FALSE,"completed","2026-08-05 02:20:48.714305 +0200","2026-08-05 02:20:50.193555 +0200",1.479,10,,,TRUE,"completed",10,0.0971311088747535,0.149541685374645,0.012378009630225,0.0306358544673396,66.8189938787992,0.528195165909655,0.104854204819977,0.22957944463227,0.0771082335609501,0,0,2,6,,,8,,,,0,0,0,0,28.6004516971535,13.2733042150222,0,0,8,0,0,0,0
450,"sim_0450",47928050,20260730,"broad_lhs",,"continuous_lhs",TRUE,FALSE,"completed","2026-08-05 02:20:48.751491 +0200","2026-08-05 02:21:01.491750 +0200",12.74,10,,,TRUE,"completed",10,0.267420082601973,0.110136400175678,0.131812255806249,0.60881305369141,115.468408452802,25.2811815769084,0.00574849834386352,0.179040878743205,0.343046973582253,80,8,139,14,0.143716577540107,2,10,216,15,21.9886363636364,12.6470588235294,18.8159927711878,60.7916709339679,225.736165309484,14.8419978948437,250.301690287023,345.208963787458,88,153,10,35,64,67
451,"sim_0451",48032779,20260730,"broad_lhs",,"continuous_lhs",TRUE,FALSE,"completed","2026-08-05 02:20:48.958391 +0200","2026-08-05 02:20:53.253446 +0200",4.296,10,,,TRUE,"completed",10,0.153488638747217,0.411304245675044,0.0715415081932705,0.288801061414722,81.0653633353404,2.58336880260026,0.04153166114883,0.0482732402433693,1.1793412316453,7,3,16,9,0.044,3,19,7,24,1.1,0.44,3.0244635998548,0,30.4385141781214,14.5134579076005,28.3852416440423,22.0624788730851,10,25,0,2,4,4
452,"sim_0452",48137508,20260730,"broad_lhs",,"continuous_lhs",TRUE,FALSE,"completed","2026-08-05 02:20:50.090349 +0200","2026-08-05 02:20:55.143500 +0200",5.053,10,,,TRUE,"completed",10,0.246763775560651,0.179058554299849,0.1880081975678,0.142882469067162,85.5632881209254,0.693297181501078,0.00727927921008486,0.200042485293622,0.087650089529118,20,13,25,22,0.0206318504190845,15,30,8,52,0.96969696969697,0.680851063829787,37.5105111234615,17.6991711552258,65.6618658572354,58.0169778482432,94.9393108607597,46.6211625752038,33,47,0,3,4,4
453,"sim_0453",48242237,20260730,"broad_lhs",,"continuous_lhs",TRUE,FALSE,"completed","2026-08-05 02:20:48.568965 +0200","2026-08-05 02:21:01.372344 +0200",12.803,10,,,TRUE,"completed",10,0.183184000560241,0.246078016221545,0.123443732850381,0.390766968014842,108.711497351941,24.5719084178884,0.0790330138900604,0.111907342235985,0.635908865985992,92,11,110,14,0.232696523645474,1,3,223,5,28.8543689320388,23.9677419354839,14.4867069883739,47.5040492763141,298.230863217043,14.4694165960406,96.5564310064719,340.260107260097,103,124,26,49.9333333333333,63,65
454,"sim_0454",48346966,20260730,"broad_lhs",,"continuous_lhs",TRUE,FALSE,"completed","2026-08-05 02:20:51.198765 +0200","2026-08-05 02:20:55.556802 +0200",4.358,10,,,TRUE,"completed",10,0.654752984312393,0.363714350212721,0.136419393241976,0.144512799854965,66.9961903756898,7.40680892787271,0.0884026745354207,0.110700933592032,0.271801319298598,11,5,19,9,0.180803571428571,5,11,24,19,5.0625,2.89285714285714,3.95717747501282,24.1400116847352,15.4674984490293,4.62104444841229,50.5854230438248,28.1458708923678,16,28,1,11,11,11
455,"sim_0455",48451695,20260730,"broad_lhs",,"continuous_lhs",TRUE,FALSE,"completed","2026-08-05 02:20:50.982717 +0200","2026-08-05 02:20:53.305754 +0200",2.323,10,,,TRUE,"completed",10,0.0856565623438655,0.0338770174692519,0.133447112921827,0.184647320536589,51.9177511247703,4.90841183099941,0.0569839050834807,0.057518592528779,0.0623849590611176,7,10,17,10,0.0392156862745098,6,15,6,28,1.05882352941176,0.666666666666667,25.4704657171428,20.0158165084174,23.4106072378957,43.3222421660283,145.476994713861,0,17,27,1,2,4,4
456,"sim_0456",48556424,20260730,"broad_lhs",,"continuous_lhs",TRUE,FALSE,"completed","2026-08-05 02:20:52.393142 +0200","2026-08-05 02:20:54.726107 +0200",2.333,10,,,TRUE,"completed",10,0.42788850903989,0.0325583146547087,0.112945259709983,0.0400293606983002,52.3152562131484,0.744916407798208,0.015766661076115,0.165328597611385,0.737144835560308,12,10,10,20,0.05,5,12,8,24,1.5,1.1,37.8622338285165,27.2263086216208,41.3793382580395,99.2057775385067,11.6155033523088,51.1575203302507,22,30,1,3,6,6
457,"sim_0457",48661153,20260730,"broad_lhs",,"continuous_lhs",TRUE,FALSE,"completed","2026-08-05 02:20:51.440456 +0200","2026-08-05 02:20:59.925224 +0200",8.485,10,,,TRUE,"completed",10,0.076539652598549,0.0930613252087883,0.0546375705505706,0.0398954942866962,114.657136337211,1.80503367958612,0.0083049626236259,0.0787871390786798,1.39000366731141,82,5,86,13,0.342853825612446,3,16,161,23,33.9425287356322,29.8282828282828,12.3735430577483,15.5681489731314,386.662082446515,83.9538902312072,40.2054313050284,390.455165763209,87,99,37,54,62,68
458,"sim_0458",48765882,20260730,"broad_lhs",,"continuous_lhs",TRUE,FALSE,"completed","2026-08-05 02:20:51.862221 +0200","2026-08-05 02:20:56.420027 +0200",4.557,10,,,TRUE,"completed",10,0.113011846770001,0.104859486670041,0.0272979883294527,0.0720984722352385,107.151651105098,18.9643134152611,0.0104338733400246,0.0204932037590899,0.344836484973065,48,7,71,16,0.379519331243469,2,10,123,15,33.0181818181818,20.8735632183908,20.7569562909927,12.0444235502704,100.374490897962,61.6730130624079,50.8493333904239,173.463025430159,55,87,32,44.4333333333333,54,54
459,"sim_0459",48870611,20260730,"broad_lhs",,"continuous_lhs",TRUE,FALSE,"completed","2026-08-05 02:20:52.906415 +0200","2026-08-05 02:20:56.563444 +0200",3.657,10,,,TRUE,"completed",10,0.754330694850563,0.260531627196931,0.0366442389196516,0.032718650445034,101.256973518162,5.50018186117852,0.105424811316817,0.0631906120175134,0.106222027742378,16,8,32,12,0.071969696969697,7,24,26,35,3.16666666666667,1.72727272727273,7.86476997078815,8.72898677758228,28.2761031964568,14.0031426692072,52.5082900751562,69.4720493166466,24,44,1,5,13.9333333333333,14
460,"sim_0460",48975340,20260730,"broad_lhs",,"continuous_lhs",TRUE,FALSE,"completed","2026-08-05 02:20:53.582104 +0200","2026-08-05 02:20:57.641171 +0200",4.059,10,,,TRUE,"completed",10,0.178115546423464,0.203642410947481,0.0906543168022024,0.181794201909084,93.4995578698607,2.28667962408523,0.0109079828707739,0.0122704509610776,0.236157178545611,14,5,31,14,0.0514619883040936,8,23,12,36,2.31578947368421,0.977777777777778,11.8858467809362,37.1386012837684,31.3602277158055,33.7566633616714,95.4144738323428,61.9488962775884,19,45,1,5,7,7
461,"sim_0461",49080069,20260730,"broad_lhs",,"continuous_lhs",TRUE,FALSE,"completed","2026-08-05 02:20:52.920590 +0200","2026-08-05 02:20:55.354044 +0200",2.434,10,,,TRUE,"completed",10,0.119654694813344,0.323848797091485,0.0644326754702089,0.70014800392858,50.8670680888825,6.68754456343293,0.00701385283927352,0.193721998612034,0.0578278834179886,2,2,10,3,0.0961538461538462,2,9,6,12,1.25,0.384615384615385,0.87914153186917,15.5849665276033,0,1.0322481141925,30.6429933492455,0,4,13,0,1.93333333333334,4,4
462,"sim_0462",49184798,20260730,"broad_lhs",,"continuous_lhs",TRUE,FALSE,"completed","2026-08-05 02:20:54.189055 +0200","2026-08-05 02:20:57.747236 +0200",3.558,10,,,TRUE,"completed",10,0.280440446631717,0.0440530509279071,0.180700426791301,0.264816621945308,74.7626793292248,0.436602259573177,0.0930997805888304,0.0517591547027567,0.0660430486012251,30,7,44,4,0.0208333333333333,21,26,22,53,1,0.770833333333333,22.0858830295275,109.017175074476,76.8800100097335,20.9806248531863,292.641385551928,39.392384052817,37,48,0,2.13333333333334,5.81333333333333,6
463,"sim_0463",49289527,20260730,"broad_lhs",,"continuous_lhs",TRUE,FALSE,"completed","2026-08-05 02:20:54.061277 +0200","2026-08-05 02:20:59.100490 +0200",5.039,10,,,TRUE,"completed",10,0.170651031979217,0.133720586979555,0.189501360878583,0.0622352361046153,99.7326902275077,0.488316209984624,0.0358367473624823,0.222969064647397,0.242012399591504,29,26,34,32,0.0523415977961433,16,13,73,35,3.45454545454545,2.87878787878788,95.1526180780064,34.2173466200067,101.575573563787,146.503388154469,114.705847385705,83.640076706927,55,66,2,8.53333333333335,16.4533333333333,17
464,"sim_0464",49394256,20260730,"broad_lhs",,"continuous_lhs",TRUE,FALSE,"completed","2026-08-05 02:20:55.670989 +0200","2026-08-05 02:20:58.315320 +0200",2.645,10,,,TRUE,"completed",10,0.188103075474334,0.453041359352541,0.0230495523861101,0.102701842305015,107.607426030665,2.84681628173809,0.0669511826360097,0.196572477421077,0.0796153831380152,0,4,4,12,0.03125,3,14,3,18,0.5,0.125,5.6143931205433,0,0,18.0416171943285,13.452942808788,0,4,16,0,1,2,2
465,"sim_0465",49498985,20260730,"broad_lhs",,"continuous_lhs",TRUE,FALSE,"completed","2026-08-05 02:20:55.055684 +0200","2026-08-05 02:20:56.666991 +0200",1.611,10,,,TRUE,"completed",10,0.244450065843161,0.480205953519986,0.0327106773666087,0.141424938049329,44.1141238699771,0.767987825380893,0.144158301846798,0.0271268284755448,0.0569659389835059,0,0,6,1,,,7,,,,0,0,0,0,2.97883179816928,0,14.1840836966193,0,7,0,0,0,0
466,"sim_0466",49603714,20260730,"broad_lhs",,"continuous_lhs",TRUE,FALSE,"completed","2026-08-05 02:20:58.160233 +0200","2026-08-05 02:21:00.834483 +0200",2.675,10,,,TRUE,"completed",10,0.127271820770745,0.102509141241653,0.0953577150038902,0.0381103081953899,77.3432634088935,0.840478402436522,0.060006891978963,0.14714122957951,1.01120946263775,16,10,22,26,0.0576923076923077,9,22,24,37,2.76923076923077,1.5,26.9447502201862,6.55122216244736,49.0631824029109,124.29729708086,48.2912206015002,52.5745693495732,26,48,1,6,8,8
467,"sim_0467",49708443,20260730,"broad_lhs",,"continuous_lhs",TRUE,FALSE,"completed","2026-08-05 02:21:00.609349 +0200","2026-08-05 02:21:03.495368 +0200",2.886,10,,,TRUE,"completed",10,0.407914690838294,0.144882634050829,0.0273640324876938,0.101044654934028,83.8013407686725,36.2502363894978,0.0756674276812967,0.163779619964836,0.283967015010925,31,2,35,11,0.125823451910408,2,12,46,18,5.78787878787879,4.15217391304348,4.25826514062236,26.7034439957952,54.9026318826206,26.0226379792941,24.7227199574601,75.430297790153,33,46,5,9,13.7466666666667,14
468,"sim_0468",49813172,20260730,"broad_lhs",,"continuous_lhs",TRUE,FALSE,"completed","2026-08-05 02:21:00.811543 +0200","2026-08-05 02:21:04.636964 +0200",3.826,10,,,TRUE,"completed",10,0.0600480739780563,0.0629206474510575,0.102839147794067,0.476914979554824,93.3871368503198,4.13957910343071,0.136082021009169,0.129550470350271,0.0871184035211594,23,5,50,7,0.0357142857142857,3,27,19,38,2.03571428571429,1,3.86297110660125,104.627259562711,27.945539402394,9.74216820456844,262.862731238232,57.1719121657484,28,57,1,4,6,6
469,"sim_0469",49917901,20260730,"broad_lhs",,"continuous_lhs",TRUE,FALSE,"completed","2026-08-05 02:21:03.290062 +0200","2026-08-05 02:21:05.774947 +0200",2.485,10,,,TRUE,"completed",10,0.392663359219075,0.034110596128328,0.0620579716432392,0.526787465319306,78.4033591465611,3.46353420875845,0.0412412333752408,0.240444825481391,0.0616897623851841,20,4,39,3,0.0416666666666667,12,25,18,41,1.75,1,7.55745722674229,52.1893214563435,52.129179158729,9.38885557383615,150.696404819595,93.4470892658956,24,42,0,4,8,8
470,"sim_0470",50022630,20260730,"broad_lhs",,"continuous_lhs",TRUE,FALSE,"completed","2026-08-05 02:21:05.747481 +0200","2026-08-05 02:21:08.924295 +0200",3.177,10,,,TRUE,"completed",10,0.620011610961525,0.067977384813241,0.0188655517298317,0.0940365854025329,112.079531745199,1.00761379425478,0.103642876547427,0.168489594823978,0.0780277719475126,49,3,66,6,0.295405982905983,3,31,83,37,21.2692307692308,15.3611111111111,6.41654096396444,9.70247111226102,117.234154007563,17.4576575643194,63.6333557356173,162.209586474367,52,72,22.5,35,38.4233333333333,39
471,"sim_0471",50127359,20260730,"broad_lhs",,"continuous_lhs",TRUE,FALSE,"completed","2026-08-05 02:21:05.924288 +0200","2026-08-05 02:21:08.209510 +0200",2.285,10,,,TRUE,"completed",10,0.108357237286465,0.468039902193165,0.10165491254907,0.339080831502386,50.6830364677434,1.53579134607067,0.0111037912002138,0.174334562366,1.27310385178647,2,2,9,5,0.0357142857142857,3,12,3,16,0.5,0.142857142857143,2.40694354280674,5.05509809318152,0,2.55737977625831,34.8769311986449,0,4,14,0,1,2,2
472,"sim_0472",50232088,20260730,"broad_lhs",,"continuous_lhs",TRUE,FALSE,"completed","2026-08-05 02:21:10.392915 +0200","2026-08-05 02:21:12.468005 +0200",2.075,10,,,TRUE,"completed",10,0.0473915032347002,0.378768555815623,0.0821082691623511,0.034124522501314,57.7980741794945,0.852593981409494,0.0245784735249775,0.122711068477947,0.114188094984941,1,3,3,15,0.0138888888888889,3,17,2,21,0.25,0.0555555555555556,6.62679062770783,4.17423379567992,0,39.2548764913403,7.50967065945766,1.19683477844818,4,18,0,0.433333333333334,1,1
473,"sim_0473",50336817,20260730,"broad_lhs",,"continuous_lhs",TRUE,FALSE,"completed","2026-08-05 02:21:09.325071 +0200","2026-08-05 02:21:10.621855 +0200",1.296,10,,,TRUE,"completed",10,0.349289426924921,0.0816242732566088,0.0106812826351941,0.10001368330239,50.0630096100271,2.95730560536356,0.0063560945089896,0.0821220162986235,0.075824975775385,0,0,1,3,,,4,,,,0,0,0,0,9.4320333936572,2.42981999392819,0,0,4,0,0,0,0
474,"sim_0474",50441546,20260730,"broad_lhs",,"continuous_lhs",TRUE,FALSE,"completed","2026-08-05 02:21:10.389380 +0200","2026-08-05 02:21:14.001021 +0200",3.612,10,,,TRUE,"completed",10,0.0766648775274893,0.45943572029122,0.0665270070998101,0.0874476617296935,104.009804843428,13.7658966608008,0.00579901625974238,0.10088143428199,0.06765096110116,7,3,11,18,0.0758620689655172,4,22,11,28,2.2,0.758620689655172,1.42471613427496,0,16.413283458237,25.5360190533666,19.1084988275114,16.7886027140741,10,29,0,4,6,6
475,"sim_0475",50546275,20260730,"broad_lhs",,"continuous_lhs",TRUE,FALSE,"completed","2026-08-05 02:21:11.200374 +0200","2026-08-05 02:21:13.412428 +0200",2.212,10,,,TRUE,"completed",10,0.66758387160328,0.0449921413753614,0.0933957662728113,0.150184368465791,63.8035584717782,1.0133280903351,0.0124497002503365,0.161452662593284,0.12543142783078,25,5,28,7,0.0352380952380952,11,20,14,35,1.23333333333333,1.05714285714286,21.6263992643104,13.3998633584752,97.1156737198061,32.7431823726934,133.558376378436,49.9050885712036,30,35,1,3,9,9
476,"sim_0476",50651004,20260730,"broad_lhs",,"continuous_lhs",TRUE,FALSE,"completed","2026-08-05 02:21:07.836404 +0200","2026-08-05 02:21:10.093470 +0200",2.257,10,,,TRUE,"completed",10,0.0532133619351532,0.408475240406789,0.0298232264353685,0.178531093534461,103.723033490198,0.28276611622443,0.00908956567175554,0.142007364608063,0.0739544508757756,2,3,6,5,0,5,11,1,16,0,0,6.03592703835365,7.33615103683111,0,9.0366275743662,18.6669267615474,9.08120941890627,5,11,0,0,0,0
477,"sim_0477",50755733,20260730,"broad_lhs",,"continuous_lhs",TRUE,FALSE,"completed","2026-08-05 02:21:08.561635 +0200","2026-08-05 02:21:10.109873 +0200",1.548,10,,,TRUE,"completed",10,0.202195778577799,0.121378943674214,0.0637823259884772,0.0470410953237436,46.9518179387475,0.427452623323708,0.0316505844244341,0.0540771816648905,0.361317635203199,3,2,7,5,0.0333333333333333,3,10,2,15,0.4,0.166666666666667,2.89789001154935,4.48938277976481,8.62012907984906,31.6073308670226,39.5430186004202,10.3919594320655,5,12,0,1,1,1
478,"sim_0478",50860462,20260730,"broad_lhs",,"continuous_lhs",TRUE,FALSE,"completed","2026-08-05 02:21:11.865150 +0200","2026-08-05 02:21:14.444813 +0200",2.58,10,,,TRUE,"completed",10,0.0656814905155748,0.0701009964992344,0.142053763644046,0.361450424812912,43.8596218731875,27.9556956671708,0.00686614864872719,0.16782547822843,0.17704123176949,14,6,24,14,0.118421052631579,5,5,25,13,4.5,2.36842105263158,6.19874218689593,47.1493488188894,12.8913002261936,25.8514302736628,114.815740093701,31.5474106434895,20,38,2,7,14,14
479,"sim_0479",50965191,20260730,"broad_lhs",,"continuous_lhs",TRUE,FALSE,"completed","2026-08-05 02:21:11.251116 +0200","2026-08-05 02:21:12.740751 +0200",1.49,10,,,TRUE,"completed",10,0.0778167371794398,0.144360094086311,0.0190759079833538,0.677417773866271,41.0978752734554,5.26293199709283,0.00661653431743567,0.127862769940855,0.318371610508672,0,1,3,2,,1,5,1,6,0,0,1.06135594623379,0,0,1.5883059206181,13.5712176492357,0,1,5,0,0,0,0
480,"sim_0480",51069920,20260730,"broad_lhs",,"continuous_lhs",TRUE,FALSE,"completed","2026-08-05 02:21:14.434213 +0200","2026-08-05 02:21:16.490487 +0200",2.057,10,,,TRUE,"completed",10,0.223082528285207,0.142937455777081,0.0117341949538552,0.247603561604941,113.743441583071,2.39926184160107,0.0125184310842516,0.160527728999085,0.06045104453078,9,0,11,5,0.0277777777777778,5,15,5,21,0.444444444444444,0.25,0,4.10587713236169,26.1363465622488,7.3173004877765,24.63491469782,33.8804145126801,9,16,0,1,4,4
481,"sim_0481",51174649,20260730,"broad_lhs",,"continuous_lhs",TRUE,FALSE,"completed","2026-08-05 02:21:13.171548 +0200","2026-08-05 02:21:14.718931 +0200",1.548,10,,,TRUE,"completed",10,0.559801505820308,0.0424841343237384,0.0213821541162756,0.422642877894291,47.5256603708698,0.381531899967841,0.00991128457284782,0.0549792148806025,0.118904975633019,5,0,7,1,0.125,2,5,4,9,1,0.625,0,8.77812310001841,9.67623394641693,7.63421503037841,31.8438540035243,11.7051506906718,5,8,0,2,2,2
482,"sim_0482",51279378,20260730,"broad_lhs",,"continuous_lhs",TRUE,FALSE,"completed","2026-08-05 02:21:14.532072 +0200","2026-08-05 02:21:16.378306 +0200",1.846,10,,,TRUE,"completed",10,0.107250644650523,0.0807054183434021,0.0128479722512536,0.591997054809831,82.8705022585268,2.890463118815,0.0163549207014982,0.066706832678497,1.23447330100162,8,1,18,3,0.0952380952380952,2,14,12,18,2,0.857142857142857,0.83828749613858,10.711217594907,14.4824777952967,2.81514843047018,62.9694942658543,21.2919852324624,9,21,0,3,5,5
483,"sim_0483",51384107,20260730,"broad_lhs",,"continuous_lhs",TRUE,FALSE,"completed","2026-08-05 02:21:12.779602 +0200","2026-08-05 02:21:16.094155 +0200",3.315,10,,,TRUE,"completed",10,0.711975695956634,0.544518380293346,0.046709616539103,0.426837860655247,83.2295389799194,6.2208524415138,0.138444209249969,0.206117299429995,0.163078316310634,4,0,9,4,0,4,13,1,17,0,0,0,0,9.04509118452964,1.77256191567991,22.1068026826563,2.63170806085085,4,13,0,0,0,0
484,"sim_0484",51488836,20260730,"broad_lhs",,"continuous_lhs",TRUE,FALSE,"completed","2026-08-05 02:21:13.193793 +0200","2026-08-05 02:21:15.191550 +0200",1.997,10,,,TRUE,"completed",10,0.0715008730993979,0.166929583389992,0.0136616837664051,0.622124621740005,98.3193443291303,8.3703900355251,0.116239637607933,0.0749254664826569,0.579400627926381,2,2,12,3,0.0166666666666667,3,14,2,18,0.25,0.0666666666666667,1.43966383832078,8.94226541108985,0,3.49703534418684,47.2475864968161,0,4,15,0,0.733333333333334,1,1
485,"sim_0485",51593565,20260730,"broad_lhs",,"continuous_lhs",TRUE,FALSE,"completed","2026-08-05 02:21:14.614856 +0200","2026-08-05 02:21:17.019995 +0200",2.405,10,,,TRUE,"completed",10,0.503328838996763,0.0462754447150334,0.0132083135058756,0.0882602151054591,81.4515873678442,6.42019435654364,0.0179452759929255,0.154914483337003,1.24454577312443,52,0,57,6,0.386141636141636,6,23,84,31,24.3269230769231,20.0793650793651,0,0,58.6924713575165,24.1233647054692,50.4828208086406,104.435235412719,52,63,27,38,43,43
486,"sim_0486",51698294,20260730,"broad_lhs",,"continuous_lhs",TRUE,FALSE,"completed","2026-08-05 02:21:14.153725 +0200","2026-08-05 02:21:15.879065 +0200",1.725,10,,,TRUE,"completed",10,0.158493855287033,0.488256455347347,0.013306173847005,0.586650008063923,91.6544427964836,8.66103817939425,0.0969693022362609,0.189341684729766,0.19456314729812,2,1,2,2,0.0833333333333333,2,3,2,6,0.333333333333333,0.25,0.334942537794801,4.00698020745465,0,1.88016529746613,2.63391165611223,0,3,4,0,1,1,1
487,"sim_0487",51803023,20260730,"broad_lhs",,"continuous_lhs",TRUE,FALSE,"completed","2026-08-05 02:21:14.708754 +0200","2026-08-05 02:21:17.484465 +0200",2.776,10,,,TRUE,"completed",10,0.0516158295995384,0.464259445182507,0.0829065249171757,0.0702791643918432,69.4525850647854,14.2623958627351,0.00709038120804536,0.0886689295808578,0.325439305951655,0,4,2,14,0.015625,3,15,2,19,0.25,0.0625,8.1027926109758,0,0,17.9560772850272,3.55176068045244,0,4,16,0,0.633333333333336,1,1
488,"sim_0488",51907752,20260730,"broad_lhs",,"continuous_lhs",TRUE,FALSE,"completed","2026-08-05 02:21:14.730753 +0200","2026-08-05 02:21:16.843125 +0200",2.112,10,,,TRUE,"completed",10,0.0673916159362888,0.220196012484614,0.021580765568386,0.0638952944213643,110.125495900648,0.254421472906166,0.010505091351972,0.187894137085208,0.788971210684975,2,2,12,14,0,4,26,1,30,0,0,8.95340744848079,0,4.25272837248009,30.374039373293,65.2153652297494,0,4,26,0,0,0,0
489,"sim_0489",52012481,20260730,"broad_lhs",,"continuous_lhs",TRUE,FALSE,"completed","2026-08-05 02:21:17.788485 +0200","2026-08-05 02:21:19.273124 +0200",1.484,10,,,TRUE,"completed",10,0.172912200885543,0.254773403492666,0.0148774159780761,0.036742830604283,72.7644023326536,18.6577806989062,0.00809112705756334,0.0871360653570931,0.172398192253811,0,0,4,8,,,12,,,,0,0,0,0,31.9835431926323,3.71742329307406,8.89681779523692,0,12,0,0,0,0
490,"sim_0490",52117210,20260730,"broad_lhs",,"continuous_lhs",TRUE,FALSE,"completed","2026-08-05 02:21:16.545244 +0200","2026-08-05 02:21:18.108204 +0200",1.563,10,,,TRUE,"completed",10,0.25792070209551,0.325030842718507,0.0427447077385539,0.0794922681566256,43.4479220082362,2.51869077335588,0.118205219582283,0.222639083331192,0.0505196461376162,0,1,4,5,,1,9,1,10,0,0,8.89605008887213,0,0,23.3352633493382,0,9.53371791878191,1,9,0,0,0,0
491,"sim_0491",52221939,20260730,"broad_lhs",,"continuous_lhs",TRUE,FALSE,"completed","2026-08-05 02:21:16.059572 +0200","2026-08-05 02:21:17.798854 +0200",1.739,10,,,TRUE,"completed",10,0.129153486727566,0.0332660105841764,0.0617890133501813,0.313168375224904,51.8178263961027,0.277402266540244,0.0410395074348253,0.0803117459914776,1.12566769981838,6,2,20,3,0.0489130434782609,2,16,5,22,1.125,0.391304347826087,10.5693563609415,16.7014409098976,12.9594607793365,21.1814937196332,131.642130928925,14.4922017611942,8,23,0,2,2,2
492,"sim_0492",52326668,20260730,"broad_lhs",,"continuous_lhs",TRUE,FALSE,"completed","2026-08-05 02:21:18.593494 +0200","2026-08-05 02:21:20.231881 +0200",1.639,10,,,TRUE,"completed",10,0.111550284412447,0.193224535351672,0.0207065297129088,0.0337788778667284,96.807198854867,1.81607922450789,0.109326032227555,0.0174547003900969,0.423598164439333,2,1,0,9,0.0740740740740741,1,8,3,10,0.666666666666667,0.222222222222222,0.583523125864209,0,6.747089296769,10.7272496563389,0,0,3,9,0,1.43333333333333,2,2
493,"sim_0493",52431397,20260730,"broad_lhs",,"continuous_lhs",TRUE,FALSE,"completed","2026-08-05 02:21:17.759149 +0200","2026-08-05 02:21:23.443697 +0200",5.685,10,,,TRUE,"completed",10,0.217918376619671,0.177580025791973,0.160293516968175,0.081746798325765,116.179473495028,0.799383015842735,0.00622006046777739,0.0685317446292093,0.057182135654174,20,16,47,25,0.0385802469135802,12,27,56,44,2.77777777777778,1.38888888888889,26.2738429851986,38.9782453491277,65.1012981176553,78.8809550633857,118.036921430907,110.276406105572,36,72,1,4,11.5833333333333,12
494,"sim_0494",52536126,20260730,"broad_lhs",,"continuous_lhs",TRUE,FALSE,"completed","2026-08-05 02:21:17.629780 +0200","2026-08-05 02:21:19.038186 +0200",1.409,10,,,TRUE,"completed",10,0.615945618810338,0.109659670267795,0.0140640346416812,0.24288053664693,40.718211684107,4.77171768774625,0.0788821154500158,0.0408002319806514,0.151600737273113,0,0,5,2,,,7,,,,0,0,0,0,8.65494517908648,33.9547625922328,0,0,7,0,0,0,0
495,"sim_0495",52640855,20260730,"broad_lhs",,"continuous_lhs",TRUE,FALSE,"completed","2026-08-05 02:21:18.951260 +0200","2026-08-05 02:21:22.569540 +0200",3.618,10,,,TRUE,"completed",10,0.179782314889065,0.336372232392754,0.113227104697092,0.739512754572532,70.0022008138398,0.413879273520644,0.0915439640085693,0.16920812160514,0.251697474635933,7,4,19,4,0.0158102766798419,7,19,2,30,0.363636363636364,0.173913043478261,3.22283735117817,28.4999676359863,0,1.20987265691247,63.9001399595304,3.71637009591016,11,23,0,1,1,1
496,"sim_0496",52745584,20260730,"broad_lhs",,"continuous_lhs",TRUE,FALSE,"completed","2026-08-05 02:21:18.838838 +0200","2026-08-05 02:21:20.340185 +0200",1.501,10,,,TRUE,"completed",10,0.0474066736393493,0.0379098195064596,0.0138924804129338,0.411312929476297,62.4235942086412,1.71085551912678,0.0637570031335649,0.143917094259005,0.241588123238938,0,0,10,3,,,13,,,,0,0,0,0,5.04877168286903,41.5766667539555,0,0,13,0,0,0,0
497,"sim_0497",52850313,20260730,"broad_lhs",,"continuous_lhs",TRUE,FALSE,"completed","2026-08-05 02:21:18.951076 +0200","2026-08-05 02:21:20.698588 +0200",1.747,10,,,TRUE,"completed",10,0.0515018574687695,0.398519213878012,0.0157954641695901,0.351338614939975,70.9650746416507,0.318690487842154,0.0385657406005222,0.162497098085264,0.382429893990198,2,0,3,4,0,2,7,1,9,0,0,0,8.87820518977577,0,4.05799875977157,8.56128225123671,0,2,7,0,0,0,0
498,"sim_0498",52955042,20260730,"broad_lhs",,"continuous_lhs",TRUE,FALSE,"completed","2026-08-05 02:21:18.798344 +0200","2026-08-05 02:21:20.237079 +0200",1.439,10,,,TRUE,"completed",10,0.149681391268946,0.110846333639875,0.0131114637492144,0.0511270336627243,76.8303468672559,3.82511641341262,0.13269680552766,0.229939531758686,0.395094612464881,0,1,2,7,,1,9,1,10,0,0,0.127886012552169,0,0,21.9943185165446,8.9345567147862,0,1,9,0,0,0,0
499,"sim_0499",53059771,20260730,"broad_lhs",,"continuous_lhs",TRUE,FALSE,"completed","2026-08-05 02:21:18.946494 +0200","2026-08-05 02:21:25.615118 +0200",6.669,10,,,TRUE,"completed",10,0.300239214769329,0.549189169983865,0.090267581318081,0.431808404078095,117.648885325053,0.739787781816777,0.0390434293615896,0.0294563592866891,0.197811410537763,14,5,16,21,0.0369843527738265,5,21,11,32,1.36842105263158,0.702702702702703,5.33627913238042,17.6821577474103,13.9169484065479,19.2478065174471,25.4991375594532,14.7292931340004,19,37,1,2,6,6
500,"sim_0500",53164500,20260730,"broad_lhs",,"continuous_lhs",TRUE,FALSE,"completed","2026-08-05 02:21:20.122697 +0200","2026-08-05 02:21:25.552049 +0200",5.429,10,,,TRUE,"completed",10,0.147039904037829,0.0995745287519698,0.136090317115854,0.0364030362580751,116.071255241893,22.7415846793773,0.00525571292583913,0.0568144996206845,0.0619990287327875,32,16,45,60,0.091468253968254,4,16,133,21,9.60416666666667,4.39047619047619,42.622866960129,34.7406072024408,131.435432904138,250.832235570835,87.0424320005908,166.561479311359,48,105,5,11,33.1333333333333,34
501,"sim_0501",53269229,20260730,"broad_lhs",,"continuous_lhs",TRUE,FALSE,"completed","2026-08-05 02:21:21.164106 +0200","2026-08-05 02:21:23.411559 +0200",2.247,10,,,TRUE,"completed",10,0.41689992923555,0.0499462496009546,0.0121278696547704,0.593482149512278,116.593913012826,1.35636704418675,0.00879358932263249,0.025499594474677,0.178260787868426,14,1,43,3,0.0507246376811594,4,41,16,46,2.33333333333333,0.760869565217391,0.0196943023840994,16.8379740283719,23.0026363989461,4.07654402393644,34.174228989184,133.389785961883,15,46,0,4,9,9
502,"sim_0502",53373958,20260730,"broad_lhs",,"continuous_lhs",TRUE,FALSE,"completed","2026-08-05 02:21:20.973157 +0200","2026-08-05 02:21:24.504103 +0200",3.531,10,,,TRUE,"completed",10,0.676189161863052,0.243767082435372,0.0463283302096595,0.179930981337418,95.2025255151921,7.69265942535526,0.026339907836867,0.224347276376858,0.0775352553851049,7,4,35,8,0.0422832980972516,6,31,13,40,1.81818181818182,0.465116279069767,5.7303053099329,0,16.485536015631,6.43740020173868,57.3414765606688,95.7207194941783,11,43,0,3,10,10
503,"sim_0503",53478687,20260730,"broad_lhs",,"continuous_lhs",TRUE,FALSE,"completed","2026-08-05 02:21:22.335630 +0200","2026-08-05 02:21:27.653512 +0200",5.318,10,,,TRUE,"completed",10,0.0537376812968591,0.105529427145135,0.106732963324111,0.107457139409521,102.182634959577,3.8470044140611,0.10013158796954,0.0114232614155238,0.569533886039577,55,13,71,19,0.30718954248366,6,12,136,21,27.6470588235294,20.8888888888889,45.1345141058657,50.8094224565091,259.637356242852,97.1117276617192,168.033113827496,252.015659903017,68,90,28,44,49.0833333333333,50
504,"sim_0504",53583416,20260730,"broad_lhs",,"continuous_lhs",TRUE,FALSE,"completed","2026-08-05 02:21:22.239581 +0200","2026-08-05 02:21:24.595294 +0200",2.356,10,,,TRUE,"completed",10,0.374239421360451,0.479596305457703,0.035264575249133,0.626277451000222,72.2723259658863,1.36119935489637,0.00543569434309022,0.0916339599878605,0.449548033543039,2,1,9,1,0,3,10,1,13,0,0,0.71620940482388,1.7004917360997,0,0.0517038838688109,14.6720123463551,16.2233471048989,3,10,0,0,0,0
505,"sim_0505",53688145,20260730,"broad_lhs",,"continuous_lhs",TRUE,FALSE,"completed","2026-08-05 02:21:24.522198 +0200","2026-08-05 02:21:26.321887 +0200",1.8,10,,,TRUE,"completed",10,0.104346039150478,0.0406063751893965,0.0521915061091745,0.163316754987967,67.4434804393599,0.313687029781503,0.0467911254592841,0.232380574592777,0.397665637605616,8,3,17,11,0.0227272727272727,6,22,3,32,0.636363636363636,0.25,8.02735163496913,28.3717186202882,21.6910678535797,48.7906508023148,77.5287521045691,38.6146626633236,11,28,0,1,2,2
506,"sim_0506",53792874,20260730,"broad_lhs",,"continuous_lhs",TRUE,FALSE,"completed","2026-08-05 02:21:25.584444 +0200","2026-08-05 02:21:27.006908 +0200",1.423,10,,,TRUE,"completed",10,0.0677861790088814,0.038474829888192,0.0120567097580822,0.0659213997036439,112.483037479594,26.0057312532715,0.0317920575923147,0.158493755086998,0.537756178705359,1,3,10,18,0.0446428571428571,0,23,3,27,1.25,0.178571428571429,12.8599681626707,4.11540966610131,0,81.2294039848541,31.8217090801436,12.6008011667176,4,28,0,1,2,2
507,"sim_0507",53897603,20260730,"broad_lhs",,"continuous_lhs",TRUE,FALSE,"completed","2026-08-05 02:21:25.352255 +0200","2026-08-05 02:21:27.789306 +0200",2.437,10,,,TRUE,"completed",10,0.189244779608926,0.484010311588453,0.0225593600398792,0.0461116467858235,114.837607744005,2.17095037633566,0.0118926281278068,0.0564853393811629,0.541717842307606,1,0,7,9,,1,16,1,17,0,0,0,3.95425835951874,0,8.13652182574122,8.12816451230739,12.6276606470835,1,16,0,0,0,0
508,"sim_0508",54002332,20260730,"broad_lhs",,"continuous_lhs",TRUE,FALSE,"completed","2026-08-05 02:21:29.153630 +0200","2026-08-05 02:21:31.190489 +0200",2.037,10,,,TRUE,"completed",10,0.16346564507153,0.0402297034325769,0.0331275790321976,0.248711176072216,92.5536912697264,10.2347107258552,0.0899526833718787,0.00744836182611632,0.0712017476248983,9,3,29,17,0.0579710144927536,1,26,20,32,2.66666666666667,0.695652173913043,0.436299233968202,38.7779306241401,6.40645032500171,45.4922335015045,115.719212968603,26.3976060795939,12,46,1,4,5,5
509,"sim_0509",54107061,20260730,"broad_lhs",,"continuous_lhs",TRUE,FALSE,"completed","2026-08-05 02:21:29.489961 +0200","2026-08-05 02:21:30.946477 +0200",1.456,10,,,TRUE,"completed",10,0.07136119345704,0.135940773971881,0.0455383763538866,0.0572596553477611,56.2614858513491,20.8864256358262,0.0936060204026127,0.209563898976517,0.0582071763011672,2,3,3,8,0.109090909090909,2,7,5,11,1.2,0.545454545454545,2.75742980155043,10.758921173715,0,38.4221863227597,7.62160377920334,3.0393973859475,5,11,0,2.03333333333334,3,3
510,"sim_0510",54211790,20260730,"broad_lhs",,"continuous_lhs",TRUE,FALSE,"completed","2026-08-05 02:21:32.044865 +0200","2026-08-05 02:21:35.380607 +0200",3.335,10,,,TRUE,"completed",10,0.334274367931673,0.126860651040326,0.110190010227696,0.0310954214213631,92.504985222179,0.305541725717226,0.0231056807805308,0.024598206228693,0.196358930980582,17,17,28,32,0.0372549019607843,8,19,35,36,2.23529411764706,1.26666666666667,67.5970467682686,46.2974587971733,51.6046508632855,140.292029249479,53.6777900073203,138.299141586383,34,60,1,4,9.34000000000006,11
511,"sim_0511",54316519,20260730,"broad_lhs",,"continuous_lhs",TRUE,FALSE,"completed","2026-08-05 02:21:30.895835 +0200","2026-08-05 02:21:35.931860 +0200",5.036,10,,,TRUE,"completed",10,0.0591221678226303,0.514252157501793,0.135620313616039,0.0917432426998415,101.443520446432,1.08771397454308,0.113134464461715,0.0574960399152608,0.101779167185514,1,10,6,29,0.0467532467532468,2,20,6,28,1.63636363636364,0.514285714285714,22.3086672190602,2.30272235977221,0,45.812218306461,18.7789513205048,2.85688302565461,11,35,1,2,4,4
512,"sim_0512",54421248,20260730,"broad_lhs",,"continuous_lhs",TRUE,FALSE,"completed","2026-08-05 02:21:30.865502 +0200","2026-08-05 02:21:33.416903 +0200",2.551,10,,,TRUE,"completed",10,0.543367510085465,0.0453137013030567,0.124056809600208,0.332968101458612,62.1470501158593,1.44419553175708,0.0100941627629482,0.213854775158365,1.32110634250005,21,4,36,6,0.0876190476190476,10,21,21,36,3.68,2.19047619047619,11.2425425631036,35.1980454291335,43.36219645702,19.1835108869252,152.018582415375,59.8691964417318,25,42,1,9,10,10
513,"sim_0513",54525977,20260730,"broad_lhs",,"continuous_lhs",TRUE,FALSE,"completed","2026-08-05 02:21:33.554593 +0200","2026-08-05 02:21:35.497000 +0200",1.942,10,,,TRUE,"completed",10,0.204301797001728,0.0672048120937631,0.0283911711847568,0.114856133446877,88.2606866247124,0.396123444958588,0.0330720440423308,0.246863931835138,0.0533050304838666,9,4,15,11,0.0384615384615385,6,17,5,28,1,0.5,10.2793297252468,24.4364026718617,21.2763837511218,37.7350283046399,42.1416218609667,60.5345542556196,13,26,0,2,3,3
514,"sim_0514",54630706,20260730,"broad_lhs",,"continuous_lhs",TRUE,FALSE,"completed","2026-08-05 02:21:33.653017 +0200","2026-08-05 02:21:35.598679 +0200",1.946,10,,,TRUE,"completed",10,0.136227418378007,0.0475182085493832,0.0434867218892649,0.675422668065075,47.7344106807891,28.0557811030816,0.0197970936772,0.0941307820941115,0.413626650877805,7,0,19,5,0.0714285714285714,1,16,11,19,1.71428571428571,0.5,0,35.1643030069862,10.2294509711314,11.6214256617152,110.639278458997,0,7,24,0,2.53333333333333,5,5
515,"sim_0515",54735435,20260730,"broad_lhs",,"continuous_lhs",TRUE,FALSE,"completed","2026-08-05 02:21:35.308148 +0200","2026-08-05 02:21:39.324739 +0200",4.016,10,,,TRUE,"completed",10,0.420797974679676,0.137889628387446,0.0226608119122478,0.146050464205692,114.936015163548,1.15974760495728,0.130386478099271,0.0324136940050974,0.23034514081374,67,2,93,5,0.424430641821946,2,23,138,27,41.5942028985507,29.2857142857143,9.11205775089998,8.37042399236902,137.310579278205,23.7047833712638,16.7536052142234,236.007034515851,69,98,42,57,61.9933333333333,63
516,"sim_0516",54840164,20260730,"broad_lhs",,"continuous_lhs",TRUE,FALSE,"completed","2026-08-05 02:21:34.932071 +0200","2026-08-05 02:21:37.176834 +0200",2.245,10,,,TRUE,"completed",10,0.327419147767925,0.106837314130056,0.147218550655068,0.0417510329769868,51.5890399141444,9.62378355418961,0.0240341100333972,0.0771027349416787,0.498314380754127,13,6,12,25,0.14651493598862,3,7,46,11,5.42105263157895,2.78378378378378,20.7397305134916,41.797138651831,18.4650849694498,100.811476610489,40.9920260395482,49.6852228326873,19,37,4,9.06666666666666,11,11
517,"sim_0517",54944893,20260730,"broad_lhs",,"continuous_lhs",TRUE,FALSE,"completed","2026-08-05 02:21:36.352309 +0200","2026-08-05 02:21:37.929969 +0200",1.577,10,,,TRUE,"completed",10,0.0535699685590035,0.0681148744809153,0.011631836467214,0.0426582099325258,64.00889892634,33.7189501036554,0.0165671519215532,0.0688638200974351,0.0862185817161194,3,3,2,6,0.145833333333333,2,4,6,8,1.16666666666667,0.875,10.0280623044075,6.98384924895592,11.3015661849381,27.8985557146516,17.4784329341985,0,6,8,1,3,3,3
518,"sim_0518",55049622,20260730,"broad_lhs",,"continuous_lhs",TRUE,FALSE,"completed","2026-08-05 02:21:35.401477 +0200","2026-08-05 02:21:37.195107 +0200",1.794,10,,,TRUE,"completed",10,0.120848695800419,0.466386968099415,0.0409839733950518,0.0537711898727122,53.9597881468013,1.51105016174067,0.00669780715892686,0.0742410557344556,1.38520022684572,0,1,2,2,,1,4,1,5,0,0,1.45604121359468,0,0,6.09008186541584,7.64626009297003,0,1,4,0,0,0,0
519,"sim_0519",55154351,20260730,"broad_lhs",,"continuous_lhs",TRUE,FALSE,"completed","2026-08-05 02:21:35.520107 +0200","2026-08-05 02:21:40.459435 +0200",4.939,10,,,TRUE,"completed",10,0.0466371217420272,0.227611418522149,0.0782120619674676,0.680538819515683,113.864549749283,0.500933875299121,0.0854680157291547,0.126970167832074,0.122941320968443,21,4,44,9,0.0384905660377358,6,23,22,35,2.04,0.962264150943396,1.36727775727129,66.5226582070174,15.7120839966316,14.0654768099589,175.360711509238,42.7361101197273,25,53,1,3,7.76666666666668,8
520,"sim_0520",55259080,20260730,"broad_lhs",,"continuous_lhs",TRUE,FALSE,"completed","2026-08-05 02:21:37.194257 +0200","2026-08-05 02:21:38.924429 +0200",1.73,10,,,TRUE,"completed",10,0.596335254259183,0.348805274445191,0.0123259672693232,0.134717411052081,73.4532464198561,9.85269604677675,0.0505216387121166,0.0673691674727403,1.10795957363431,1,0,6,5,,1,11,1,12,0,0,0,2.54128461140752,0,6.90551470101745,1.17714212507336,16.0229718012366,1,11,0,0,0,0
521,"sim_0521",55363809,20260730,"broad_lhs",,"continuous_lhs",TRUE,FALSE,"completed","2026-08-05 02:21:38.101476 +0200","2026-08-05 02:21:42.222517 +0200",4.121,10,,,TRUE,"completed",10,0.179424153530928,0.0582824565061544,0.0261495717538378,0.133725262463784,91.9423764827144,0.547966789213311,0.0174224936440186,0.0182255145410697,1.0342069568219,56,3,69,4,0.396099373113536,3,17,110,22,28.9152542372881,23.3698630136986,20.8508535370142,38.0952350074044,217.658524694078,26.4893282247357,85.8122529450156,282.454922699511,59,73,32,41,46.06,50
522,"sim_0522",55468538,20260730,"broad_lhs",,"continuous_lhs",TRUE,FALSE,"completed","2026-08-05 02:21:37.947746 +0200","2026-08-05 02:21:41.675722 +0200",3.728,10,,,TRUE,"completed",10,0.0719945314233304,0.531829137821693,0.102723149353158,0.194427222703966,76.7851477338829,16.4821063327499,0.063372667652192,0.214835496655174,0.107387917559762,2,6,2,18,0.0625,3,11,6,18,1.25,0.5,4.73312613416969,1.90867080115299,0,20.8105400247118,5.65907569411149,0,8,20,0.500000000000002,1.83333333333334,5,5
523,"sim_0523",55573267,20260730,"broad_lhs",,"continuous_lhs",TRUE,FALSE,"completed","2026-08-05 02:21:38.629621 +0200","2026-08-05 02:21:59.098905 +0200",20.469,10,,,TRUE,"completed",10,0.24497242366767,0.36612089097756,0.163412657716657,0.147010267311895,105.139063171897,3.10742869071121,0.0109685406331161,0.13909205362938,1.28973328052779,84,4,97,5,0.709670231729055,4,4,178,10,72.3863636363636,62.4509803921569,4.91541506438429,24.4031149367698,334.103709354561,2.49635966384515,68.5199912992271,309.292586286544,88,102,71,83,88.5266666666666,90
524,"sim_0524",55677996,20260730,"broad_lhs",,"continuous_lhs",TRUE,FALSE,"completed","2026-08-05 02:21:36.845078 +0200","2026-08-05 02:21:38.218537 +0200",1.373,10,,,TRUE,"completed",10,0.409614937676075,0.0598401043367188,0.0214824096526832,0.0528407407332636,48.7755655140926,23.0382196058581,0.0140819054544638,0.162143260356453,0.22859843937927,0,4,5,9,0.0357142857142857,3,12,3,16,0.5,0.142857142857143,10.0614963437484,0,0,42.404554322119,8.27172828132899,14.9712104823325,4,14,0,1,2,2
525,"sim_0525",55782725,20260730,"broad_lhs",,"continuous_lhs",TRUE,FALSE,"completed","2026-08-05 02:21:37.356483 +0200","2026-08-05 02:21:39.038321 +0200",1.682,10,,,TRUE,"completed",10,0.346944286021635,0.0956595246613358,0.0165686463138211,0.140369154403579,96.9646723370378,2.4139361190219,0.0051493946198825,0.231980883293113,0.31193891695057,6,2,14,7,0.0178571428571429,6,18,3,26,0.375,0.142857142857143,6.14134381083519,7.01172174860548,23.3363750840036,25.1621029050091,31.9970901026323,25.8152479837249,8,21,0,1,2,2
526,"sim_0526",55887454,20260730,"broad_lhs",,"continuous_lhs",TRUE,FALSE,"completed","2026-08-05 02:21:36.142537 +0200","2026-08-05 02:21:39.863638 +0200",3.721,10,,,TRUE,"completed",10,0.652908154322221,0.140746574531961,0.0108705562347915,0.331551631796985,109.412897859472,14.6313765392073,0.020877521248353,0.104009081881765,0.246984658648126,48,0,77,0,0.173160173160173,7,27,61,37,13.3333333333333,8.31168831168831,0,21.9486699551479,112.682386554132,0,18.0601095939189,150.974422951991,48,77,8,25,30,30
527,"sim_0527",55992183,20260730,"broad_lhs",,"continuous_lhs",TRUE,FALSE,"completed","2026-08-05 02:21:39.960503 +0200","2026-08-05 02:21:42.447716 +0200",2.487,10,,,TRUE,"completed",10,0.151583071208531,0.107413321257874,0.0694955686149844,0.0673126874022362,77.0293961206244,0.871824895475879,0.0332307501695822,0.115144232674696,0.0657419053410065,5,5,16,19,0.04,4,27,8,35,1.4,0.4,11.2538054075123,14.4753141379972,14.2503839839913,85.3204813877376,58.2721149010638,13.8713513988121,10,35,0,3,4,4
528,"sim_0528",56096912,20260730,"broad_lhs",,"continuous_lhs",TRUE,FALSE,"completed","2026-08-05 02:21:39.060021 +0200","2026-08-05 02:21:40.775510 +0200",1.716,10,,,TRUE,"completed",10,0.171897811088695,0.317249644503102,0.0174740757725372,0.151033809395837,58.3084363126092,1.22991399833518,0.0130860200755862,0.233896873970775,0.0757039045696218,1,1,2,5,0,2,7,1,9,0,0,1.27585055276793,2.88750424599436,0,12.1888343479852,8.83658507826312,0,2,7,0,0,0,0
529,"sim_0529",56201641,20260730,"broad_lhs",,"continuous_lhs",TRUE,FALSE,"completed","2026-08-05 02:21:40.154291 +0200","2026-08-05 02:21:43.173260 +0200",3.019,10,,,TRUE,"completed",10,0.282835550888623,0.153495027773004,0.0521045383402577,0.789614654380942,80.0036089337327,1.06802301509801,0.0168391064208701,0.102300786753897,0.0860671582629687,11,2,22,5,0.0398860398860399,7,19,5,29,1.07692307692308,0.518518518518518,0.917037655438909,24.3679955608297,21.9046179612039,6.41479876706643,96.7102288050647,31.5668966746289,13,27,0,2.63333333333333,3,3
530,"sim_0530",56306370,20260730,"broad_lhs",,"continuous_lhs",TRUE,FALSE,"completed","2026-08-05 02:21:40.105565 +0200","2026-08-05 02:21:46.928012 +0200",6.823,10,,,TRUE,"completed",10,0.165896573174787,0.535182016720621,0.151089857522527,0.244928194914735,84.0753073421617,32.9918755094475,0.0251249649239368,0.026677985017757,0.291697892719167,21,6,24,20,0.153198653198653,4,15,47,21,6.74074074074074,4.13636363636364,2.13310128268062,14.5426731077114,19.1682366133621,19.0208849594411,36.060844432494,17.4008601427173,27,44,2,17,19,19
531,"sim_0531",56411099,20260730,"broad_lhs",,"continuous_lhs",TRUE,FALSE,"completed","2026-08-05 02:21:41.492516 +0200","2026-08-05 02:21:43.025038 +0200",1.533,10,,,TRUE,"completed",10,0.425789419982362,0.0936274422121882,0.0157616580291286,0.315359625957589,45.2007201728514,14.2084902894767,0.00919873909391972,0.093089515377845,1.45291333447209,0,0,6,0,,,6,,,,0,0,0,0,0,8.11254372770126,26.9986143683677,0,6,0,0,0,0
532,"sim_0532",56515828,20260730,"broad_lhs",,"continuous_lhs",TRUE,FALSE,"completed","2026-08-05 02:21:41.783926 +0200","2026-08-05 02:21:50.683575 +0200",8.899,10,,,TRUE,"completed",10,0.429989050587985,0.400497251759262,0.150023890103167,0.0496548936650274,92.1565531347568,0.550776770295534,0.0920021399690363,0.0474352957025662,1.2559005560143,76,2,75,4,0.565238558909445,1,2,154,4,44.6538461538462,44.0886075949367,4.9864632186764,0,316.270481809814,14.3021473839393,14.8951990966703,308.359949953393,78,79,46,61.8666666666667,74.0933333333333,75
534,"sim_0534",56725286,20260730,"broad_lhs",,"continuous_lhs",TRUE,FALSE,"completed","2026-08-05 02:21:41.822257 +0200","2026-08-05 02:21:43.445432 +0200",1.623,10,,,TRUE,"completed",10,0.0666193013936013,0.33954421168491,0.0202277743821898,0.357475232549237,54.4978447598509,39.7905354901339,0.118847784054857,0.0437282209132617,0.105808878683962,1,0,6,1,,0,6,2,7,1,0.142857142857143,0,0.644559257978861,0,2.21516338218533,17.158242782791,0,1,7,0,1,1,1
535,"sim_0535",56830015,20260730,"broad_lhs",,"continuous_lhs",TRUE,FALSE,"completed","2026-08-05 02:21:43.076839 +0200","2026-08-05 02:21:44.593177 +0200",1.517,10,,,TRUE,"completed",10,0.0448530834334574,0.377138020601686,0.0151775088777561,0.360516030680449,50.5034927580092,4.31452336138895,0.0147583172527931,0.246051522004741,0.71296698668196,0,0,1,1,,,2,,,,0,0,0,0,0.75147973551001,3.45642882963401,0,0,2,0,0,0,0
536,"sim_0536",56934744,20260730,"broad_lhs",,"continuous_lhs",TRUE,FALSE,"completed","2026-08-05 02:21:44.406169 +0200","2026-08-05 02:21:47.902390 +0200",3.496,10,,,TRUE,"completed",10,0.0984063492815745,0.208018903008092,0.0355717939445188,0.249267216167539,93.8464155641488,22.7795337244414,0.00568029533658895,0.242446829327447,0.942124529662686,32,6,52,7,0.206512042818912,5,21,67,29,12.1842105263158,7.84745762711864,9.08014904197616,17.2147826868655,37.262952392179,19.3797604201789,89.6492056255654,53.1783547790628,38,59,11,20,25.6933333333333,26
537,"sim_0537",57039473,20260730,"broad_lhs",,"continuous_lhs",TRUE,FALSE,"completed","2026-08-05 02:21:44.268559 +0200","2026-08-05 02:21:46.110113 +0200",1.841,10,,,TRUE,"completed",10,0.210812285768559,0.0655862097628529,0.179596318928332,0.0802759427187977,41.2403789823047,0.309316786184933,0.00858005244339421,0.207499299220249,0.100193357055995,2,7,8,10,0.0185185185185185,6,15,2,24,0.333333333333333,0.166666666666667,30.5116971358369,12.2248126653677,0,39.9079394166031,61.8943692414738,0,9,18,0,1,1,1
538,"sim_0538",57144202,20260730,"broad_lhs",,"continuous_lhs",TRUE,FALSE,"completed","2026-08-05 02:21:45.536113 +0200","2026-08-05 02:21:48.023664 +0200",2.488,10,,,TRUE,"completed",10,0.128568619945792,0.523199102116797,0.0405474154905336,0.520443217598851,77.0923341490949,0.325088500927148,0.0111940974557784,0.235391709956651,0.24269349325151,0,1,5,2,,1,7,1,8,0,0,0.44636187094966,0,0,1.05412726276026,15.122573808099,0,1,7,0,0,0,0
539,"sim_0539",57248931,20260730,"broad_lhs",,"continuous_lhs",TRUE,FALSE,"completed","2026-08-05 02:21:45.507002 +0200","2026-08-05 02:21:47.444082 +0200",1.937,10,,,TRUE,"completed",10,0.0439522184054116,0.125440094920054,0.0425197055411576,0.159516538660219,59.3697214167772,2.0878835059937,0.0155867208382927,0.068177052837693,0.278605379154177,2,3,8,9,0.0117647058823529,4,16,2,21,0.2,0.0588235294117647,9.7954025165138,5.60119426894207,0,17.5971167605114,42.9053091231991,5.46724420760805,5,17,0,0.433333333333334,1,1
540,"sim_0540",57353660,20260730,"broad_lhs",,"continuous_lhs",TRUE,FALSE,"completed","2026-08-05 02:21:46.691078 +0200","2026-08-05 02:21:48.211861 +0200",1.521,10,,,TRUE,"completed",10,0.313503249859382,0.208362884753031,0.0133287975616743,0.209151455920165,53.9205487125657,39.1126638002643,0.00540019855461767,0.149391095136978,0.0705979599631971,0,0,2,3,,,5,,,,0,0,0,0,4.07107587478189,8.51812457978179,0,0,5,0,0,0,0
541,"sim_0541",57458389,20260730,"broad_lhs",,"continuous_lhs",TRUE,FALSE,"completed","2026-08-05 02:21:45.572619 +0200","2026-08-05 02:21:48.895386 +0200",3.323,10,,,TRUE,"completed",10,0.193672844650114,0.218100068113476,0.167537998774621,0.0907078803998741,62.5267197010832,10.1048911314069,0.0170839318112222,0.171811895513416,0.0549069179268556,8,7,8,25,0.0505050505050505,6,17,12,27,1.66666666666667,0.757575757575758,7.86510618989459,44.328185806928,0,98.8293964349861,48.660239030048,0,15,33,1,3,4,4
542,"sim_0542",57563118,20260730,"broad_lhs",,"continuous_lhs",TRUE,FALSE,"completed","2026-08-05 02:21:46.954105 +0200","2026-08-05 02:22:00.734953 +0200",13.781,10,,,TRUE,"completed",10,0.09039159381438,0.498402151296725,0.0929540993632648,0.492106468756609,105.187255221419,0.460584986298273,0.0238042737914929,0.166469689007305,1.25557689916438,88,1,84,0,0.574906367041198,2,3,166,7,48.2921348314607,51.1666666666667,3.06341914991314,16.7983236316843,199.904543129385,0,25.2286888030013,177.812237969562,89,84,57,66.3333333333333,80.8666666666666,81
543,"sim_0543",57667847,20260730,"broad_lhs",,"continuous_lhs",TRUE,FALSE,"completed","2026-08-05 02:21:48.080200 +0200","2026-08-05 02:21:50.441990 +0200",2.362,10,,,TRUE,"completed",10,0.0444105333653576,0.201378175820096,0.0487493634851138,0.0362108183913907,68.9695524080346,16.2621505611739,0.044526504117449,0.192948838231581,0.983748387393204,8,5,8,13,0.0622710622710623,7,12,13,21,1.30769230769231,0.80952380952381,18.8867887235445,17.0183165385232,10.9825891296369,54.4159140561817,0,11.9138647985699,13,21,0,4,4,4
544,"sim_0544",57772576,20260730,"broad_lhs",,"continuous_lhs",TRUE,FALSE,"completed","2026-08-05 02:21:48.980352 +0200","2026-08-05 02:21:50.688476 +0200",1.708,10,,,TRUE,"completed",10,0.0482067529627436,0.0495244100042208,0.0146993034283208,0.372874174583135,100.435385374104,1.52597251301614,0.0131666574214741,0.197339684485277,0.392385800938976,4,3,10,8,0.0238095238095238,5,15,3,22,0.428571428571429,0.166666666666667,4.32239187607435,25.7501865166076,0,15.3798782140305,49.8459657796946,5.89301674489441,7,18,0,1,2,2
545,"sim_0545",57877305,20260730,"broad_lhs",,"continuous_lhs",TRUE,FALSE,"completed","2026-08-05 02:21:47.089256 +0200","2026-08-05 02:21:51.305353 +0200",4.216,10,,,TRUE,"completed",10,0.0748868063071902,0.195483329640826,0.110370116744543,0.44457750793141,113.259635237998,14.4610516180326,0.00673816522928413,0.0223906242786648,0.0766053838466565,11,17,50,20,0.0403061224489796,10,30,26,46,2.82142857142857,1.12857142857143,17.90334174181,26.2731239192353,16.7351465994407,30.4255183531293,169.496941659079,116.73958374978,28,70,1,4,12.6833333333333,13
546,"sim_0546",57982034,20260730,"broad_lhs",,"continuous_lhs",TRUE,FALSE,"completed","2026-08-05 02:21:50.010437 +0200","2026-08-05 02:21:53.138298 +0200",3.127,10,,,TRUE,"completed",10,0.105936368699957,0.0386609222574615,0.151585939416781,0.498225662923772,81.3237507065344,1.20056789005625,0.147515674368792,0.023478497947605,0.391104457189334,45,5,55,5,0.0816666666666667,11,14,79,28,4.9,4.08333333333333,8.86049022080517,108.928248685946,155.381179259915,5.70781380358637,293.446674543478,98.7763117478339,50,60,3,10.6333333333333,12.5633333333333,13
547,"sim_0547",58086763,20260730,"broad_lhs",,"continuous_lhs",TRUE,FALSE,"completed","2026-08-05 02:21:50.251363 +0200","2026-08-05 02:21:51.992874 +0200",1.742,10,,,TRUE,"completed",10,0.506726746574786,0.0635004230997357,0.010217576164,0.756760279928676,104.754349507019,4.53076810493646,0.127643148432468,0.180639664496476,0.276348050062883,15,1,30,0,0.03125,8,25,8,36,0.9375,0.5,0.65016984514261,11.0583631358255,38.2504176790211,0,17.0798769120038,71.5344745121632,16,30,0,2,6,6
548,"sim_0548",58191492,20260730,"broad_lhs",,"continuous_lhs",TRUE,FALSE,"completed","2026-08-05 02:21:55.162009 +0200","2026-08-05 02:22:06.302248 +0200",11.14,10,,,TRUE,"completed",10,0.657940977056997,0.264600968446226,0.158966599461637,0.482479820561716,113.134682801759,0.37388271809493,0.117270442748919,0.0311091737696875,1.22520883384036,103,0,98,1,0.531430812984211,1,1,198,4,52.6116504854369,54.7373737373737,0,28.0418094621698,566.251280008215,8.68422959302122,101.977685854461,479.707590067175,103,99,56,80,82,84
549,"sim_0549",58296221,20260730,"broad_lhs",,"continuous_lhs",TRUE,FALSE,"completed","2026-08-05 02:21:57.116400 +0200","2026-08-05 02:21:59.895734 +0200",2.779,10,,,TRUE,"completed",10,0.224857224109459,0.0459376749968852,0.0482211790175682,0.0630772152702196,111.429850590395,13.872511377253,0.00996642449424632,0.16482455777166,0.0625404030337793,18,5,41,26,0.0317975340687865,5,42,21,52,2.1304347826087,0.73134328358209,18.5087578921795,5.47428601989571,61.2535181139803,133.687819865736,118.419297750042,121.15396024494,23,67,0,4,7,7
550,"sim_0550",58400950,20260730,"broad_lhs",,"continuous_lhs",TRUE,FALSE,"completed","2026-08-05 02:21:58.169617 +0200","2026-08-05 02:22:00.090978 +0200",1.921,10,,,TRUE,"completed",10,0.0913715871870575,0.0520201297947294,0.0129731018346655,0.189035864685553,96.7612340238566,0.332940256357327,0.00936018745962191,0.0589280081934865,0.061428466192591,3,2,15,10,0.024,4,22,4,27,0.6,0.12,4.56312571176785,13.36354864769,0,23.082394172241,60.157567617951,29.6354188414376,5,25,0,1,3,3
551,"sim_0551",58505679,20260730,"broad_lhs",,"continuous_lhs",TRUE,FALSE,"completed","2026-08-05 02:21:56.931393 +0200","2026-08-05 02:21:58.233701 +0200",1.302,10,,,TRUE,"completed",10,0.0503155652282192,0.0442586947480548,0.0128138188957914,0.646576759522378,42.5281972786619,28.425956541859,0.0494605486397479,0.183087832601224,0.581826082425747,1,1,1,1,0,2,2,1,4,0,0,0.18069199520221,8.84408524536333,0,0.00130137056440915,5.36271206635618,0,2,2,0,0,0,0
552,"sim_0552",58610408,20260730,"broad_lhs",,"continuous_lhs",TRUE,FALSE,"completed","2026-08-05 02:21:58.062216 +0200","2026-08-05 02:22:00.456475 +0200",2.394,10,,,TRUE,"completed",10,0.304132193363254,0.0416295016126173,0.0127161870387112,0.0633680237568979,105.447294323891,1.10845072962342,0.100906683670578,0.112885880892669,1.04506089877719,43,2,60,6,0.14040404040404,4,28,76,34,9.26666666666667,6.31818181818182,13.8653724128661,0,48.5084710203703,30.8863730307913,57.545147772619,91.0648666882296,45,66,8,16.5333333333333,22,22
553,"sim_0553",58715137,20260730,"broad_lhs",,"continuous_lhs",TRUE,FALSE,"completed","2026-08-05 02:21:59.185368 +0200","2026-08-05 02:22:03.198934 +0200",4.013,10,,,TRUE,"completed",10,0.222705926212913,0.0564162647606369,0.188883897133257,0.211784820941083,74.4828256344423,6.6143164892463,0.00805873798188238,0.107474987181227,0.354840327952132,26,11,48,11,0.0801649106733853,3,11,63,19,4.72972972972973,2.96610169491525,37.0763919322965,69.35140324773,68.5445598094978,36.0838747296421,227.960900411616,63.5909696214437,37,59,3,9,12.7033333333333,13
554,"sim_0554",58819866,20260730,"broad_lhs",,"continuous_lhs",TRUE,FALSE,"completed","2026-08-05 02:21:57.866323 +0200","2026-08-05 02:22:00.833858 +0200",2.967,10,,,TRUE,"completed",10,0.703919400675489,0.247636141596672,0.0274726046356823,0.763856800725758,84.7451916419384,9.58779938651154,0.0134669953836946,0.234676520477838,0.528189654237848,11,0,30,1,0.129032258064516,1,20,14,23,4,1.41935483870968,0,2.99297050964599,32.1977404356107,0.323481218596321,35.8333134394257,71.9543377336699,11,31,0.499999999999996,6,8,8
555,"sim_0555",58924595,20260730,"broad_lhs",,"continuous_lhs",TRUE,FALSE,"completed","2026-08-05 02:22:01.365466 +0200","2026-08-05 02:22:04.139301 +0200",2.774,10,,,TRUE,"completed",10,0.622992151901974,0.572782958114273,0.162386174478117,0.231340205626015,49.3755439400466,1.76442535036126,0.0280777493493664,0.0177344329898349,0.801577128646854,4,3,6,9,0.00952380952380952,6,14,2,21,0.142857142857143,0.0666666666666667,2.07595115514368,4.01125917680845,0.86027558282988,11.3356904851234,17.9368592848313,1.4085389618144,7,15,0,0.433333333333334,1,1
556,"sim_0556",59029324,20260730,"broad_lhs",,"continuous_lhs",TRUE,FALSE,"completed","2026-08-05 02:22:00.548078 +0200","2026-08-05 02:22:02.705129 +0200",2.157,10,,,TRUE,"completed",10,0.352824646620159,0.14415200648896,0.162001728575855,0.256576540994183,42.6382001955062,1.14174449498888,0.0587651014788435,0.185887717271689,0.996306757143161,5,3,11,6,0.00735294117647059,7,16,2,24,0.125,0.0588235294117647,7.38181931506465,21.4398040560584,0,11.8536980714272,42.4888550569531,13.2527560789151,8,17,0,0.133333333333336,1,1
557,"sim_0557",59134053,20260730,"broad_lhs",,"continuous_lhs",TRUE,FALSE,"completed","2026-08-05 02:22:00.595554 +0200","2026-08-05 02:22:02.344914 +0200",1.749,10,,,TRUE,"completed",10,0.184327556676481,0.179545631195177,0.0143854433315328,0.170849953649524,89.4503933986235,31.7879577551006,0.0981049960345105,0.234367724875725,0.0530135077870446,0,1,7,9,,1,16,1,17,0,0,0.6451201726313,0,0,24.6606950846886,16.2576663567549,6.37102507257868,1,16,0,0,0,0
558,"sim_0558",59238782,20260730,"broad_lhs",,"continuous_lhs",TRUE,FALSE,"completed","2026-08-05 02:22:00.100906 +0200","2026-08-05 02:22:01.832136 +0200",1.731,10,,,TRUE,"completed",10,0.0755811977439289,0.0550451112276958,0.0529669684144401,0.0548882312714802,42.9230598749179,18.8084289943618,0.00845385494124609,0.188561137814217,0.780466329592921,3,9,9,15,0.111111111111111,1,6,22,11,2.66666666666667,1.33333333333333,34.4265690328309,8.68374601288915,1.37310208450179,64.2624733878729,34.1294065400503,12.8348836604303,12,24,1,5,10,10
559,"sim_0559",59343511,20260730,"broad_lhs",,"continuous_lhs",TRUE,FALSE,"completed","2026-08-05 02:22:01.651241 +0200","2026-08-05 02:22:05.906203 +0200",4.255,10,,,TRUE,"completed",10,0.0597732312595404,0.343644067563431,0.144081384139083,0.0377086764832869,107.100027677003,0.598576566987398,0.00936443212677762,0.241741407517434,0.0887199714074248,4,11,10,30,0.045,3,18,11,29,1.8,0.675,24.7280097764896,17.707868147315,0,87.033722674761,36.3205398749711,0.668908981805589,15,40,1,3,5,5
560,"sim_0560",59448240,20260730,"broad_lhs",,"continuous_lhs",TRUE,FALSE,"completed","2026-08-05 02:22:01.321970 +0200","2026-08-05 02:22:02.917474 +0200",1.596,10,,,TRUE,"completed",10,0.0556396268477759,0.0426170983095039,0.0135580713071705,0.186597062897606,60.1785656187269,14.5491486869145,0.0975248823918497,0.0476702283240027,0.643486558893252,4,6,5,9,0.0857142857142857,2,7,6,13,1.2,0.857142857142857,16.3932040686171,6.89889730475876,9.14920464990657,36.332170009453,18.1168006789334,2.84018424757678,10,14,1,2.23333333333333,3,3
561,"sim_0561",59552969,20260730,"broad_lhs",,"continuous_lhs",TRUE,FALSE,"completed","2026-08-05 02:21:59.248225 +0200","2026-08-05 02:22:00.776133 +0200",1.528,10,,,TRUE,"completed",10,0.156972043179263,0.54687786526951,0.0100637606911687,0.171552582719043,86.9770405625924,13.6320218239281,0.00771588955410767,0.137606302786088,0.784604243381915,0,1,0,5,,1,5,1,6,0,0,0.246972147019051,0,0,3.07864518521937,0,0,1,5,0,0,0,0
562,"sim_0562",59657698,20260730,"broad_lhs",,"continuous_lhs",TRUE,FALSE,"completed","2026-08-05 02:22:00.616229 +0200","2026-08-05 02:22:04.687911 +0200",4.071,10,,,TRUE,"completed",10,0.054866274084293,0.189619316467387,0.0378893681561512,0.177405117074347,113.487192239364,19.3108676586413,0.129296834254552,0.170119960566388,0.275036239969295,67,2,75,9,0.381297446514838,4,13,133,19,32.0289855072464,26.3095238095238,6.70965145119585,11.1833898114569,94.4457490523032,25.7941499954636,90.0532948982322,84.0539257796295,69,84,33,49.3333333333333,53.1333333333333,54
563,"sim_0563",59762427,20260730,"broad_lhs",,"continuous_lhs",TRUE,FALSE,"completed","2026-08-05 02:22:01.899120 +0200","2026-08-05 02:22:03.591832 +0200",1.693,10,,,TRUE,"completed",10,0.4920789983649,0.0545086128001246,0.0186634821715778,0.0514350727640629,66.5229917278927,2.6667267904294,0.0243280172641881,0.00168456490145117,0.228276941072684,0,3,17,10,0.0493827160493827,1,23,4,26,1.33333333333333,0.148148148148148,7.70652019868979,0,0,42.15627627687,48.9388889827805,51.037448149117,3,27,0,1,3,3
564,"sim_0564",59867156,20260730,"broad_lhs",,"continuous_lhs",TRUE,FALSE,"completed","2026-08-05 02:22:01.808854 +0200","2026-08-05 02:22:03.213058 +0200",1.404,10,,,TRUE,"completed",10,0.173284684112622,0.11621052944116,0.0163340718455933,0.155420936837912,42.3382271189036,0.333528417473888,0.062967609859777,0.141284837689794,0.180445665831422,0,1,2,4,,1,6,1,7,0,0,0.00356945364245931,0,0,17.4438966214555,14.6592911498454,0,1,6,0,0,0,0
565,"sim_0565",59971885,20260730,"broad_lhs",,"continuous_lhs",TRUE,FALSE,"completed","2026-08-05 02:22:03.090132 +0200","2026-08-05 02:22:06.290305 +0200",3.2,10,,,TRUE,"completed",10,0.0454703426147544,0.0382680078772216,0.0892818551248479,0.0308500627885676,86.3628107647722,3.06402172553166,0.0256850873463608,0.0949426048402933,0.602677722254992,33,15,40,29,0.190217391304348,5,15,87,24,13.125,9.1304347826087,62.1066038273511,19.2672225867783,150.346031139223,178.385309875787,70.5927232611391,167.147507203334,48,69,4,25,28,28
567,"sim_0567",60181343,20260730,"broad_lhs",,"continuous_lhs",TRUE,FALSE,"completed","2026-08-05 02:22:03.607353 +0200","2026-08-05 02:22:05.041220 +0200",1.433,10,,,TRUE,"completed",10,0.185530346887392,0.243330381239654,0.0142512761997134,0.781710609844922,49.8482190034456,1.0592655007748,0.124415864618147,0.0353063418010586,0.216353679203935,1,1,2,0,0,2,2,1,4,0,0,0.0613184445739599,5.23106041042884,0,0,14.5666692735423,0,2,2,0,0,0,0
568,"sim_0568",60286072,20260730,"broad_lhs",,"continuous_lhs",TRUE,FALSE,"completed","2026-08-05 02:22:04.089551 +0200","2026-08-05 02:22:06.912253 +0200",2.823,10,,,TRUE,"completed",10,0.0431052103370957,0.0373761059756398,0.0313163044914717,0.467221272393954,98.2179058752126,34.3407549936654,0.00774389140678088,0.0847262974743757,0.752764784782354,39,4,60,4,0.142078488372093,6,21,51,33,9.09302325581395,6.109375,9.09183708929869,40.243106438681,78.5086902128384,9.20743841427682,152.60318009731,94.4626377480949,43,64,2.00000000000001,18.9333333333333,23.1866666666667,24
569,"sim_0569",60390801,20260730,"broad_lhs",,"continuous_lhs",TRUE,FALSE,"completed","2026-08-05 02:22:05.449421 +0200","2026-08-05 02:22:08.185952 +0200",2.737,10,,,TRUE,"completed",10,0.540340968267971,0.0716552738518402,0.018273203507043,0.588938779986676,113.410757029284,27.7201183857788,0.0236076765219026,0.23100572794333,0.059956633072084,20,0,64,4,0.0433823529411765,4,46,16,53,2.95,0.867647058823529,0,4.8712501598873,73.0063608884933,4.97106218435129,71.1539170891277,209.314204377582,20,68,0,2,10.7833333333333,11
570,"sim_0570",60495530,20260730,"broad_lhs",,"continuous_lhs",TRUE,FALSE,"completed","2026-08-05 02:22:07.459106 +0200","2026-08-05 02:22:09.719547 +0200",2.26,10,,,TRUE,"completed",10,0.609420921709204,0.375603205563451,0.0668147840505757,0.0782326008174276,51.0670993555958,2.37691061231261,0.0299315257772919,0.245211887335043,0.21299133422833,3,1,3,5,0,4,8,1,12,0,0,4.58125694550738,17.3205608066953,0,11.8136341959151,7.63209641878424,0,4,8,0,0,0,0
571,"sim_0571",60600259,20260730,"broad_lhs",,"continuous_lhs",TRUE,FALSE,"completed","2026-08-05 02:22:07.651915 +0200","2026-08-05 02:22:09.621476 +0200",1.97,10,,,TRUE,"completed",10,0.0641694847995966,0.0395430190465851,0.034267080453115,0.0358185782735192,80.4524900003026,0.363846014682136,0.0341097014666013,0.00260401033401851,0.102656968470439,8,7,9,23,0.0583333333333333,3,17,15,24,1.86666666666667,0.875,21.6861103549413,24.9114569508747,12.9026219716736,120.516269455119,37.7798888842131,8.92927467000458,15,32,1,3,4,4
572,"sim_0572",60704988,20260730,"broad_lhs",,"continuous_lhs",TRUE,FALSE,"completed","2026-08-05 02:22:07.847879 +0200","2026-08-05 02:22:17.936166 +0200",10.088,10,,,TRUE,"completed",10,0.515167380482674,0.0588961884059441,0.190422025851561,0.039333376867569,107.344854186806,3.53991895419553,0.120324529034379,0.110405748023897,0.429062602990391,132,11,156,47,0.420751662130972,0,13,330,15,85.4125874125874,60.1674876847291,64.6792396523914,74.7747031409053,459.343251471561,234.49162196725,82.9065303693794,552.291887625707,143,203,73,149,153,153
573,"sim_0573",60809717,20260730,"broad_lhs",,"continuous_lhs",TRUE,FALSE,"completed","2026-08-05 02:22:08.693260 +0200","2026-08-05 02:22:15.547538 +0200",6.854,10,,,TRUE,"completed",10,0.0734175081375383,0.0983333230910666,0.159944748896084,0.16635432188733,119.723059590368,0.478469881006762,0.00788726891840501,0.0146226309973928,0.577852397463958,69,12,82,15,0.107674684994273,5,13,152,23,10.4444444444444,8.72164948453608,31.9001751046646,56.5059040545962,225.412885121299,64.4993900389452,181.284205440134,232.150742595347,81,97,7,23.8333333333333,28,32
574,"sim_0574",60914446,20260730,"broad_lhs",,"continuous_lhs",TRUE,FALSE,"completed","2026-08-05 02:22:10.217639 +0200","2026-08-05 02:22:11.975887 +0200",1.758,10,,,TRUE,"completed",10,0.377943905941464,0.0849575129202089,0.015476465983432,0.0309944862939657,91.138788323063,4.81248752698704,0.0306909344783395,0.169944361893965,0.114836997701498,0,2,18,11,0.120689655172414,1,22,8,24,3.5,0.241379310344828,6.67649883280542,0,0,43.8579768099635,5.9600784843105,81.9942766373179,2,29,0,1,7,7
575,"sim_0575",61019175,20260730,"broad_lhs",,"continuous_lhs",TRUE,FALSE,"completed","2026-08-05 02:22:09.443370 +0200","2026-08-05 02:22:11.852014 +0200",2.409,10,,,TRUE,"completed",10,0.250092570472831,0.132332488566746,0.175418416533207,0.159158299750612,48.0076865824146,0.930050169450512,0.0198664809724935,0.0037991264835,0.119402523065397,7,5,10,8,0.0416666666666667,6,10,5,21,0.75,0.5,13.9261561130574,29.507128780358,8.49276626924999,27.2480736479003,63.546446018805,7.97983277850673,12,18,0,2,2,2
576,"sim_0576",61123904,20260730,"broad_lhs",,"continuous_lhs",TRUE,FALSE,"completed","2026-08-05 02:22:10.916364 +0200","2026-08-05 02:22:13.281217 +0200",2.364,10,,,TRUE,"completed",10,0.259571412843532,0.163574477427453,0.0479216210834994,0.533523606670464,56.4663090703181,30.5516899493164,0.123740415748081,0.130625401698247,0.314629607779627,5,2,12,6,0.0396825396825397,3,13,3,20,0.714285714285714,0.277777777777778,1.19844780054261,17.5654703039041,0,9.79404043342591,59.8269460618027,0,7,18,0,1,2,2
577,"sim_0577",61228633,20260730,"broad_lhs",,"continuous_lhs",TRUE,FALSE,"completed","2026-08-05 02:22:10.885936 +0200","2026-08-05 02:22:12.473356 +0200",1.588,10,,,TRUE,"completed",10,0.0545669789765059,0.139015054224995,0.010642392458651,0.135102335392548,87.7445202467963,1.33032143940837,0.0679032565106868,0.104169649249331,0.150860126426867,1,1,5,6,0,2,11,1,13,0,0,6.90216101084202,9.69884251208404,0,14.3961979481821,32.3086119831415,0,2,11,0,0,0,0
578,"sim_0578",61333362,20260730,"broad_lhs",,"continuous_lhs",TRUE,FALSE,"completed","2026-08-05 02:22:12.205153 +0200","2026-08-05 02:22:19.335805 +0200",7.131,10,,,TRUE,"completed",10,0.238251323952353,0.0979695788169681,0.105031698717773,0.787433785167432,116.272746652986,1.27550910721468,0.115263596262369,0.16964063604718,0.468718856848044,83,0,93,2,0.249841471147749,5,14,155,22,23.7349397590361,20.7368421052632,0,86.0856135564179,282.224255195081,5.79870836296347,224.524083801554,296.841742972516,83,95,25,44,55,58
579,"sim_0579",61438091,20260730,"broad_lhs",,"continuous_lhs",TRUE,FALSE,"completed","2026-08-05 02:22:11.835697 +0200","2026-08-05 02:22:13.765382 +0200",1.93,10,,,TRUE,"completed",10,0.0829826486041771,0.28672073878,0.0126537343095679,0.356795357638507,117.20627096463,3.72455093913406,0.0278203154587617,0.242855032620848,0.432965766399875,6,0,8,2,0.0166666666666667,5,9,2,15,0.166666666666667,0.1,0,12.3482895981844,0,0.866800969850499,20.1765188021391,4.65386048776369,6,10,0,1,1,1
580,"sim_0580",61542820,20260730,"broad_lhs",,"continuous_lhs",TRUE,FALSE,"completed","2026-08-05 02:22:13.004647 +0200","2026-08-05 02:22:41.958372 +0200",28.954,10,,,TRUE,"completed",10,0.6071013032302,0.592267951692671,0.118016275962092,0.0407966901671313,105.929642841344,0.918043011332805,0.00861697049097588,0.0275472896551299,0.963028442250934,82,1,84,4,0.646768893756846,1,4,166,6,56.9156626506024,53.6818181818182,0,16.7237091502251,196.612585663894,11.9297905586742,15.7665426044916,193.458578344387,83,88,63,70,76,76
581,"sim_0581",61647549,20260730,"broad_lhs",,"continuous_lhs",TRUE,FALSE,"completed","2026-08-05 02:22:12.970104 +0200","2026-08-05 02:22:16.503505 +0200",3.534,10,,,TRUE,"completed",10,0.495408693212407,0.143805025079833,0.091557862243734,0.172768441364295,65.0283723975635,18.2166615416948,0.138603979799093,0.00708586277168555,0.0668147583208574,36,4,53,14,0.170522388059701,0,6,97,8,11.425,6.82089552238806,4.08005915886323,19.3284230179157,91.8028840975048,31.2959596991871,107.746272243805,109.633728093775,40,67,6,24.2666666666667,28,28
582,"sim_0582",61752278,20260730,"broad_lhs",,"continuous_lhs",TRUE,FALSE,"completed","2026-08-05 02:22:14.359202 +0200","2026-08-05 02:22:16.094632 +0200",1.735,10,,,TRUE,"completed",10,0.0659044644887105,0.118618280661637,0.0898137117106042,0.220629435955084,40.5488411706976,1.18200815668316,0.0424992434650943,0.177055626519529,0.13346900457289,3,2,5,8,0.0307692307692308,3,12,3,16,0.4,0.153846153846154,0.869504359186991,25.9098675400696,0,24.0179074663258,31.6872573173863,0,5,13,0,1,2,2
583,"sim_0583",61857007,20260730,"broad_lhs",,"continuous_lhs",TRUE,FALSE,"completed","2026-08-05 02:22:19.983543 +0200","2026-08-05 02:22:24.701745 +0200",4.718,10,,,TRUE,"completed",10,0.178557673086378,0.584987885308867,0.152400691491531,0.0414416044072845,84.9733919396169,4.22864166649345,0.0151867143102613,0.0334269148865456,0.104283047925458,2,6,1,27,0.0178571428571429,6,24,4,32,0.5,0.142857142857143,9.81360595689565,5.97704946043478,0,36.6643526305105,0,2.33624704646165,8,28,0,1,3,3
584,"sim_0584",61961736,20260730,"broad_lhs",,"continuous_lhs",TRUE,FALSE,"completed","2026-08-05 02:22:23.804477 +0200","2026-08-05 02:24:55.319437 +0200",151.515,10,,,TRUE,"completed",10,0.513301222498086,0.0478344700578248,0.0584822565769174,0.187385947577149,110.136015090243,15.6645152558191,0.066440287387423,0.179895407124228,1.47377084753329,572,5,587,15,0.608390863499485,1,4,1174,6,366.25129982669,351.041528239203,21.1677371946847,7.29088604075323,1224.59818736528,47.5883612253027,128.021841925349,1198.22081260344,577,602,434,481.733333333333,499,501
585,"sim_0585",62066465,20260730,"broad_lhs",,"continuous_lhs",TRUE,FALSE,"completed","2026-08-05 02:22:23.168915 +0200","2026-08-05 02:22:25.257888 +0200",2.089,10,,,TRUE,"completed",10,0.113440741771175,0.162606171250454,0.030072943595918,0.369638507422001,74.0622694057723,0.261530460439326,0.129789088789138,0.236271053077006,0.0882569776104244,5,0,13,4,0.0117647058823529,4,16,2,21,0.2,0.0588235294117647,0,11.2593034163169,0,5.19449759631563,69.3442785182815,0,5,17,0,0.433333333333334,1,1
586,"sim_0586",62171194,20260730,"broad_lhs",,"continuous_lhs",TRUE,FALSE,"completed","2026-08-05 02:22:23.516425 +0200","2026-08-05 02:22:25.562078 +0200",2.046,10,,,TRUE,"completed",10,0.0870548707977481,0.0822935932304129,0.0425952579906724,0.0420078960854997,75.062096240537,0.321522494321146,0.00712281946110081,0.112127460344345,0.33944982402283,7,5,6,16,0.0492424242424242,4,13,7,21,1.08333333333333,0.590909090909091,22.2743179442772,14.8797653744476,15.6359074079003,72.5521300639445,33.1862117510711,0,12,22,0.499999999999996,2.23333333333333,4,4
587,"sim_0587",62275923,20260730,"broad_lhs",,"continuous_lhs",TRUE,FALSE,"completed","2026-08-05 02:22:22.707314 +0200","2026-08-05 02:22:25.773000 +0200",3.066,10,,,TRUE,"completed",10,0.527125025647391,0.101544168198271,0.114893383644992,0.139758143815915,71.3889676178081,0.341451795727274,0.103168208179963,0.00826282944698404,0.375500757727841,16,8,28,14,0.0426587301587302,12,25,18,42,1.79166666666667,1.02380952380952,18.9984338671886,17.4957524750492,38.6553138371566,49.9915549832673,52.4990517225037,95.9493914988867,24,42,0,5,7,7
588,"sim_0588",62380652,20260730,"broad_lhs",,"continuous_lhs",TRUE,FALSE,"completed","2026-08-05 02:22:22.801824 +0200","2026-08-05 02:22:24.952902 +0200",2.151,10,,,TRUE,"completed",10,0.0571202094111202,0.329372542323961,0.12162603135551,0.266184080951538,43.1930160129236,20.3489541246319,0.126284199770148,0.158880505896329,1.13994385275454,1,3,4,9,0.0192307692307692,3,12,2,16,0.25,0.0769230769230769,7.2743386986726,1.70347648006672,0,14.1327636182287,21.4056503991135,0,4,13,0,0.933333333333337,1,1
589,"sim_0589",62485381,20260730,"broad_lhs",,"continuous_lhs",TRUE,FALSE,"completed","2026-08-05 02:22:23.109081 +0200","2026-08-05 02:22:26.574548 +0200",3.466,10,,,TRUE,"completed",10,0.348335171825559,0.372324722674552,0.0705715997127765,0.0805003458706788,87.3170930144067,0.28817043449096,0.111326629104842,0.14548069857436,0.121392646818699,0,6,10,16,0.0192307692307692,4,23,3,29,0.5,0.115384615384615,9.40672616461613,0,0,18.9076123651779,28.2992770044686,7.32863622234906,6,26,0,1,2,2
590,"sim_0590",62590110,20260730,"broad_lhs",,"continuous_lhs",TRUE,FALSE,"completed","2026-08-05 02:22:23.049670 +0200","2026-08-05 02:22:34.777693 +0200",11.728,10,,,TRUE,"completed",10,0.436173734198494,0.2115193966062,0.0117110208238247,0.400610357815902,106.843279781089,0.388982826749538,0.00874416174536945,0.118846247513235,1.03027265024467,84,0,95,0,0.730576441102757,0,4,175,5,69.4047619047619,61.3684210526316,0,0,306.194370892503,0,19.4698892228631,352.51307375872,84,95,68,81,87,87
591,"sim_0591",62694839,20260730,"broad_lhs",,"continuous_lhs",TRUE,FALSE,"completed","2026-08-05 02:22:23.331750 +0200","2026-08-05 02:22:25.691406 +0200",2.36,10,,,TRUE,"completed",10,0.432178835407207,0.160295326934143,0.0297233553692917,0.140841270660319,77.9170472566245,0.283749066529372,0.00705282189367439,0.037498682050306,0.179705718260535,3,4,18,4,0.012987012987013,6,20,3,27,0.285714285714286,0.0909090909090909,13.7108697309582,18.9671531404768,0,13.457337770555,23.8574589863543,59.6718263548641,7,22,0,0.733333333333334,2,2
592,"sim_0592",62799568,20260730,"broad_lhs",,"continuous_lhs",TRUE,FALSE,"completed","2026-08-05 02:22:20.980612 +0200","2026-08-05 02:22:24.493319 +0200",3.513,10,,,TRUE,"completed",10,0.0511960253140693,0.320844216085163,0.183187972582652,0.37332394056975,64.9319539948884,0.761267267781083,0.00763451098419523,0.157531960371416,0.0598723086537144,5,2,12,9,0.0408163265306122,3,16,5,22,0.857142857142857,0.285714285714286,3.4971418294481,15.9827721089673,0,14.1407525275465,49.3319061134009,0,7,21,0,1,3,3
593,"sim_0593",62904297,20260730,"broad_lhs",,"continuous_lhs",TRUE,FALSE,"completed","2026-08-05 02:22:25.207941 +0200","2026-08-05 02:22:30.774580 +0200",5.566,10,,,TRUE,"completed",10,0.202985442674894,0.0349781262870343,0.152200436789615,0.584231156394068,107.893054343967,0.519902551449817,0.00876120719803692,0.209123485664022,1.28550662965494,66,5,93,1,0.167066227150135,3,22,136,28,15.7042253521127,11.8617021276596,6.14759183433202,55.1228144804749,306.225847921003,8.26156438862205,289.570865009297,342.96164749054,71,94,6,33.1333333333333,36.0133333333333,37
594,"sim_0594",63009026,20260730,"broad_lhs",,"continuous_lhs",TRUE,FALSE,"completed","2026-08-05 02:22:23.798679 +0200","2026-08-05 02:22:25.909843 +0200",2.112,10,,,TRUE,"completed",10,0.430858536078039,0.0642255739145208,0.0153364445863412,0.383868333694288,87.6451836938038,0.346365150043088,0.0339650529733978,0.0192287621779057,0.0688315854827086,7,2,25,3,0.0198412698412698,7,23,5,32,0.555555555555556,0.178571428571429,4.31260671352061,2.19392407320134,32.2904306219616,5.19773408276189,48.9880904275898,82.9970518657031,9,28,0,1,4,4
595,"sim_0595",63113755,20260730,"broad_lhs",,"continuous_lhs",TRUE,FALSE,"completed","2026-08-05 02:22:25.660578 +0200","2026-08-05 02:22:27.384385 +0200",1.724,10,,,TRUE,"completed",10,0.135663245398695,0.423907113158301,0.0114936466549972,0.528732821750793,91.5817103219943,1.03509557421183,0.0108122555802964,0.069542564886441,0.15379387179426,0,2,2,0,0,2,2,1,4,0,0,2.20059256085167,0,0,0,3.44675911853822,0,2,2,0,0,0,0
596,"sim_0596",63218484,20260730,"broad_lhs",,"continuous_lhs",TRUE,FALSE,"completed","2026-08-05 02:22:23.842844 +0200","2026-08-05 02:22:27.886081 +0200",4.043,10,,,TRUE,"completed",10,0.059452575583664,0.597515067180518,0.0504264278287387,0.124987375689078,107.284510260406,21.9812889921783,0.0234958639873633,0.0692999744156582,1.08441123008208,10,4,8,7,0.0857142857142857,5,8,12,16,1.28571428571429,1.2,2.40072753877273,13.8120967407751,4.6947586360207,6.62042402674877,8.53397637957731,3.89206619914702,14,15,1,3.73333333333333,4,4
597,"sim_0597",63323213,20260730,"broad_lhs",,"continuous_lhs",TRUE,FALSE,"completed","2026-08-05 02:22:25.044794 +0200","2026-08-05 02:22:30.873314 +0200",5.828,10,,,TRUE,"completed",10,0.06270050177583,0.278217809164585,0.0333682088534217,0.744883187132073,112.637477187109,2.10895917212096,0.0244233639125034,0.0470759529800853,0.957995342053371,82,0,92,2,0.512714063310846,3,18,153,23,48.1951219512195,42.0425531914894,0,27.8907164759838,59.3826573753127,1.70634305891658,68.8336491091705,55.5050515318429,82,94,51,66,70,70
598,"sim_0598",63427942,20260730,"broad_lhs",,"continuous_lhs",TRUE,FALSE,"completed","2026-08-05 02:22:25.086646 +0200","2026-08-05 02:22:26.561615 +0200",1.475,10,,,TRUE,"completed",10,0.273504883231326,0.172820443327126,0.0253043206444151,0.0487631526952669,44.8365892431388,9.88219702803664,0.10437259428258,0.11098896003186,0.454517457578053,0,2,3,2,0,2,5,1,7,0,0,1.18702626916436,0,0,3.98064415780685,2.9589708322883,3.2587399221592,2,5,0,0,0,0
599,"sim_0599",63532671,20260730,"broad_lhs",,"continuous_lhs",TRUE,FALSE,"completed","2026-08-05 02:22:26.125563 +0200","2026-08-05 02:22:30.158539 +0200",4.033,10,,,TRUE,"completed",10,0.0429044812641236,0.0474045915920863,0.140821853646522,0.0377709043021102,86.5422139784114,26.1421529953829,0.0597360427434661,0.155380934210003,0.145453364817414,22,33,34,72,0.100171526586621,3,4,154,8,10.6181818181818,5.50943396226415,91.9375529512908,67.4941618190694,54.1204171280561,278.011284218449,106.521605874598,114.59560040755,55,106,5,13,46.0533333333333,47
600,"sim_0600",63637400,20260730,"broad_lhs",,"continuous_lhs",TRUE,FALSE,"completed","2026-08-05 02:22:26.549681 +0200","2026-08-05 02:22:35.001268 +0200",8.452,10,,,TRUE,"completed",10,0.0731776561361178,0.538484080444183,0.0551676646361012,0.0540249074891105,101.215994474871,1.42771562800899,0.110149153477436,0.0958754148985544,1.30145450789359,100,0,101,2,0.692330097087379,0,0,203,1,71.31,69.2330097087379,0,0,638.104383723758,5.15115973169095,0,626.781815411095,100,103,69,90,100,100
601,"sim_0601",63742129,20260730,"broad_lhs",,"continuous_lhs",TRUE,FALSE,"completed","2026-08-05 02:22:27.572093 +0200","2026-08-05 02:22:38.044888 +0200",10.472,10,,,TRUE,"completed",10,0.611006418925301,0.527153639936311,0.0414115804334591,0.130095863294306,117.592629243144,5.38107033806767,0.0339977681852773,0.0893916292683894,0.201446396832624,104,2,130,5,0.79685534591195,2,5,234,8,107.575471698113,84.4666666666667,5.10244637878934,7.64985027609604,145.618982197291,9.27309099668683,7.6911564741712,199.542029562705,106,135,100,119,124,125
602,"sim_0602",63846858,20260730,"broad_lhs",,"continuous_lhs",TRUE,FALSE,"completed","2026-08-05 02:22:26.960685 +0200","2026-08-05 02:22:29.332009 +0200",2.372,10,,,TRUE,"completed",10,0.769640112136903,0.0328578464242393,0.027737477128671,0.0602945752896529,102.929567486379,0.538156033708233,0.0153322228491678,0.112505911128764,0.114744407640318,12,3,55,10,0.04,6,42,30,50,2.6,0.6,11.6997000856904,10.8935928471386,16.6026814095641,27.6105551916464,42.0385047634064,243.584062028931,15,65,0,3,14.4966666666668,16
603,"sim_0603",63951587,20260730,"broad_lhs",,"continuous_lhs",TRUE,FALSE,"completed","2026-08-05 02:22:27.210619 +0200","2026-08-05 02:22:31.588478 +0200",4.377,10,,,TRUE,"completed",10,0.0615081378675409,0.0514462468392542,0.150687568880621,0.0502718833479151,116.774764534748,1.83192704334064,0.0397842238857656,0.233747456891126,0.0723102957052334,28,28,42,49,0.0386577708006279,9,21,113,33,3.51785714285714,2.16483516483516,120.513652031694,66.359715491896,92.7742326548791,261.702810979977,174.589751408231,123.266650343034,56,91,2,6,16.3866666666667,18
604,"sim_0604",64056316,20260730,"broad_lhs",,"continuous_lhs",TRUE,FALSE,"completed","2026-08-05 02:22:27.916032 +0200","2026-08-05 02:22:30.362975 +0200",2.447,10,,,TRUE,"completed",10,0.76035171466262,0.368685775532972,0.0638800486864895,0.271038567434828,53.0215641382254,16.1031756381831,0.0050034939219147,0.00572181391937193,0.248704415787145,3,2,7,5,0.25,1,6,10,8,3,1.25,0.91720096243345,3.51710438733022,6.08092286124296,5.56598281250058,10.1080076582567,7.52814013581158,5,12,1,4,6,6
605,"sim_0605",64161045,20260730,"broad_lhs",,"continuous_lhs",TRUE,FALSE,"completed","2026-08-05 02:22:29.329106 +0200","2026-08-05 02:22:31.147806 +0200",1.819,10,,,TRUE,"completed",10,0.1377194287114,0.490605411839362,0.0197210022610663,0.0406593894462512,61.6019106568148,36.5574425040274,0.0993602416707571,0.0198209148284514,0.0576580319417168,0,1,1,2,,0,2,2,3,1,0.333333333333333,6.30053470022561,0,0,1.99657947584869,5.07059024272812,0,1,3,0.5,1,1,1
606,"sim_0606",64265774,20260730,"broad_lhs",,"continuous_lhs",TRUE,FALSE,"completed","2026-08-05 02:22:31.776875 +0200","2026-08-05 02:22:35.204396 +0200",3.428,10,,,TRUE,"completed",10,0.0487943131179425,0.113086707395429,0.0280961536043945,0.035091201588324,117.092416624435,2.63903585453523,0.0523405978283453,0.142623199512341,0.599061774653312,64,6,74,21,0.30390977443609,2,27,113,33,28.8714285714286,21.2736842105263,23.7605126951917,6.24015680023571,87.1369872918497,96.7228371818422,71.1571141486338,102.307425420704,70,95,32,42,45.0133333333333,46
607,"sim_0607",64370503,20260730,"broad_lhs",,"continuous_lhs",TRUE,FALSE,"completed","2026-08-05 02:22:31.188446 +0200","2026-08-05 02:22:32.716954 +0200",1.529,10,,,TRUE,"completed",10,0.12773425151137,0.481898266676965,0.0158529410273846,0.115278912310929,43.0382126486964,0.322817846924789,0.00639397406943679,0.0339381511440216,0.0898431636983689,0,0,2,2,,,4,,,,0,0,0,0,5.3290536166046,0,5.1009395424679,0,4,0,0,0,0
608,"sim_0608",64475232,20260730,"broad_lhs",,"continuous_lhs",TRUE,FALSE,"completed","2026-08-05 02:22:33.174714 +0200","2026-08-05 02:22:34.989447 +0200",1.815,10,,,TRUE,"completed",10,0.384612046520447,0.0704978320606578,0.0147606928772294,0.777372425645218,63.9567547003428,8.82506827356498,0.0164232752439237,0.029876586256691,0.061107613121255,8,0,10,1,0.0113636363636364,7,10,2,18,0.125,0.0909090909090909,0,10.5643326519364,20.7202048242413,3.13714569365244,49.9610457698309,12.1646092783334,8,11,0,0.733333333333334,1,1
609,"sim_0609",64579961,20260730,"broad_lhs",,"continuous_lhs",TRUE,FALSE,"completed","2026-08-05 02:22:33.221390 +0200","2026-08-05 02:25:10.369720 +0200",157.148,10,,,TRUE,"completed",10,0.449811241233766,0.226561600752251,0.165268446161087,0.0533385169597225,118.365634146954,31.1189160269115,0.0617689486715397,0.0955389952953232,0.083816398003418,491,16,706,38,0.200244957689126,0,0,1251,1,148.98224852071,101.524193548387,14.686067881578,35.3156205993074,1057.62165781099,88.9223481630644,40.4764822200784,1516.68261180864,507,744,95,286,300.153333333333,322
610,"sim_0610",64684690,20260730,"broad_lhs",,"continuous_lhs",TRUE,FALSE,"completed","2026-08-05 02:22:34.537917 +0200","2026-08-05 02:22:36.617999 +0200",2.08,10,,,TRUE,"completed",10,0.0542105944235828,0.0392939203893567,0.0368633244291156,0.13391342008633,74.3337620143261,5.81153849697033,0.101590366321513,0.20509268108419,0.8932763708935,5,8,18,10,0.0357142857142857,6,20,7,29,1,0.464285714285714,26.0408222482445,25.4650881307772,1.05953468910059,28.8404744291728,124.653791695196,4.46674073823924,13,28,0,2.53333333333333,3,3
611,"sim_0611",64789419,20260730,"broad_lhs",,"continuous_lhs",TRUE,FALSE,"completed","2026-08-05 02:22:35.100625 +0200","2026-08-05 02:22:39.910394 +0200",4.81,10,,,TRUE,"completed",10,0.254510290275104,0.0961961503501369,0.0531247738297594,0.726493689790004,116.709908776792,17.8067539845224,0.0354463648060351,0.0536327715957304,0.132586449878426,33,4,60,10,0.0405405405405405,5,34,24,45,2.83783783783784,1.5,3.68984743207726,40.5502259968532,102.159863151156,15.320735334118,107.830872753905,174.480701745126,37,70,1,4.93333333333334,9.59333333333333,10
612,"sim_0612",64894148,20260730,"broad_lhs",,"continuous_lhs",TRUE,FALSE,"completed","2026-08-05 02:22:34.601545 +0200","2026-08-05 02:22:37.340658 +0200",2.739,10,,,TRUE,"completed",10,0.133206096979063,0.0818622966130696,0.0443915385826312,0.394720221010209,85.8330887814156,0.432511436035198,0.00556776326665704,0.248643307344044,0.0671838383968246,17,3,33,5,0.0315789473684211,6,20,7,36,1.2,0.631578947368421,6.66322131509894,45.7292680770155,55.8922969782266,14.4436035950572,157.35867809043,31.3052773457832,20,38,1,2,4,4
613,"sim_0613",64998877,20260730,"broad_lhs",,"continuous_lhs",TRUE,FALSE,"completed","2026-08-05 02:22:37.151070 +0200","2026-08-05 02:22:39.479997 +0200",2.329,10,,,TRUE,"completed",10,0.194808346083924,0.515546066971387,0.0348713965280204,0.152572550631674,66.6611957369579,3.86344214012964,0.0730358754798733,0.228943146983187,1.06878355538375,1,1,3,2,0.1,1,4,2,6,0.5,0.2,0.69377676473654,2.17249153363139,0,3.34680273222809,9.37357587090793,0,2,5,0,1,1,1
614,"sim_0614",65103606,20260730,"broad_lhs",,"continuous_lhs",TRUE,FALSE,"completed","2026-08-05 02:22:37.913047 +0200","2026-08-05 02:22:42.957551 +0200",5.044,10,,,TRUE,"completed",10,0.198515623928609,0.0419937914668366,0.0965216850423247,0.281695072341491,105.353735742366,26.4694363815073,0.0368067344674512,0.210337294654196,0.157723322078055,56,14,101,25,0.0880952380952381,7,13,174,22,11.1,6.16666666666667,29.3159394123608,71.7816827779166,171.338232510425,65.2877668559815,327.180593033639,201.043151409011,70,126,5,19.0333333333333,31.2199999999999,34
615,"sim_0615",65208335,20260730,"broad_lhs",,"continuous_lhs",TRUE,FALSE,"completed","2026-08-05 02:22:38.136771 +0200","2026-08-05 02:22:39.664557 +0200",1.528,10,,,TRUE,"completed",10,0.103268151420647,0.150822332310992,0.032679808125034,0.0748724876133826,44.5501935331979,0.62433850749119,0.0150038061580128,0.202521098547343,1.49407244859909,1,2,1,3,0,3,4,1,7,0,0,8.9608178486326,9.15230116771362,0,12.6709227946474,6.75680437805999,0,3,4,0,0,0,0
616,"sim_0616",65313064,20260730,"broad_lhs",,"continuous_lhs",TRUE,FALSE,"completed","2026-08-05 02:22:39.011027 +0200","2026-08-05 02:22:41.341794 +0200",2.331,10,,,TRUE,"completed",10,0.0538297102894714,0.175242692888049,0.152792309345143,0.5229691765668,44.782915695736,0.424660155536382,0.0367083769304127,0.0937053685710351,1.07632996702038,7,2,13,5,0.0617283950617284,5,13,7,20,1.11111111111111,0.555555555555556,3.15541888137524,21.7706698576969,14.5667651208633,8.99849061767774,69.116114518475,10.5019391231922,9,18,0,3,3,3
617,"sim_0617",65417793,20260730,"broad_lhs",,"continuous_lhs",TRUE,FALSE,"completed","2026-08-05 02:22:41.297934 +0200","2026-08-05 02:22:43.595852 +0200",2.298,10,,,TRUE,"completed",10,0.0462797810790999,0.457840386821711,0.143600432403961,0.0438073255399813,43.0022827228117,6.64514706347435,0.0423917272523865,0.0188884558268668,0.884504867128151,0,4,1,12,0.134615384615385,0,9,5,11,1.75,0.538461538461538,12.5180785797979,0,0,18.9988986928703,4.50796484311692,0,4,13,1.77635683940025e-15,2,3,3
618,"sim_0618",65522522,20260730,"broad_lhs",,"continuous_lhs",TRUE,FALSE,"completed","2026-08-05 02:22:46.983502 +0200","2026-08-05 02:22:48.718596 +0200",1.735,10,,,TRUE,"completed",10,0.170848114713749,0.057031929891501,0.126501965792049,0.0463636383612368,41.6517805708779,0.557581158536897,0.133033642416772,0.211175120015525,0.309553518835803,5,3,8,12,0.1,3,9,8,15,2,0.8,10.8631157363944,8.27591360619454,15.542658097379,60.5177558407129,26.5253431046262,13.9825517635805,8,20,1,2,5,5
619,"sim_0619",65627251,20260730,"broad_lhs",,"continuous_lhs",TRUE,FALSE,"completed","2026-08-05 02:22:46.809546 +0200","2026-08-05 02:22:56.269120 +0200",9.46,10,,,TRUE,"completed",10,0.0544756220878806,0.083047819829196,0.142776381103031,0.20543615101477,103.554436157458,28.5956990094256,0.0272973162599101,0.133170301927797,1.29567719074328,75,19,118,46,0.243383497664764,0,1,257,2,39.9148936170213,22.8780487804878,32.4792477649474,91.0618722130965,381.703770998262,106.06839554236,280.447238077517,401.647545688103,94,164,25,57.8333333333334,98.1666666666667,105
620,"sim_0620",65731980,20260730,"broad_lhs",,"continuous_lhs",TRUE,FALSE,"completed","2026-08-05 02:22:47.902641 +0200","2026-08-05 02:22:49.571628 +0200",1.669,10,,,TRUE,"completed",10,0.18125436227654,0.0345875754148201,0.0275400566405882,0.142193113206064,50.1945004091288,4.54171585862798,0.14168809611943,0.145068885230058,0.0546768167623046,6,2,7,8,0.0583333333333333,4,12,5,18,0.875,0.466666666666667,5.0997434460825,14.5310104548682,7.19106180677557,26.6293478449297,21.1477783204401,6.71735265254135,8,15,0,2.33333333333334,3,3
621,"sim_0621",65836709,20260730,"broad_lhs",,"continuous_lhs",TRUE,FALSE,"completed","2026-08-05 02:22:45.807409 +0200","2026-08-05 02:22:48.470947 +0200",2.664,10,,,TRUE,"completed",10,0.102425604222725,0.580739430517933,0.0398795652660594,0.376086829729069,86.578182805371,2.6130141643563,0.0904279298935219,0.015910660165375,0.174468028846924,3,0,5,3,0.0833333333333333,1,6,2,9,0.666666666666667,0.25,0,4.20470368750796,0.735050953976192,4.76950954434884,4.04450323331179,0.855582563097802,3,8,0,1,1,1
622,"sim_0622",65941438,20260730,"broad_lhs",,"continuous_lhs",TRUE,FALSE,"completed","2026-08-05 02:22:50.520365 +0200","2026-08-05 02:22:54.332216 +0200",3.811,10,,,TRUE,"completed",10,0.0463732780458947,0.334743231859979,0.088169570223414,0.0335424736061965,110.580330208172,0.585828088003214,0.016884161014089,0.0740726679705161,0.059335445508848,3,6,6,31,0.012012012012012,7,33,4,42,0.444444444444444,0.108108108108108,14.5303039312297,3.98589489922295,4.89096730818837,65.2588305835082,29.6817887081987,0,9,37,0,1,3,3
623,"sim_0623",66046167,20260730,"broad_lhs",,"continuous_lhs",TRUE,FALSE,"completed","2026-08-05 02:22:49.625689 +0200","2026-08-05 02:22:51.485027 +0200",1.859,10,,,TRUE,"completed",10,0.656191359438808,0.120088367633729,0.0787251125987993,0.0725966409055498,48.3373777165388,0.278511607771056,0.00517618127263059,0.248444739805353,1.2092373016342,2,2,8,11,0.0394736842105263,3,16,4,20,0.75,0.157894736842105,6.99963346106319,16.6646241743229,0,41.8649577719532,26.6782214142168,30.6978512867263,4,19,0,1,3,3
624,"sim_0624",66150896,20260730,"broad_lhs",,"continuous_lhs",TRUE,FALSE,"completed","2026-08-05 02:22:49.763388 +0200","2026-08-05 02:22:51.379992 +0200",1.616,10,,,TRUE,"completed",10,0.0414973037158281,0.456097725300761,0.0184198470476821,0.0348213998049827,64.5483806510973,7.24711720866913,0.0222194769915757,0.0377970471187857,0.270709554384662,0,0,0,5,,,5,,,,0,0,0,0,10.6169730475605,0,0,0,5,0,0,0,0
625,"sim_0625",66255625,20260730,"broad_lhs",,"continuous_lhs",TRUE,FALSE,"completed","2026-08-05 02:22:50.683826 +0200","2026-08-05 02:22:53.103482 +0200",2.419,10,,,TRUE,"completed",10,0.751745257054495,0.274887480938374,0.0342014754370022,0.65161051899209,58.8322967866643,0.451735990693815,0.0348822330732395,0.0179315136190659,0.411814968613505,7,0,15,2,0.092436974789916,3,14,7,18,1.57142857142857,0.647058823529412,0,3.23357969662957,20.945846668797,0.29016268770056,32.0205408615945,25.579798645728,7,17,0,3.23333333333333,4,4
626,"sim_0626",66360354,20260730,"broad_lhs",,"continuous_lhs",TRUE,FALSE,"completed","2026-08-05 02:22:50.800514 +0200","2026-08-05 02:22:52.316695 +0200",1.516,10,,,TRUE,"completed",10,0.59248759911036,0.0305417288664753,0.0120217122857744,0.6353506622726,48.9157175050634,5.77919108539443,0.0503503913105931,0.243639059853223,0.184427466375254,2,1,11,2,0.0256410256410256,2,12,2,15,0.333333333333333,0.0769230769230769,2.05110339472823,13.3876189546693,0,1.04463996100284,13.2970255845176,39.2781557869553,3,13,0,1,1,1
627,"sim_0627",66465083,20260730,"broad_lhs",,"continuous_lhs",TRUE,FALSE,"completed","2026-08-05 02:22:49.745658 +0200","2026-08-05 02:22:51.286874 +0200",1.542,10,,,TRUE,"completed",10,0.10947298921767,0.0492418034236509,0.0441515943417442,0.365666530522613,40.0505082808849,0.561633000233126,0.122055378306224,0.00534489609443376,0.170950308925229,4,1,8,1,0.0222222222222222,4,8,2,13,0.2,0.111111111111111,4.63431155083016,23.5775863200363,0,8.43942435040853,48.3664047963351,0,5,9,0,1,1,1
628,"sim_0628",66569812,20260730,"broad_lhs",,"continuous_lhs",TRUE,FALSE,"completed","2026-08-05 02:22:49.304039 +0200","2026-08-05 02:22:52.647680 +0200",3.344,10,,,TRUE,"completed",10,0.043655802960781,0.0396076757698822,0.183599147018131,0.422107331445263,58.5596760494841,8.06428428276053,0.0238591917871868,0.0303237769004449,0.730331326586673,25,8,44,4,0.0877525252525252,8,10,54,22,4.21212121212121,2.89583333333333,13.9520978803523,122.17514308255,46.6541444509719,2.98101053521871,230.523378995249,50.8911835716523,33,48,2,10,12.8533333333333,13
629,"sim_0629",66674541,20260730,"broad_lhs",,"continuous_lhs",TRUE,FALSE,"completed","2026-08-05 02:22:49.462705 +0200","2026-08-05 02:22:54.856610 +0200",5.394,10,,,TRUE,"completed",10,0.0492664990047954,0.100150489594398,0.0303653771217462,0.544509974958612,114.384535429751,0.356284249966404,0.0834462035682973,0.217311554608556,0.929270149209236,71,1,99,0,0.258978675645342,1,10,158,13,25.6388888888889,18.6464646464646,0.69384195941843,22.9452559546007,272.459115475446,0,153.534215851786,332.989864589072,72,99,24,33,37.9533333333333,38
630,"sim_0630",66779270,20260730,"broad_lhs",,"continuous_lhs",TRUE,FALSE,"completed","2026-08-05 02:22:50.473706 +0200","2026-08-05 02:22:52.353700 +0200",1.88,10,,,TRUE,"completed",10,0.0505869452694404,0.537353608194166,0.0109220692557448,0.255560213348136,108.637986571259,3.56260475617664,0.00576555464352808,0.244268409269021,0.0745860013681137,0,1,2,1,,1,3,1,4,0,0,0.1260964688566,0,0,0.13842735278693,3.45864441824121,0,1,3,0,0,0,0
631,"sim_0631",66883999,20260730,"broad_lhs",,"continuous_lhs",TRUE,FALSE,"completed","2026-08-05 02:22:51.287199 +0200","2026-08-05 02:22:52.913113 +0200",1.626,10,,,TRUE,"completed",10,0.0526225347031739,0.486762090700642,0.0406902573121862,0.431935218150903,42.1944417442092,8.33540474677414,0.00598146895289222,0.0460259311390109,0.0932554498218299,1,0,0,1,,1,1,1,2,0,0,0,1.64383409367366,0,0.212645696838271,0,0,1,1,0,0,0,0
632,"sim_0632",66988728,20260730,"broad_lhs",,"continuous_lhs",TRUE,FALSE,"completed","2026-08-05 02:22:51.305342 +0200","2026-08-05 02:22:53.034294 +0200",1.729,10,,,TRUE,"completed",10,0.692564020455165,0.209647468163258,0.0124890072697577,0.0383572096955419,66.3157758540164,0.368834115252489,0.0605753095193894,0.111230208477355,1.07218018720568,2,1,7,4,0,3,11,1,14,0,0,4.02143211043862,0,8.29624363896052,3.5020785713127,6.42230882115639,22.8601550931732,3,11,0,0,0,0
633,"sim_0633",67093457,20260730,"broad_lhs",,"continuous_lhs",TRUE,FALSE,"completed","2026-08-05 02:22:54.145669 +0200","2026-08-05 02:23:01.273043 +0200",7.127,10,,,TRUE,"completed",10,0.641184600327602,0.571537947137237,0.14925256817293,0.305757538111005,100.277862670376,1.993853386671,0.00595908959791725,0.131320379265105,0.200649816092107,8,3,22,15,0.0122850122850123,6,33,3,43,0.454545454545455,0.135135135135135,5.3610124536903,2.64552134089196,11.964596188068,20.4115849587217,38.9512292791321,24.8614956578876,11,37,0,1,2,2
634,"sim_0634",67198186,20260730,"broad_lhs",,"continuous_lhs",TRUE,FALSE,"completed","2026-08-05 02:22:52.683930 +0200","2026-08-05 02:22:58.067199 +0200",5.384,10,,,TRUE,"completed",10,0.218573605829225,0.083480698677472,0.0384487114166488,0.278898666481894,89.1598377171076,3.33919970952514,0.0998765466836115,0.0604796621669731,1.21869271632271,70,1,87,3,0.505946791862285,2,10,149,13,45.5352112676056,35.9222222222222,0,26.5677381957388,285.30777720203,0.582122951323621,90.7084727350677,324.568516479593,71,90,43,62,65.0533333333333,66
635,"sim_0635",67302915,20260730,"broad_lhs",,"continuous_lhs",TRUE,FALSE,"completed","2026-08-05 02:22:53.086405 +0200","2026-08-05 02:23:10.226958 +0200",17.141,10,,,TRUE,"completed",10,0.741964780479933,0.509654665706476,0.0388851180395023,0.586717764516373,70.5838910439983,24.8785105910888,0.0195910222894821,0.0785670936805481,0.905806554537486,176,0,171,0,0.862074694311536,0,1,346,2,147.414772727273,151.72514619883,0,0,247.417136023057,0,4.58660181476846,224.257996640668,176,171,156,168,170,170
636,"sim_0636",67407644,20260730,"broad_lhs",,"continuous_lhs",TRUE,FALSE,"completed","2026-08-05 02:22:51.337017 +0200","2026-08-05 02:22:53.132783 +0200",1.796,10,,,TRUE,"completed",10,0.51147357278944,0.030379295380792,0.0582531491251164,0.0894968383274722,58.8713404394272,6.72873868972909,0.0760919198881639,0.228367245074995,0.301987359217265,14,1,19,13,0.0229166666666667,7,26,4,37,0.733333333333333,0.34375,0.0494319059879391,13.7991470282195,34.4020300877649,99.0938080927762,103.487011758418,38.2457760489343,15,32,0,2,3,3
637,"sim_0637",67512373,20260730,"broad_lhs",,"continuous_lhs",TRUE,FALSE,"completed","2026-08-05 02:22:53.819667 +0200","2026-08-05 02:22:58.060117 +0200",4.24,10,,,TRUE,"completed",10,0.163814264689609,0.434187718827579,0.168602721180142,0.109575158643906,70.1759453910506,0.300802502596993,0.0161118573315615,0.116729675000469,0.383930501610343,5,4,6,20,0.047008547008547,4,18,7,25,1.22222222222222,0.423076923076923,6.86513357956453,6.02877474070044,6.75136570558239,42.1176147682619,22.9915480681817,0,9,26,0,2,5,5
638,"sim_0638",67617102,20260730,"broad_lhs",,"continuous_lhs",TRUE,FALSE,"completed","2026-08-05 02:22:54.332436 +0200","2026-08-05 02:22:56.705651 +0200",2.374,10,,,TRUE,"completed",10,0.0426080902085526,0.204619049908508,0.0244320276120245,0.0469614995604515,109.042730632818,19.4652359349025,0.122454916541771,0.0040102136998515,0.135818049770291,0,4,3,17,0.05,2,17,5,20,1,0.2,18.8814588161433,0,0,53.3220957903573,22.5225192948816,0,4,20,0,2,2,2
639,"sim_0639",67721831,20260730,"broad_lhs",,"continuous_lhs",TRUE,FALSE,"completed","2026-08-05 02:22:54.546670 +0200","2026-08-05 02:22:56.798011 +0200",2.252,10,,,TRUE,"completed",10,0.129885199449877,0.0349191833177089,0.0468755150536323,0.287224903887608,73.3915665269933,3.62689543179326,0.00570908273753652,0.00653853826845686,0.142249396781806,25,4,34,7,0.126156433978133,7,15,32,27,5.17241379310345,3.65853658536585,18.7425511090303,45.0526078739021,64.4283611679387,33.5498132520895,110.884795287292,85.823943441727,29,41,2.50000000000001,12,14.9633333333333,15
640,"sim_0640",67826560,20260730,"broad_lhs",,"continuous_lhs",TRUE,FALSE,"completed","2026-08-05 02:22:55.331900 +0200","2026-08-05 02:22:58.662571 +0200",3.331,10,,,TRUE,"completed",10,0.0906805006540259,0.261669877010621,0.0978232539295559,0.0333812238607021,100.828092845757,8.49272664333685,0.140619117321859,0.135907863542347,0.0590064896801275,6,9,17,37,0.0530864197530864,3,23,32,30,2.86666666666667,0.796296296296296,18.0914361876384,16.9215986029188,0,128.400377116896,50.7997220078636,31.6311745649291,15,54,1,3.73333333333335,7.92000000000003,8
641,"sim_0641",67931289,20260730,"broad_lhs",,"continuous_lhs",TRUE,FALSE,"completed","2026-08-05 02:22:55.407770 +0200","2026-08-05 02:22:58.351112 +0200",2.943,10,,,TRUE,"completed",10,0.156566291744854,0.117038601114604,0.173213255503995,0.0300348845343637,75.7109401165611,3.00430997241824,0.00739480478200318,0.215249170258305,0.379707869336399,11,18,16,30,0.0344827586206897,9,17,11,36,1.58620689655172,1,47.7916630964789,33.0941659501208,22.2032687802686,135.618892235715,61.159158653469,43.3628799069112,29,46,1,3,4.91333333333334,5
642,"sim_0642",68036018,20260730,"broad_lhs",,"continuous_lhs",TRUE,FALSE,"completed","2026-08-05 02:22:55.850513 +0200","2026-08-05 02:22:58.324910 +0200",2.474,10,,,TRUE,"completed",10,0.0428667321964957,0.333173774693523,0.123242369875805,0.141028330997886,47.9636277293786,34.8657223498585,0.00948112509851653,0.181060318626438,1.1835242402579,0,6,3,9,0.0555555555555556,3,8,3,14,0.666666666666667,0.333333333333333,14.6354619095124,0,0,12.8155624499389,7.91182865629871,0,6,12,0,1,2,2
643,"sim_0643",68140747,20260730,"broad_lhs",,"continuous_lhs",TRUE,FALSE,"completed","2026-08-05 02:22:56.257514 +0200","2026-08-05 02:22:57.715522 +0200",1.458,10,,,TRUE,"completed",10,0.118326819588755,0.341344563232927,0.0362998312413361,0.18226475090174,40.9508346297675,22.2890357091199,0.0211007072284914,0.24463510332752,0.220202085586093,0,1,3,3,,1,6,1,7,0,0,0.776895997016121,0,0,7.39475175899512,1.77866729096446,3.78337802622492,1,6,0,0,0,0
644,"sim_0644",68245476,20260730,"broad_lhs",,"continuous_lhs",TRUE,FALSE,"completed","2026-08-05 02:22:59.182818 +0200","2026-08-05 02:23:06.087047 +0200",6.904,10,,,TRUE,"completed",10,0.0670092786018474,0.529758089506705,0.158583083786674,0.292319473405742,102.335523345466,12.3913237914881,0.00631410354361794,0.237468225343942,0.080781776437866,8,13,14,28,0.0283446712018141,7,27,8,40,1.19047619047619,0.595238095238095,12.7496047390129,12.1053332276863,6.02420679531932,29.092073724223,48.6992524611011,0,21,42,0,2,4,4
645,"sim_0645",68350205,20260730,"broad_lhs",,"continuous_lhs",TRUE,FALSE,"completed","2026-08-05 02:23:01.637597 +0200","2026-08-05 02:23:30.909847 +0200",29.272,10,,,TRUE,"completed",10,0.274760457291673,0.0684573206050353,0.0122265486312777,0.380711688403526,117.423162994285,33.3091835720065,0.0264296323231331,0.233139346241886,1.31187165903423,274,0,267,1,0.523600065366598,2,5,535,8,140.324817518248,143.466417910448,0,7.93975301328306,797.981550709415,6.47430797749085,60.8634352148295,776.986403572142,274,268,160,200.433333333333,230,270
646,"sim_0646",68454934,20260730,"broad_lhs",,"continuous_lhs",TRUE,FALSE,"completed","2026-08-05 02:23:00.899073 +0200","2026-08-05 02:23:03.073598 +0200",2.175,10,,,TRUE,"completed",10,0.564684280930018,0.386233130678035,0.0447574739856943,0.0696278105405984,66.2356231540235,37.2276788347204,0.0254239409813758,0.0762276741850656,0.157752911525869,0,1,10,6,,0,15,2,16,1,0.0625,1.46040719834749,0,0,9.08976830019018,2.63765061883873,31.8605901371623,1,16,0,0.933333333333337,1,1
647,"sim_0647",68559663,20260730,"broad_lhs",,"continuous_lhs",TRUE,FALSE,"completed","2026-08-05 02:23:01.001820 +0200","2026-08-05 02:23:05.358546 +0200",4.357,10,,,TRUE,"completed",10,0.242916391884847,0.197380181313159,0.0440439629910843,0.0743564791135787,77.2130219104389,15.8669565202771,0.0148335929186333,0.14015004990894,1.42139519477377,47,0,51,7,0.332721936903888,2,11,73,16,19.2978723404255,15.6379310344828,0,0,109.739330975228,14.5218239467297,44.7045659830653,122.344975576905,47,58,20,33,37.6133333333333,38
648,"sim_0648",68664392,20260730,"broad_lhs",,"continuous_lhs",TRUE,FALSE,"completed","2026-08-05 02:23:02.754739 +0200","2026-08-05 02:23:04.279809 +0200",1.525,10,,,TRUE,"completed",10,0.601250799680575,0.296600429238688,0.0107532861737313,0.696815662070274,49.544349160004,1.13572579408803,0.0116287258612587,0.213395276161868,0.175946153479048,1,0,4,0,,1,4,1,5,0,0,0,0.60303954310189,0,0,6.27081655809352,4.54227269296325,1,4,0,0,0,0
649,"sim_0649",68769121,20260730,"broad_lhs",,"continuous_lhs",TRUE,FALSE,"completed","2026-08-05 02:23:02.715900 +0200","2026-08-05 02:23:04.253030 +0200",1.537,10,,,TRUE,"completed",10,0.0965528765899271,0.340368270458613,0.014339914741079,0.463252332140846,43.2443234432282,0.378972883594257,0.00644037766730433,0.0758145190333663,0.847114893386283,0,0,1,2,,,3,,,,0,0,0,0,0.745194088780571,2.86483876906,0,0,3,0,0,0,0
650,"sim_0650",68873850,20260730,"broad_lhs",,"continuous_lhs",TRUE,FALSE,"completed","2026-08-05 02:23:04.148567 +0200","2026-08-05 02:23:05.719599 +0200",1.571,10,,,TRUE,"completed",10,0.0926667602110031,0.043614839690993,0.0139523734410231,0.0346861835348502,119.630407486566,0.793494024553156,0.0346148065860259,0.0898578766514159,0.05548028232785,1,5,14,14,0.0535714285714286,4,19,7,25,1.5,0.321428571428571,11.8558146096903,4.2806004794934,0,53.7619689372992,38.5392346874386,38.6275617512867,6,28,0,1,6,6
651,"sim_0651",68978579,20260730,"broad_lhs",,"continuous_lhs",TRUE,FALSE,"completed","2026-08-05 02:23:04.245914 +0200","2026-08-05 02:23:17.995851 +0200",13.75,10,,,TRUE,"completed",10,0.578500375637414,0.452048968568717,0.0503989027045712,0.0352840466562343,110.960776515657,4.49396616539321,0.00524845189721926,0.177291024045682,0.820019427423848,92,2,100,4,0.63379705400982,0,4,187,8,65.9148936170213,59.5769230769231,1.7738395195575,5.89841852955309,145.862455031711,11.4014129340964,32.3945604587037,157.898095160938,94,104,69,80,88.6833333333333,90
652,"sim_0652",69083308,20260730,"broad_lhs",,"continuous_lhs",TRUE,FALSE,"completed","2026-08-05 02:23:10.113575 +0200","2026-08-05 02:23:12.895388 +0200",2.782,10,,,TRUE,"completed",10,0.444304035558913,0.0695220535553182,0.0888071795671109,0.762565533559172,63.3903069718223,1.49095842817857,0.11352749939256,0.136512550109118,0.21922438206854,18,1,36,2,0.0318559556786704,10,29,16,41,1.21052631578947,0.605263157894737,0.71197763103504,53.117049685256,50.1836466782507,4.41392930850272,118.051101171425,98.8207385159238,19,38,0,3.93333333333333,6,6
653,"sim_0653",69188037,20260730,"broad_lhs",,"continuous_lhs",TRUE,FALSE,"completed","2026-08-05 02:23:11.446717 +0200","2026-08-05 02:23:16.613636 +0200",5.167,10,,,TRUE,"completed",10,0.176361856741831,0.206479447963716,0.0289794327748248,0.191408044081369,117.83009072894,0.387956482669891,0.0260017429218445,0.135786121030881,0.239762856390652,75,2,81,9,0.454834054834055,3,15,147,20,40.9350649350649,35.0222222222222,3.36970535455388,12.662893764802,106.944473194659,49.3045569053368,17.4886849452171,135.603919108041,77,90,45,58.8666666666667,64,65
654,"sim_0654",69292766,20260730,"broad_lhs",,"continuous_lhs",TRUE,FALSE,"completed","2026-08-05 02:23:10.426131 +0200","2026-08-05 02:23:12.391092 +0200",1.965,10,,,TRUE,"completed",10,0.29416736237496,0.0307068392949994,0.0823433946360984,0.690821164829294,43.6821931563939,0.903679687092619,0.0124035978963938,0.236845498255312,0.115838468091882,11,1,21,1,0.0340909090909091,7,15,4,26,0.75,0.409090909090909,2.16165435855788,67.5257608327881,10.8973161580138,1.51259474757237,155.929049380389,0,12,22,0,2,2,2
655,"sim_0655",69397495,20260730,"broad_lhs",,"continuous_lhs",TRUE,FALSE,"completed","2026-08-05 02:23:13.470474 +0200","2026-08-05 02:23:15.471981 +0200",2.001,10,,,TRUE,"completed",10,0.066252624657712,0.031505288397232,0.0161890430777439,0.748252930034695,111.113061568141,6.92100765608434,0.00722622647025001,0.09876248442943,0.0542624130601766,7,1,19,2,0.0119047619047619,6,19,2,27,0.25,0.0952380952380952,0.641505986973391,35.2425390872295,0,3.20045881998566,62.318122121693,34.16663610178,8,21,0,1,1,1
656,"sim_0656",69502224,20260730,"broad_lhs",,"continuous_lhs",TRUE,FALSE,"completed","2026-08-05 02:23:14.603355 +0200","2026-08-05 02:23:16.597331 +0200",1.994,10,,,TRUE,"completed",10,0.0501600830710452,0.0434782232166857,0.0125829374515455,0.168757158398979,110.033366387234,3.2059335771683,0.00563510463596055,0.0161756196350972,0.526394018986258,6,2,18,13,0.0201612903225806,4,28,5,34,0.625,0.161290322580645,5.86784642444516,1.66289389895845,26.6090856644368,43.0467410294521,97.283398837758,21.6574651996175,8,31,0,1,3,3
657,"sim_0657",69606953,20260730,"broad_lhs",,"continuous_lhs",TRUE,FALSE,"completed","2026-08-05 02:23:13.731554 +0200","2026-08-05 02:23:18.423806 +0200",4.692,10,,,TRUE,"completed",10,0.406637963004656,0.0324897097352584,0.1605676008589,0.124696563721249,111.624988167712,2.233238272082,0.00551226311354882,0.0879754314726839,0.0987972448023382,63,11,66,27,0.0494042429526301,11,20,132,34,4.59459459459459,3.65591397849462,34.4385351826073,41.3478153334538,223.20886441489,142.327380880078,256.881599060341,205.080610983492,74,93,3,10,15,20
658,"sim_0658",69711682,20260730,"broad_lhs",,"continuous_lhs",TRUE,FALSE,"completed","2026-08-05 02:23:13.477460 +0200","2026-08-05 02:23:15.609718 +0200",2.132,10,,,TRUE,"completed",10,0.0676370577711027,0.10490477339391,0.0337817184737336,0.0840251737352629,81.5331953131904,4.87040925426357,0.0156362565125776,0.247174444394704,0.16069283654331,1,3,9,18,0.00925925925925926,3,26,2,30,0.25,0.037037037037037,6.17783719730115,6.29936559998022,0,57.4485206056199,40.4007380980868,9.71106008711107,4,27,0,0,1,1
659,"sim_0659",69816411,20260730,"broad_lhs",,"continuous_lhs",TRUE,FALSE,"completed","2026-08-05 02:23:13.109509 +0200","2026-08-05 02:25:16.247095 +0200",123.138,10,,,TRUE,"completed",10,0.684693223047357,0.306906241676869,0.194440721537167,0.032588739977146,68.3351493660154,11.3071567351026,0.083062519173735,0.0242842133591572,1.21278271059442,559,2,570,6,0.71887069221628,1,4,1130,7,414.069518716578,403.286458333333,10.3090621359945,7.45724991696557,820.668402588068,14.2902993547355,40.398477872145,781.861790893423,561,576,427,534,556,558
660,"sim_0660",69921140,20260730,"broad_lhs",,"continuous_lhs",TRUE,FALSE,"completed","2026-08-05 02:23:14.147873 +0200","2026-08-05 02:23:15.873910 +0200",1.726,10,,,TRUE,"completed",10,0.0423346071925572,0.0423563031565376,0.111307285216254,0.10667590855184,41.7614235527193,1.47371228528036,0.00732945043011967,0.247477169898597,0.216753028259465,4,4,8,11,0.0394736842105263,3,15,5,21,0.75,0.315789473684211,19.9184963168299,22.2377640578749,0,49.3128774154039,59.5775508775501,0,8,19,0,1.93333333333333,2,2
661,"sim_0661",70025869,20260730,"broad_lhs",,"continuous_lhs",TRUE,FALSE,"completed","2026-08-05 02:23:14.450956 +0200","2026-08-05 02:23:15.998621 +0200",1.548,10,,,TRUE,"completed",10,0.702285861604255,0.0529248681385331,0.0107621044251407,0.0807640169231022,47.2854230653909,1.07407619545225,0.0062427393495799,0.00242899133054177,1.08221049153751,2,1,5,7,0,3,12,1,15,0,0,0,0,6.86543567951916,23.5171117904375,2.82615796793207,25.6790461166589,3,12,0,0,0,0
662,"sim_0662",70130598,20260730,"broad_lhs",,"continuous_lhs",TRUE,FALSE,"completed","2026-08-05 02:23:15.164414 +0200","2026-08-05 02:23:17.528445 +0200",2.364,10,,,TRUE,"completed",10,0.436522714627608,0.518630279031624,0.0205303896176766,0.717124188608337,90.0939913218841,1.3712240085471,0.0988349645615325,0.104629157589645,0.856897393232221,0,1,10,1,,1,11,1,12,0,0,0.28788643867048,0,0,0.831639860078541,23.7094212040641,13.5252305839455,1,11,0,0,0,0
663,"sim_0663",70235327,20260730,"broad_lhs",,"continuous_lhs",TRUE,FALSE,"completed","2026-08-05 02:23:14.544573 +0200","2026-08-05 02:23:16.234378 +0200",1.69,10,,,TRUE,"completed",10,0.081417661335041,0.167935709639603,0.0453767389261611,0.29870480419621,45.5046382342362,0.392803291777058,0.143304736560258,0.204884358782567,0.749017979695386,0,1,1,5,,1,6,1,7,0,0,0.8270030888258,0,0,16.3411553592883,4.40301993810738,0,1,6,0,0,0,0
664,"sim_0664",70340056,20260730,"broad_lhs",,"continuous_lhs",TRUE,FALSE,"completed","2026-08-05 02:23:14.326685 +0200","2026-08-05 02:23:19.112773 +0200",4.786,10,,,TRUE,"completed",10,0.0800075631794126,0.108015941804853,0.198177850623362,0.631930532077033,63.2904029683934,30.9664373160129,0.0308983803806827,0.0560081138467649,0.079531404673274,35,6,68,14,0.0850684116597264,4,4,115,9,6.97560975609756,3.48780487804878,4.00581892670536,81.129792566348,43.2721468085333,6.93267923658431,248.636775741721,106.330890102523,41,82,4,9.33333333333334,18.3,20
665,"sim_0665",70444785,20260730,"broad_lhs",,"continuous_lhs",TRUE,FALSE,"completed","2026-08-05 02:23:15.464711 +0200","2026-08-05 02:23:19.202301 +0200",3.737,10,,,TRUE,"completed",10,0.0410322606882207,0.232887626442355,0.0601178109042826,0.502317645814665,79.8093767050861,25.5219815778802,0.117412782882882,0.00588287404906522,0.734907608514442,25,2,38,9,0.207249802994484,0,10,44,15,9.74074074074074,5.59574468085106,0.0579088333768691,13.6864503753119,51.9730623216677,7.94471947607185,55.944425666714,66.6006213053417,27,47,5.50000000000001,15,19,19
666,"sim_0666",70549514,20260730,"broad_lhs",,"continuous_lhs",TRUE,FALSE,"completed","2026-08-05 02:23:16.596650 +0200","2026-08-05 02:23:33.057695 +0200",16.461,10,,,TRUE,"completed",10,0.198108515233536,0.0519478347806506,0.145250564419516,0.0344269847281198,116.150005758574,24.0068076681598,0.00716192647142004,0.0839691303841149,0.619050313139317,130,22,206,54,0.274974696356275,0,6,406,7,71.4934210526316,41.7961538461538,65.058594762245,43.9107311985132,507.373734739423,238.310546072968,127.315132705536,722.362548912209,152,260,54,146.433333333333,158,160
667,"sim_0667",70654243,20260730,"broad_lhs",,"continuous_lhs",TRUE,FALSE,"completed","2026-08-05 02:23:17.337080 +0200","2026-08-05 02:23:19.292683 +0200",1.955,10,,,TRUE,"completed",10,0.0405167175584219,0.0399460767330458,0.161570289529904,0.0372497334650895,46.2069160214315,0.402452765388711,0.0102245986662398,0.00668466454992692,0.14280276654809,3,11,5,22,0.0264550264550265,7,19,5,31,0.714285714285714,0.37037037037037,49.9943830588346,16.4953723656349,0,114.355257979402,36.8652500145643,0,14,27,0,1,3,3
668,"sim_0668",70758972,20260730,"broad_lhs",,"continuous_lhs",TRUE,FALSE,"completed","2026-08-05 02:23:18.344994 +0200","2026-08-05 02:23:20.086607 +0200",1.742,10,,,TRUE,"completed",10,0.697948963270241,0.356087227098948,0.0115114243171156,0.0826439138866699,75.3002203457885,4.95253863637607,0.00647551084331064,0.0152114319907398,0.244037260283913,5,1,11,4,0.188888888888889,1,8,8,11,2.83333333333333,1.13333333333333,2.31067489525061,0,12.8912682221859,8.05938485694479,9.51064111538399,19.7478983572794,6,15,1,4,4,4
669,"sim_0669",70863701,20260730,"broad_lhs",,"continuous_lhs",TRUE,FALSE,"completed","2026-08-05 02:23:18.615673 +0200","2026-08-05 02:23:20.028290 +0200",1.413,10,,,TRUE,"completed",10,0.0618154075416597,0.0477926669578289,0.0150602847948725,0.0791547544905666,52.8500006463793,0.366107225304324,0.0185076456531758,0.186607725941835,0.051590985433019,1,2,3,3,0.0555555555555556,2,5,2,8,0.333333333333333,0.166666666666667,7.9246446333428,6.53840101478249,0,14.4289547874904,16.8393540997941,0,3,6,0,1,1,1
670,"sim_0670",70968430,20260730,"broad_lhs",,"continuous_lhs",TRUE,FALSE,"completed","2026-08-05 02:23:20.452625 +0200","2026-08-05 02:23:22.407414 +0200",1.955,10,,,TRUE,"completed",10,0.176623668907073,0.209529813142976,0.0162086508043819,0.149647198184598,94.4667760930955,11.9134725003628,0.0256617230917178,0.00464072258030582,0.0730963615726283,1,3,6,7,0.0384615384615385,2,11,2,15,0.5,0.153846153846154,1.74998374065557,1.65495709878399,0,16.1446586199156,19.2298992171144,8.00587111231117,4,13,0,1,1,1
671,"sim_0671",71073159,20260730,"broad_lhs",,"continuous_lhs",TRUE,FALSE,"completed","2026-08-05 02:23:19.350411 +0200","2026-08-05 02:23:21.754966 +0200",2.405,10,,,TRUE,"completed",10,0.185782758475425,0.283467587030263,0.0196000785572724,0.0715816210943286,118.171531571469,30.2741641609934,0.00651582942263262,0.194967798162834,0.0839637813894136,4,1,9,12,0.019047619047619,4,19,3,24,0.4,0.0952380952380952,4.37517577596422,1.53496263909284,10.6807331839493,37.6014986771517,23.0072914454053,8.62529292047038,5,21,0,1,2,2
672,"sim_0672",71177888,20260730,"broad_lhs",,"continuous_lhs",TRUE,FALSE,"completed","2026-08-05 02:23:19.605122 +0200","2026-08-05 02:23:22.874957 +0200",3.27,10,,,TRUE,"completed",10,0.206404322208136,0.0336327509263226,0.0579588943128469,0.0684611629487674,106.058057520414,1.84858822811798,0.0190097961161237,0.171518164369821,0.466264726986103,43,8,50,28,0.0957767722473605,4,36,64,49,7.47058823529412,4.88461538461539,25.4169391970455,28.3768507105378,135.116335472831,153.800267572739,153.85931056207,107.337413126581,51,78,1,16,21.3733333333333,22
673,"sim_0673",71282617,20260730,"broad_lhs",,"continuous_lhs",TRUE,FALSE,"completed","2026-08-05 02:23:19.661571 +0200","2026-08-05 02:23:23.409891 +0200",3.748,10,,,TRUE,"completed",10,0.150368634760762,0.0875289754191101,0.100385272065882,0.724558870714057,81.7087952431498,0.26433432089569,0.0202301238145152,0.0420262812742213,0.429846993155529,27,4,46,4,0.052258064516129,8,27,26,38,2.61290322580645,1.62,5.68533972659457,40.8568184906819,72.7684568086234,1.76679231964016,142.915785589656,91.6904075125827,31,50,1,6,6.85333333333334,7
674,"sim_0674",71387346,20260730,"broad_lhs",,"continuous_lhs",TRUE,FALSE,"completed","2026-08-05 02:23:19.978913 +0200","2026-08-05 02:23:24.134785 +0200",4.156,10,,,TRUE,"completed",10,0.191855463843406,0.0312165846933875,0.0171784883509511,0.344423515734857,116.361292382785,0.293639061164076,0.00970062540896811,0.133856670682306,1.41360006257004,74,1,101,2,0.330873786407767,6,24,148,31,34.08,24.8155339805825,0.38777500678156,7.87684019361862,168.165158793529,7.44025957700521,115.995918970613,230.793995460436,75,103,36,53,60,60
675,"sim_0675",71492075,20260730,"broad_lhs",,"continuous_lhs",TRUE,FALSE,"completed","2026-08-05 02:23:19.860658 +0200","2026-08-05 02:23:21.552718 +0200",1.692,10,,,TRUE,"completed",10,0.0511284852064932,0.523557124626523,0.0199534569533589,0.0410446650326148,72.0751939570945,3.22328051701154,0.13977305947614,0.195877344992219,0.170444750045506,0,0,0,8,,,8,,,,0,0,0,0,10.0167929502066,0,0,0,8,0,0,0,0
676,"sim_0676",71596804,20260730,"broad_lhs",,"continuous_lhs",TRUE,FALSE,"completed","2026-08-05 02:23:23.379847 +0200","2026-08-05 02:23:26.249999 +0200",2.87,10,,,TRUE,"completed",10,0.376944699210972,0.0919119385604255,0.0676473952540035,0.338097446483847,65.0778314642401,21.7547691899116,0.00799262138628673,0.22764030666291,0.177445114980574,26,1,49,8,0.270955165692008,1,17,59,21,15.4444444444444,7.31578947368421,0,10.6668944239707,66.3647101959351,14.1964390442365,109.203965978334,104.931355301961,27,57,7,22,23,23
677,"sim_0677",71701533,20260730,"broad_lhs",,"continuous_lhs",TRUE,FALSE,"completed","2026-08-05 02:23:24.476266 +0200","2026-08-05 02:23:25.967861 +0200",1.492,10,,,TRUE,"completed",10,0.168635152603852,0.0318043173379949,0.0106971752627624,0.213499670376049,46.7633855500983,2.43143923247285,0.017355883716799,0.0814058887921662,0.456176323232279,0,1,7,4,,1,11,1,12,0,0,1.80784668637386,0,0,19.3582960302571,47.1164151802495,0,1,11,0,0,0,0
678,"sim_0678",71806262,20260730,"broad_lhs",,"continuous_lhs",TRUE,FALSE,"completed","2026-08-05 02:23:26.427722 +0200","2026-08-05 02:23:32.910355 +0200",6.482,10,,,TRUE,"completed",10,0.0530532902105226,0.0689534515980287,0.179825216902044,0.0545932165355757,118.544493840324,1.66437217341735,0.0941142370685123,0.223482020585733,0.8529463579903,73,10,72,32,0.143072289156627,3,10,174,14,14.8795180722892,11.875,29.6424333857459,35.6840492649422,450.336383487064,201.580165723666,182.803020767589,343.715920511431,83,104,13,25,33.7933333333333,36
679,"sim_0679",71910991,20260730,"broad_lhs",,"continuous_lhs",TRUE,FALSE,"completed","2026-08-05 02:23:28.020490 +0200","2026-08-05 02:23:30.750854 +0200",2.73,10,,,TRUE,"completed",10,0.144368670094308,0.558708642214786,0.132274972038646,0.798734004626026,46.132264756908,0.26194971692494,0.0144314468060538,0.0136742070722135,0.181384562977106,1,0,3,3,,0,4,3,5,2,0.333333333333333,0,1.28222247234579,0,2.92758232538451,11.3576609783993,0,1,6,0,1.93333333333333,2,2
680,"sim_0680",72015720,20260730,"broad_lhs",,"continuous_lhs",TRUE,FALSE,"completed","2026-08-05 02:23:26.609443 +0200","2026-08-05 02:23:32.101250 +0200",5.492,10,,,TRUE,"completed",10,0.726060702875683,0.327128626729683,0.10229677302512,0.0397857068685396,96.4499378839508,0.832843854048004,0.0175309907294019,0.207749848900647,0.0727677714632798,28,5,23,13,0.0277777777777778,12,25,15,41,1,0.916666666666667,7.98322146392544,26.6114170080627,41.6630178542765,18.3141943735308,48.6562451840151,61.5028712188899,33,36,0,2,9.92000000000003,10
681,"sim_0681",72120449,20260730,"broad_lhs",,"continuous_lhs",TRUE,FALSE,"completed","2026-08-05 02:23:28.064101 +0200","2026-08-05 02:23:30.303269 +0200",2.239,10,,,TRUE,"completed",10,0.766052323613797,0.0417714297912339,0.197612952428398,0.0363141974069187,49.6139310492617,1.72141963078122,0.0956390351514488,0.115840033702358,0.0685437333298712,14,9,10,20,0.0594202898550725,2,12,17,19,1.78260869565217,1.36666666666667,28.2026914514272,11.3820707171745,87.9481902748911,121.373748419698,48.6342607027607,29.8813768691974,23,30,1,3.33333333333334,6,6
682,"sim_0682",72225178,20260730,"broad_lhs",,"continuous_lhs",TRUE,FALSE,"completed","2026-08-05 02:23:26.158572 +0200","2026-08-05 02:23:30.131769 +0200",3.973,10,,,TRUE,"completed",10,0.531358008067919,0.0340202740548188,0.171984961876349,0.104861278165688,104.471863263783,0.481809809407968,0.0804526852074389,0.198354072644983,0.0543744284484112,69,8,58,25,0.0469410107964325,11,15,134,27,3.8961038961039,3.6144578313253,34.7275770415192,55.867184663519,346.695972100659,153.160531022846,241.271774810003,227.698372192147,77,83,3,8,13,13
683,"sim_0683",72329907,20260730,"broad_lhs",,"continuous_lhs",TRUE,FALSE,"completed","2026-08-05 02:23:29.807843 +0200","2026-08-05 02:23:32.581425 +0200",2.774,10,,,TRUE,"completed",10,0.0723676446087819,0.277843550023554,0.0613005079003479,0.541162415895514,79.0246383793652,5.41491689708189,0.0210729076485571,0.167084016092186,0.341302680637186,5,1,21,11,0.0416666666666667,2,24,5,30,1.33333333333333,0.25,1.96166071026175,10.9163242043239,10.7756673665083,14.7408194900691,63.1441970978768,16.5866832530145,6,32,0,1,4,4
684,"sim_0684",72434636,20260730,"broad_lhs",,"continuous_lhs",TRUE,FALSE,"completed","2026-08-05 02:23:35.481514 +0200","2026-08-05 02:23:39.531056 +0200",4.049,10,,,TRUE,"completed",10,0.0737593001055502,0.0400785764307144,0.157630383136622,0.630064284113887,80.1153780799152,0.267656245147488,0.134353134585159,0.233559790138582,1.17032972163922,37,6,58,1,0.0370516357903035,10,10,26,28,2.18604651162791,1.59322033898305,10.7341736934399,119.354706219231,89.0008572724652,0.883574068209141,323.149058146645,78.9260007183566,43,59,1.50000000000001,4,6.64333333333333,7
685,"sim_0685",72539365,20260730,"broad_lhs",,"continuous_lhs",TRUE,FALSE,"completed","2026-08-05 02:23:35.538861 +0200","2026-08-05 02:23:36.990695 +0200",1.452,10,,,TRUE,"completed",10,0.245529110643229,0.0556126167226662,0.0131595944966801,0.043193064713988,42.4193799628773,21.4029961459451,0.0274999075186099,0.245427575125941,1.46213159734201,0,3,1,5,0,3,6,1,9,0,0,21.8317737650802,0,0,28.0579983930224,7.20463901664576,0,3,6,0,0,0,0
686,"sim_0686",72644094,20260730,"broad_lhs",,"continuous_lhs",TRUE,FALSE,"completed","2026-08-05 02:23:39.868795 +0200","2026-08-05 02:23:49.844517 +0200",9.976,10,,,TRUE,"completed",10,0.749822043923919,0.170091055389749,0.139366598955801,0.123261466135397,118.440085467117,1.89558173655851,0.0860528783194151,0.00204776642986366,0.131306597303068,85,7,76,16,0.133034026465028,11,17,148,32,12.2391304347826,12.2391304347826,23.0291935458705,31.9815136635074,257.858472390187,64.2417459561257,161.611740068879,206.997015992596,92,92,8,29.2333333333333,36,36
687,"sim_0687",72748823,20260730,"broad_lhs",,"continuous_lhs",TRUE,FALSE,"completed","2026-08-05 02:23:38.658837 +0200","2026-08-05 02:23:46.270308 +0200",7.611,10,,,TRUE,"completed",10,0.533816512686793,0.17148405006273,0.0421233764547215,0.0775827072055616,113.901430123424,0.499354212634015,0.0758238395030967,0.226201982054109,0.952423856300011,79,1,88,11,0.36010101010101,9,24,139,37,35.65,28.8080808080808,1.82006502478389,14.1169407637161,195.568846657919,42.7645590809115,38.8014953735836,294.812584361605,80,99,40,55,60,60
688,"sim_0688",72853552,20260730,"broad_lhs",,"continuous_lhs",TRUE,FALSE,"completed","2026-08-05 02:23:39.354332 +0200","2026-08-05 02:23:41.088124 +0200",1.734,10,,,TRUE,"completed",10,0.123486873892569,0.108297118763124,0.0565766972271485,0.0319096592525033,44.4033363333386,6.79946298798847,0.00613031741127242,0.0796784656793655,0.158786627748264,0,3,3,12,0.0444444444444444,1,13,2,16,0.666666666666667,0.133333333333333,16.9182273893199,0,0,45.8510105684603,11.2633427162043,0,3,15,0,1,1,1
689,"sim_0689",72958281,20260730,"broad_lhs",,"continuous_lhs",TRUE,FALSE,"completed","2026-08-05 02:23:38.081515 +0200","2026-08-05 02:23:53.672882 +0200",15.591,10,,,TRUE,"completed",10,0.275112752551505,0.587929796236292,0.0854967671826286,0.612049419245982,115.093734251294,2.5425460901837,0.0488753416256717,0.230442885471663,0.214525128109701,96,1,109,3,0.694679675994109,0,4,203,6,77.8041237113402,67.3839285714286,1.97781914547389,8.43923675988587,220.209526189825,5.47040580354659,27.1977461199993,230.63201324073,97,112,75,92,103,104
690,"sim_0690",73063010,20260730,"broad_lhs",,"continuous_lhs",TRUE,FALSE,"completed","2026-08-05 02:23:37.912926 +0200","2026-08-05 02:23:39.592126 +0200",1.679,10,,,TRUE,"completed",10,0.735057506446903,0.582902676951211,0.0134207031023063,0.0837253953613156,54.3161606911156,0.776953535537491,0.00522748394570668,0.226011273365002,0.722621874366657,0,0,0,1,,,1,,,,0,0,0,0,0.20591253768365,0,0,0,1,0,0,0,0
691,"sim_0691",73167739,20260730,"broad_lhs",,"continuous_lhs",TRUE,FALSE,"completed","2026-08-05 02:23:39.849745 +0200","2026-08-05 02:23:41.510088 +0200",1.66,10,,,TRUE,"completed",10,0.705626754167618,0.104014857677663,0.0322090806197893,0.0379089274487056,56.1464931386213,0.688899385583131,0.0145181313497878,0.141393041780619,0.248060562967015,4,2,9,7,0,6,16,1,22,0,0,3.19320374366231,0,13.0905390203213,17.9245449643801,4.04656158660896,52.1890860796296,6,16,0,0,0,0
692,"sim_0692",73272468,20260730,"broad_lhs",,"continuous_lhs",TRUE,FALSE,"completed","2026-08-05 02:23:39.053129 +0200","2026-08-05 02:23:41.434781 +0200",2.382,10,,,TRUE,"completed",10,0.213608217393169,0.551767192728001,0.05268352013796,0.075441227554929,58.1957843927874,1.68263453899133,0.109018886708137,0.017128765805909,0.561399552202485,2,0,1,5,0.0833333333333333,1,5,2,7,0.5,0.166666666666667,0,11.1330662435773,0,7.6034854623161,8.84276134438194,0,2,6,0,1,1,1
693,"sim_0693",73377197,20260730,"broad_lhs",,"continuous_lhs",TRUE,FALSE,"completed","2026-08-05 02:23:39.183398 +0200","2026-08-05 02:23:41.254111 +0200",2.07,10,,,TRUE,"completed",10,0.192773403588317,0.344682342161827,0.0124510554792173,0.101605723451107,119.456340036272,5.96268661208104,0.0839265707436801,0.120144037213629,0.73181432127431,0,1,3,3,,1,6,1,7,0,0,2.88335419646837,0,0,3.44023331577404,13.2734467703232,0,1,6,0,0,0,0
694,"sim_0694",73481926,20260730,"broad_lhs",,"continuous_lhs",TRUE,FALSE,"completed","2026-08-05 02:23:40.188417 +0200","2026-08-05 02:23:46.445660 +0200",6.257,10,,,TRUE,"completed",10,0.78530950300149,0.109488448488709,0.165635432243774,0.0649588234018963,89.5354897842846,0.715579684993344,0.0111542526918743,0.137805351482368,1.05242620988077,63,4,60,12,0.204187396351575,6,15,108,25,14.7014925373134,13.6805555555556,6.34988296946582,34.0475778259458,244.785888121026,73.8867585640682,96.2340120825296,242.702547348201,67,72,15,28,35.2733333333333,36
695,"sim_0695",73586655,20260730,"broad_lhs",,"continuous_lhs",TRUE,FALSE,"completed","2026-08-05 02:23:40.710719 +0200","2026-08-05 02:23:42.912855 +0200",2.202,10,,,TRUE,"completed",10,0.442090531182707,0.0800035695142588,0.0108554192614465,0.0635906400556288,119.209682862295,1.61859520896502,0.0139790240080506,0.00144160504420547,0.319175266478047,15,1,38,1,0.113782051282051,2,17,15,22,4.4375,1.82051282051282,2.73220397040318,0,34.2634074271522,0.0180820218405309,9.28121532035686,121.603396053569,16,39,2,7,10,10
696,"sim_0696",73691384,20260730,"broad_lhs",,"continuous_lhs",TRUE,FALSE,"completed","2026-08-05 02:23:42.353509 +0200","2026-08-05 02:23:44.427318 +0200",2.074,10,,,TRUE,"completed",10,0.472507046959673,0.0562180892187447,0.0758028623546555,0.233791906743445,43.4935762869608,7.57488239932328,0.0547558067904957,0.0101768142861935,0.358370171430502,3,2,13,4,0.0588235294117647,2,12,4,17,1,0.294117647058824,9.82464171608175,3.55508622471802,6.63549688595594,6.04045108400784,56.4678615375627,23.7901119695765,5,17,0,1,3,3
697,"sim_0697",73796113,20260730,"broad_lhs",,"continuous_lhs",TRUE,FALSE,"completed","2026-08-05 02:23:40.470405 +0200","2026-08-05 02:23:42.722715 +0200",2.252,10,,,TRUE,"completed",10,0.45658690558064,0.392676133871998,0.0962139496363173,0.618405549800126,41.3267704415653,0.295882965209893,0.00583611538732319,0.221330156795965,1.34056122724555,1,2,4,4,0,3,8,1,11,0,0,0.630264459276318,0.88112281388239,0,7.25697470943609,13.1441430824948,0,3,8,0,0,0,0
698,"sim_0698",73900842,20260730,"broad_lhs",,"continuous_lhs",TRUE,FALSE,"completed","2026-08-05 02:23:41.043231 +0200","2026-08-05 02:23:43.130226 +0200",2.087,10,,,TRUE,"completed",10,0.560957711417767,0.227900156855757,0.0145121853975359,0.199558070244665,74.9055208640173,1.3934556712299,0.0579365525156968,0.154613611395859,0.0502708049999847,5,2,7,2,0.0634920634920635,3,6,3,12,0.571428571428571,0.444444444444444,2.14140065510258,15.1480302325758,9.24543116773949,8.281212852853,23.135933291929,7.57310947789287,7,9,0,1.03333333333334,2,2
699,"sim_0699",74005571,20260730,"broad_lhs",,"continuous_lhs",TRUE,FALSE,"completed","2026-08-05 02:23:42.103795 +0200","2026-08-05 02:23:43.942414 +0200",1.839,10,,,TRUE,"completed",10,0.111074684236715,0.097413245928892,0.0102852657128852,0.49044084441321,90.5146818685656,23.2299982472801,0.0136019313740147,0.156661358806951,0.223575289579996,4,0,15,3,0.0277777777777778,3,16,3,20,0.5,0.111111111111111,0,17.8644070982278,0,5.99152498771924,58.5431666778291,24.4749424637771,4,18,0,1,2,2
700,"sim_0700",74110300,20260730,"broad_lhs",,"continuous_lhs",TRUE,FALSE,"completed","2026-08-05 02:23:42.021012 +0200","2026-08-05 02:23:45.302857 +0200",3.281,10,,,TRUE,"completed",10,0.626198501553422,0.199112111883597,0.0720742337790645,0.0447565253130718,52.5528032764585,36.0784455471405,0.115736702461705,0.231231816865167,0.107761022682379,39,5,43,11,0.167929292929293,1,4,93,6,9.06818181818182,7.38888888888889,11.3277020058833,16.7592236404604,57.064701771932,23.6253441924117,10.302125883286,96.5454059714889,44,54,7.50000000000001,17,19,19
701,"sim_0701",74215029,20260730,"broad_lhs",,"continuous_lhs",TRUE,FALSE,"completed","2026-08-05 02:23:43.032116 +0200","2026-08-05 02:23:45.307336 +0200",2.276,10,,,TRUE,"completed",10,0.0562195510452611,0.0413524703204898,0.114410707937984,0.793793455161243,45.2480316799962,27.1851977177956,0.107014633100984,0.206452052576674,0.110353305113143,11,5,27,7,0.0808823529411765,1,11,15,15,2.75,1.29411764705882,5.99646375353241,41.7184805212906,6.77069190510401,7.30093171330557,154.372338404266,0,16,34,1,4,7,7
702,"sim_0702",74319758,20260730,"broad_lhs",,"continuous_lhs",TRUE,FALSE,"completed","2026-08-05 02:23:43.078085 +0200","2026-08-05 02:23:44.748111 +0200",1.67,10,,,TRUE,"completed",10,0.0419135189255808,0.350975627243959,0.0111666261363992,0.0312422758146608,112.751869034767,0.410966531577165,0.0193071994693719,0.203475422028633,0.0665569300808048,0,0,0,6,,,6,,,,0,0,0,0,12.9750201615199,0,0,0,6,0,0,0,0
703,"sim_0703",74424487,20260730,"broad_lhs",,"continuous_lhs",TRUE,FALSE,"completed","2026-08-05 02:23:43.891992 +0200","2026-08-05 02:24:00.589187 +0200",16.697,10,,,TRUE,"completed",10,0.159633311231416,0.58944492999419,0.120727052010565,0.0732742278804803,114.418236491063,23.0105483767255,0.115109169423301,0.241558732661975,0.789174666906611,158,4,166,7,0.794619282095197,0,0,335,1,137.469135802469,128.728323699422,2.89654063952445,0,522.540052580809,14.1383944890281,4.5342541318037,559.474567969423,162,173,137,155.133333333333,162,167
704,"sim_0704",74529216,20260730,"broad_lhs",,"continuous_lhs",TRUE,FALSE,"completed","2026-08-05 02:23:44.024488 +0200","2026-08-05 02:23:46.898322 +0200",2.874,10,,,TRUE,"completed",10,0.0805406407694764,0.18109687701481,0.176224473982092,0.0728033233796145,56.8741130976006,0.391547616822456,0.110969405396013,0.0529609580041142,0.152154000325419,3,12,6,15,0.00952380952380952,12,18,2,33,0.2,0.142857142857143,35.6420603974445,17.8594140863992,0,39.9698225350876,34.6875400262508,0,15,21,0,1,1,1
705,"sim_0705",74633945,20260730,"broad_lhs",,"continuous_lhs",TRUE,FALSE,"completed","2026-08-05 02:23:44.315466 +0200","2026-08-05 02:23:46.264069 +0200",1.949,10,,,TRUE,"completed",10,0.165338518680277,0.595814930420212,0.0702106248263001,0.131626646526607,43.2984835256512,2.07340508154209,0.0219192059688231,0.0861823491583992,0.0789127468698062,0,0,0,4,,,4,,,,0,0,0,0,9.94429489253808,0,0,0,4,0,0,0,0
706,"sim_0706",74738674,20260730,"broad_lhs",,"continuous_lhs",TRUE,FALSE,"completed","2026-08-05 02:23:45.845595 +0200","2026-08-05 02:23:56.529143 +0200",10.684,10,,,TRUE,"completed",10,0.234986033438275,0.0548338384469871,0.0319179663244308,0.0510695654468666,106.551633945314,13.3074100704864,0.0763464227185276,0.0485658614011481,0.293788536356323,130,0,168,16,0.679222408026756,0,13,287,17,124.976923076923,88.2989130434783,0,11.0015337010479,384.051590314562,86.4591410602526,38.0555388944803,491.863603381126,130,184,115,145.233333333333,151,156
707,"sim_0707",74843403,20260730,"broad_lhs",,"continuous_lhs",TRUE,FALSE,"completed","2026-08-05 02:23:46.837913 +0200","2026-08-05 02:23:54.294571 +0200",7.457,10,,,TRUE,"completed",10,0.0418204385937416,0.541780144315147,0.174675841855657,0.121525975253909,108.81902130211,4.07559798847879,0.00754839014031754,0.0079722674326816,0.255508430870505,2,9,6,37,0.0486257928118393,2,27,9,33,2.09090909090909,0.534883720930233,7.10023807341304,11.7562826491344,0,39.7625057621275,17.2985626789725,13.7173621178865,11,43,0,3,6,6
708,"sim_0708",74948132,20260730,"broad_lhs",,"continuous_lhs",TRUE,FALSE,"completed","2026-08-05 02:23:47.859245 +0200","2026-08-05 02:23:51.306614 +0200",3.447,10,,,TRUE,"completed",10,0.0527665092363825,0.448119695942747,0.0516548771483141,0.0314024710647623,103.114482301122,3.49308320479001,0.00977153995719123,0.236588639775032,0.759858491029871,13,1,22,16,0.18609022556391,1,23,28,25,7.07142857142857,2.60526315789474,0.0365809152212293,0,19.8240056916944,24.684375911686,21.9764641324103,20.9265799960071,14,38,4,9,13,13
709,"sim_0709",75052861,20260730,"broad_lhs",,"continuous_lhs",TRUE,FALSE,"completed","2026-08-05 02:23:51.317045 +0200","2026-08-05 02:23:53.247055 +0200",1.93,10,,,TRUE,"completed",10,0.041671232049629,0.264409527261936,0.029031264183363,0.254561203736108,68.2618378344923,0.457676597119827,0.0293749199174378,0.0155256479975974,0.0550512318841515,1,2,6,8,0.0476190476190476,1,12,2,15,0.666666666666667,0.142857142857143,7.49448868988775,9.37195793852201,0,21.2606359523204,23.2895797796012,0,3,14,0,1,1,1
710,"sim_0710",75157590,20260730,"broad_lhs",,"continuous_lhs",TRUE,FALSE,"completed","2026-08-05 02:23:52.562224 +0200","2026-08-05 02:23:56.897917 +0200",4.335,10,,,TRUE,"completed",10,0.09117874468584,0.0456979491747539,0.141633015924626,0.436619219418722,104.305991050953,1.73907001587077,0.0300505726464786,0.0363424794430224,0.0523065812058869,33,8,68,7,0.0338211382113821,8,23,69,39,2.53658536585366,1.38666666666667,16.9643737355115,118.846357529689,62.3897089700006,18.0742248847779,402.977514917759,60.8724012465219,41,75,1,4,11.5166666666667,14
711,"sim_0711",75262319,20260730,"broad_lhs",,"continuous_lhs",TRUE,FALSE,"completed","2026-08-05 02:23:52.500728 +0200","2026-08-05 02:23:54.014893 +0200",1.515,10,,,TRUE,"completed",10,0.709053081681047,0.311504984119493,0.0100970618589889,0.0319269387693397,51.2252670805487,24.33879194964,0.00680154725983001,0.156914871405396,0.702800080001029,0,1,0,2,,1,2,1,3,0,0,4.71704716182255,0,0,5.62670500215042,0,0,1,2,0,0,0,0
713,"sim_0713",75471777,20260730,"broad_lhs",,"continuous_lhs",TRUE,FALSE,"completed","2026-08-05 02:23:52.505358 +0200","2026-08-05 02:23:57.904413 +0200",5.399,10,,,TRUE,"completed",10,0.195552710759353,0.505024118351948,0.0775362855894132,0.0303039078296105,96.1680821593644,31.64842949676,0.00594433437648772,0.0413328965302531,0.557627850055531,15,6,18,25,0.10188261351052,3,15,23,24,4.38095238095238,2.13953488372093,7.214171504419,5.77754974444556,34.4578890166353,21.9984747042375,6.84424908779741,29.7071562612525,21,43,2,7.23333333333335,10,10
714,"sim_0714",75576506,20260730,"broad_lhs",,"continuous_lhs",TRUE,FALSE,"completed","2026-08-05 02:23:53.451593 +0200","2026-08-05 02:23:54.794291 +0200",1.343,10,,,TRUE,"completed",10,0.0803472016799018,0.0721882044387521,0.0139167393874794,0.0339535606492461,40.6320319293688,29.3944147505699,0.0140872969991798,0.0426402674035247,1.05810973768473,0,3,0,6,0,3,6,1,9,0,0,14.8253840206875,0,0,27.8593702993144,0,0,3,6,0,0,0,0
715,"sim_0715",75681235,20260730,"broad_lhs",,"continuous_lhs",TRUE,FALSE,"completed","2026-08-05 02:23:53.901475 +0200","2026-08-05 02:23:55.641858 +0200",1.74,10,,,TRUE,"completed",10,0.115031517887801,0.0302631768194307,0.0111204495390891,0.44765672711477,100.0986295906,1.96468460511178,0.0559016569512268,0.000832670910038157,0.320272962821133,10,0,17,4,0.0523809523809524,5,16,7,23,1.1,0.523809523809524,0,13.2499202252174,33.0715207296474,9.63611578180623,45.086423362016,51.3296978575252,10,21,0,3,3,3
716,"sim_0716",75785964,20260730,"broad_lhs",,"continuous_lhs",TRUE,FALSE,"completed","2026-08-05 02:23:53.451361 +0200","2026-08-05 02:23:54.991202 +0200",1.54,10,,,TRUE,"completed",10,0.0873068406924524,0.142920840146045,0.0157135072922011,0.703350307375808,51.3643020803316,5.01754926475446,0.0673013274398853,0.171314034270989,0.059606466065421,1,0,4,0,,1,4,1,5,0,0,0,1.42518541901693,0,0,4.98124582110182,9.29212919860435,1,4,0,0,0,0
717,"sim_0717",75890693,20260730,"broad_lhs",,"continuous_lhs",TRUE,FALSE,"completed","2026-08-05 02:23:56.562925 +0200","2026-08-05 02:24:00.356393 +0200",3.793,10,,,TRUE,"completed",10,0.155946096208168,0.127530223289154,0.125689600103445,0.125960624035649,80.9342607191246,5.03273660002288,0.133653334085372,0.18506340725826,0.265836725549305,36,4,40,18,0.170258620689655,4,15,76,21,9.875,6.81034482758621,18.9275617735115,58.119351431784,118.174672667992,49.6687644919298,116.040191108749,113.347273949359,40,58,5,24.0000000000001,27,27
718,"sim_0718",75995422,20260730,"broad_lhs",,"continuous_lhs",TRUE,FALSE,"completed","2026-08-05 02:24:00.232705 +0200","2026-08-05 02:24:03.243139 +0200",3.01,10,,,TRUE,"completed",10,0.767856697189632,0.440229520377928,0.0191961061063019,0.570255642847229,111.327334063666,0.382907178269926,0.00834693480838054,0.00119691269582189,0.254537094358202,3,0,14,4,0.0185185185185185,2,17,2,20,0.333333333333333,0.0555555555555556,0,7.61767638278255,8.61951029926395,1.82602315992841,18.3658108044021,35.3927599137633,3,18,0,0.533333333333335,1,1
719,"sim_0719",76100151,20260730,"broad_lhs",,"continuous_lhs",TRUE,FALSE,"completed","2026-08-05 02:24:00.411004 +0200","2026-08-05 02:24:09.419315 +0200",9.008,10,,,TRUE,"completed",10,0.0570669997868856,0.473284193778473,0.191948053904412,0.128287294060182,117.048469438176,0.266121130932102,0.131074155958818,0.234777712295634,0.553129479845329,57,9,66,24,0.222222222222222,12,24,96,43,20,14.6666666666667,18.5809015854523,19.1620938599039,95.0295492396367,63.2194259813172,81.8533013158803,73.9362111011194,66,90,20.5,36,40.4133333333333,44
720,"sim_0720",76204880,20260730,"broad_lhs",,"continuous_lhs",TRUE,FALSE,"completed","2026-08-05 02:24:01.579041 +0200","2026-08-05 02:24:03.776137 +0200",2.197,10,,,TRUE,"completed",10,0.579280276843845,0.0318801666222846,0.0179946511400161,0.0831634215800049,97.0858487248835,21.5753571004369,0.119117729130699,0.237043914074958,0.0716634804765389,8,1,38,9,0.160756501182033,2,27,22,32,7.55555555555556,1.4468085106383,3.03807710394607,0,37.6281841619604,50.7559383852385,28.0845437291264,152.467183712309,9,47,0,4.03333333333333,17,17
721,"sim_0721",76309609,20260730,"broad_lhs",,"continuous_lhs",TRUE,FALSE,"completed","2026-08-05 02:24:05.884058 +0200","2026-08-05 02:24:07.533065 +0200",1.649,10,,,TRUE,"completed",10,0.0565060536994165,0.0590766255536079,0.0102450507158965,0.0696891759428037,82.1598142477787,1.59930554363953,0.00767820573215215,0.238522392115103,1.27863403011687,2,5,11,8,0,7,19,1,26,0,0,21.1798443276846,14.584812859199,0,26.6259604410237,39.2878703434595,22.488866969129,7,19,0,0,0,0
722,"sim_0722",76414338,20260730,"broad_lhs",,"continuous_lhs",TRUE,FALSE,"completed","2026-08-05 02:24:04.763308 +0200","2026-08-05 02:24:06.428932 +0200",1.666,10,,,TRUE,"completed",10,0.068154388825078,0.219271796611138,0.0108221363886795,0.135604896178607,116.494171578272,0.317544246073602,0.0206693391430717,0.0260924635028803,1.11843912897416,0,1,5,3,,0,7,2,8,1,0.125,0.17476306569028,0,0,2.51330085674718,22.8935548648793,0,1,8,0,1,1,1
723,"sim_0723",76519067,20260730,"broad_lhs",,"continuous_lhs",TRUE,FALSE,"completed","2026-08-05 02:24:04.765107 +0200","2026-08-05 02:24:06.390125 +0200",1.625,10,,,TRUE,"completed",10,0.042213974247278,0.0437704727294891,0.0461212754726493,0.127895733509614,45.0847869104602,18.7784391313122,0.0216872738091164,0.155805690359298,0.05904849610502,0,3,7,7,0.0952380952380952,1,10,3,13,1.33333333333333,0.285714285714286,22.2760059268233,0,0,20.1107495030741,50.061375639348,0,3,14,0,1.93333333333334,2,2
724,"sim_0724",76623796,20260730,"broad_lhs",,"continuous_lhs",TRUE,FALSE,"completed","2026-08-05 02:24:04.962697 +0200","2026-08-05 02:24:07.716725 +0200",2.754,10,,,TRUE,"completed",10,0.569430608428233,0.0368733462666262,0.169753902903796,0.0304718476832887,66.0650525781843,0.361855874845554,0.00814617927785786,0.055651024381449,0.0918680564533566,23,14,20,26,0.0464159811985899,13,17,41,35,2.13513513513514,1.71739130434783,74.2697016764758,8.71436269009865,116.675799233425,153.048986358833,76.2792710229453,63.7072501981771,37,46,1,5,10,10
725,"sim_0725",76728525,20260730,"broad_lhs",,"continuous_lhs",TRUE,FALSE,"completed","2026-08-05 02:24:05.267331 +0200","2026-08-05 02:24:07.334788 +0200",2.068,10,,,TRUE,"completed",10,0.0406338871917043,0.0300035505754429,0.022246995820782,0.188158385606134,97.168463253354,7.15272990333241,0.114647365940388,0.165932254352568,0.0651645116840436,2,4,18,11,0.0114942528735632,4,27,2,33,0.333333333333333,0.0689655172413793,8.95590274239123,17.755466555497,0,53.8993583708838,84.6529555960042,22.3779031673923,6,29,0,1,1,1
726,"sim_0726",76833254,20260730,"broad_lhs",,"continuous_lhs",TRUE,FALSE,"completed","2026-08-05 02:24:04.933916 +0200","2026-08-05 02:24:17.492274 +0200",12.558,10,,,TRUE,"completed",10,0.645059679687531,0.0482679759999539,0.123012700824339,0.495178017948891,115.628422688589,0.310283085809014,0.00534166140332132,0.0554297656108004,0.997969734716635,106,0,102,1,0.499267265066862,4,19,186,24,51.4245283018868,52.9223300970874,0,68.4842350792677,601.526320496368,0.679187828554349,234.332745749078,522.951646263063,106,103,60,85,93.5733333333333,95
727,"sim_0727",76937983,20260730,"broad_lhs",,"continuous_lhs",TRUE,FALSE,"completed","2026-08-05 02:24:06.265341 +0200","2026-08-05 02:24:09.492157 +0200",3.227,10,,,TRUE,"completed",10,0.0411471543166518,0.0902277741695697,0.0577245222304499,0.112574503723312,108.290873527196,0.301668286758361,0.145823161950108,0.0705622674993679,0.2124805147559,10,13,32,24,0.0458074534161491,6,34,29,45,2.56521739130435,1.05357142857143,41.3442439038843,6.53268161230189,27.027972556273,98.2604448361763,162.823317882065,26.5285386918412,23,56,7.105427357601e-15,5,8,8
728,"sim_0728",77042712,20260730,"broad_lhs",,"continuous_lhs",TRUE,FALSE,"completed","2026-08-05 02:24:05.691691 +0200","2026-08-05 02:24:07.468527 +0200",1.777,10,,,TRUE,"completed",10,0.627589447520046,0.0455069255907724,0.0540941879387346,0.21543467969374,42.0708048235832,5.29084333615629,0.00504718911426713,0.062517080997285,0.0506532824573317,3,1,13,5,0.0138888888888889,3,17,2,21,0.25,0.0555555555555556,8.92114436798021,8.63877476266821,11.8287671128697,21.4413821895971,31.1221208572737,34.8540532889787,4,18,0,0.433333333333334,1,1
729,"sim_0729",77147441,20260730,"broad_lhs",,"continuous_lhs",TRUE,FALSE,"completed","2026-08-05 02:24:07.289248 +0200","2026-08-05 02:24:09.221919 +0200",1.932,10,,,TRUE,"completed",10,0.166377504115917,0.0366755756311685,0.0113323232767412,0.257753112811629,118.122155705943,0.503959087877251,0.0632149363555078,0.214488447766117,0.123504865622205,8,1,20,5,0.0355555555555556,5,20,7,27,0.888888888888889,0.32,0.50498450917368,28.0560233191426,7.91037636933596,9.96018962705592,46.1096993611216,25.7233183393987,9,25,0,2,3,3
730,"sim_0730",77252170,20260730,"broad_lhs",,"continuous_lhs",TRUE,FALSE,"completed","2026-08-05 02:24:07.116521 +0200","2026-08-05 02:24:08.652257 +0200",1.535,10,,,TRUE,"completed",10,0.0838100355129077,0.116454311096064,0.0119406803686454,0.0800125743659308,58.4847114862667,0.806847161250849,0.146481669120167,0.0712899106614188,0.9709307872224,0,0,2,7,,,9,,,,0,0,0,0,28.9856668530539,16.6782710817671,0,0,9,0,0,0,0
731,"sim_0731",77356899,20260730,"broad_lhs",,"continuous_lhs",TRUE,FALSE,"completed","2026-08-05 02:24:06.013848 +0200","2026-08-05 02:24:07.586514 +0200",1.572,10,,,TRUE,"completed",10,0.138049190251437,0.496490784594422,0.0156689823890929,0.0429773328514431,61.343782190875,0.273365050634399,0.0167625014939202,0.143164854129621,0.334380629934295,0,0,1,4,,,5,,,,0,0,0,0,5.48141299629643,3.23062910471608,0,0,5,0,0,0,0
732,"sim_0732",77461628,20260730,"broad_lhs",,"continuous_lhs",TRUE,FALSE,"completed","2026-08-05 02:24:07.641642 +0200","2026-08-05 02:24:09.943004 +0200",2.301,10,,,TRUE,"completed",10,0.0524889650787994,0.54069153770172,0.0341416970581541,0.293832297021001,73.0019873781544,4.63039515148664,0.00535636209803876,0.0148344864265528,0.923600871562218,2,2,6,4,0.025,3,9,2,13,0.25,0.1,4.34214661330358,0,1.22170471815319,5.9547768015363,9.45472844424044,1.37408154373365,4,10,0,1,1,1
733,"sim_0733",77566357,20260730,"broad_lhs",,"continuous_lhs",TRUE,FALSE,"completed","2026-08-05 02:24:07.040620 +0200","2026-08-05 02:24:09.790051 +0200",2.749,10,,,TRUE,"completed",10,0.252849957838244,0.366714453487806,0.0276095841579046,0.719840871762136,101.637858114495,12.0516214054198,0.00541813203813638,0.13012499077763,0.0609161333140481,4,1,17,2,0.105263157894737,2,12,7,16,2,0.526315789473684,0.124834563486379,15.0532941982255,3.84763620250219,0.3218534159417,26.0408271688262,21.1879006623294,5,19,0,2.46666666666667,4,4
734,"sim_0734",77671086,20260730,"broad_lhs",,"continuous_lhs",TRUE,FALSE,"completed","2026-08-05 02:24:07.737686 +0200","2026-08-05 02:24:09.323067 +0200",1.585,10,,,TRUE,"completed",10,0.0744096575316364,0.0428900664885668,0.0209888481969308,0.771252865771554,54.4467022762737,0.41781218687585,0.00605627531359135,0.143504047233275,0.165275006290452,7,0,12,0,0.0119047619047619,6,11,2,18,0.142857142857143,0.0833333333333333,0,23.6051290948747,10.3850310993592,0,71.0907768946954,0,7,12,0,0.733333333333334,1,1
735,"sim_0735",77775815,20260730,"broad_lhs",,"continuous_lhs",TRUE,FALSE,"completed","2026-08-05 02:24:08.722566 +0200","2026-08-05 02:24:11.408465 +0200",2.686,10,,,TRUE,"completed",10,0.0465222515101439,0.492761070560312,0.178563863351173,0.0370641712418208,48.0995997822533,5.44967280472794,0.110756183441566,0.217639384091987,0.064501253161149,0,6,3,9,0.138888888888889,2,2,7,8,1.66666666666667,0.833333333333333,8.50426790193024,0,0,13.0995588540198,4.72504055513063,4.68276645880045,6,12,1,1.83333333333334,6,6
736,"sim_0736",77880544,20260730,"broad_lhs",,"continuous_lhs",TRUE,FALSE,"completed","2026-08-05 02:24:11.109272 +0200","2026-08-05 02:24:13.028197 +0200",1.919,10,,,TRUE,"completed",10,0.144814926147547,0.0684994600475424,0.168995104263056,0.0700188247947048,46.9136138224146,1.22569422292194,0.00886047927233477,0.0366220254876599,1.28207016696712,5,8,8,18,0.0266272189349112,7,19,6,30,0.692307692307692,0.346153846153846,32.1125270953819,19.8396460286377,9.02064056909703,94.8957845553654,49.089292219289,0,13,26,0,1.73333333333333,3,3
737,"sim_0737",77985273,20260730,"broad_lhs",,"continuous_lhs",TRUE,FALSE,"completed","2026-08-05 02:24:12.463675 +0200","2026-08-05 02:25:46.075958 +0200",93.612,10,,,TRUE,"completed",10,0.696390641126113,0.0498962195285049,0.0130747029318448,0.0578932084052635,119.322197902203,38.794094376592,0.00861587328221118,0.249055480659073,0.35197090609775,426,0,591,5,0.610261681948514,3,17,1002,21,363.715962441315,259.971476510067,0,0,625.86828181185,13.9210227232282,21.7292100524865,903.967104085422,426,596,326,458,482,491
738,"sim_0738",78090002,20260730,"broad_lhs",,"continuous_lhs",TRUE,FALSE,"completed","2026-08-05 02:24:15.670546 +0200","2026-08-05 02:24:25.960636 +0200",10.29,10,,,TRUE,"completed",10,0.694988186808664,0.454348822067878,0.128276403738641,0.0543885180789981,88.5228995512343,32.6282364641443,0.00954383055469088,0.228734125481181,0.182563375792025,69,2,52,16,0.358326429163215,0,6,97,12,24.3661971830986,25.4411764705882,0.472002667063111,15.1278425145372,99.1742980248015,23.9340041313179,48.4655465259043,62.8334957221192,71,68,37,42,43,43
740,"sim_0740",78299460,20260730,"broad_lhs",,"continuous_lhs",TRUE,FALSE,"completed","2026-08-05 02:24:17.198431 +0200","2026-08-05 02:24:23.590586 +0200",6.393,10,,,TRUE,"completed",10,0.075182460935198,0.287920045944756,0.0827603810619439,0.226329898265541,115.459578060938,37.1278341758512,0.0352954017826462,0.128614814459191,0.0527021353188376,22,6,29,27,0.0478316326530612,7,13,26,25,2.67857142857143,1.33928571428571,10.419411153982,74.7618553443766,20.0922901987847,48.1462764849846,96.3919294617843,17.9013782151549,28,56,1,4,10.94,12
741,"sim_0741",78404189,20260730,"broad_lhs",,"continuous_lhs",TRUE,FALSE,"completed","2026-08-05 02:24:18.086704 +0200","2026-08-05 02:24:19.799845 +0200",1.713,10,,,TRUE,"completed",10,0.346895864189248,0.0335393404007177,0.0162589044100598,0.238598299950106,62.6900931093842,35.7911858533435,0.0888180074621894,0.136376869393086,0.623760870770762,4,1,8,5,0.0461538461538462,4,10,4,15,0.6,0.230769230769231,6.33276324784516,10.2985297877838,8.89248927094,13.8029187274469,11.493646847434,22.2503916912872,5,13,0,1,3,3
742,"sim_0742",78508918,20260730,"broad_lhs",,"continuous_lhs",TRUE,FALSE,"completed","2026-08-05 02:24:16.657879 +0200","2026-08-05 02:24:19.169574 +0200",2.512,10,,,TRUE,"completed",10,0.307483405535821,0.089429051554197,0.0248663114516685,0.419452223644507,72.9694471525649,1.01853211639215,0.0264939275185188,0.197553363482067,0.744086837125192,12,0,23,3,0.00961538461538462,9,23,2,35,0.25,0.115384615384615,0,18.9723470627687,35.1834580463059,8.1126316990118,110.740568755227,22.148169721754,12,26,0,1,1,1
743,"sim_0743",78613647,20260730,"broad_lhs",,"continuous_lhs",TRUE,FALSE,"completed","2026-08-05 02:24:17.068139 +0200","2026-08-05 02:24:23.092311 +0200",6.024,10,,,TRUE,"completed",10,0.199364699496129,0.037090860035998,0.185939383798395,0.0924968439636068,112.603948553817,0.709348918403488,0.0874757567552993,0.0200584101284363,1.14441867345928,69,13,77,21,0.226854156296665,8,15,148,26,22.2317073170732,18.6020408163265,67.1025480776791,58.0350479138091,388.538501362095,175.945508943142,186.552028831498,395.937422273731,82,98,26,39.6333333333333,44.8633333333333,49
744,"sim_0744",78718376,20260730,"broad_lhs",,"continuous_lhs",TRUE,FALSE,"completed","2026-08-05 02:24:19.212318 +0200","2026-08-05 02:24:30.563272 +0200",11.35,10,,,TRUE,"completed",10,0.130915689905425,0.0332572069698766,0.153630089699242,0.638423958533735,117.39786779955,8.56723040712495,0.0462777742534673,0.243576646436122,1.26322927256851,122,3,152,9,0.189813664596273,3,6,277,10,30.56,23.7267080745342,6.09490262748621,105.820505546883,611.072263404232,13.0691714274434,326.69053158554,580.885635145566,125,161,29,47.0333333333334,60,63
745,"sim_0745",78823105,20260730,"broad_lhs",,"continuous_lhs",TRUE,FALSE,"completed","2026-08-05 02:24:19.385412 +0200","2026-08-05 02:24:21.314882 +0200",1.929,10,,,TRUE,"completed",10,0.0589601859864345,0.388941344031845,0.0122671558006857,0.425003712634428,73.2199379421978,28.3209020893669,0.0714519812901179,0.178085252803414,0.967107936531714,1,0,0,1,,1,1,1,2,0,0,0,0.7046083608291,0,4.18746456019356,0,0,1,1,0,0,0,0
746,"sim_0746",78927834,20260730,"broad_lhs",,"continuous_lhs",TRUE,FALSE,"completed","2026-08-05 02:24:17.700959 +0200","2026-08-05 02:24:20.519726 +0200",2.819,10,,,TRUE,"completed",10,0.26528431724398,0.405110620846148,0.18550055745829,0.598792993198871,46.4919246035732,6.33710317331105,0.0490436535625591,0.239008281638445,0.202609665332037,4,4,9,8,0.0735294117647059,3,10,6,16,1.25,0.588235294117647,1.34674629799045,12.5565672059149,4.83967667906267,5.52968674054567,17.9427759363561,1.66101952433881,8,17,1.77635683940025e-15,2,4,4
747,"sim_0747",79032563,20260730,"broad_lhs",,"continuous_lhs",TRUE,FALSE,"completed","2026-08-05 02:24:17.699631 +0200","2026-08-05 02:24:19.233388 +0200",1.534,10,,,TRUE,"completed",10,0.481084008304349,0.0304397463265992,0.0423326225186695,0.0522641533453802,55.3067094250065,0.618041996115123,0.0974212863039222,0.0468991664040368,1.31653601185404,8,3,11,12,0.0632411067193676,5,14,9,23,1.45454545454545,0.695652173913043,17.3317042801165,19.6684782560854,21.5182915491627,68.9436276711047,6.55413056548239,61.0124349107367,11,23,0,3.23333333333333,5,5
748,"sim_0748",79137292,20260730,"broad_lhs",,"continuous_lhs",TRUE,FALSE,"completed","2026-08-05 02:24:20.565795 +0200","2026-08-05 02:24:22.629484 +0200",2.064,10,,,TRUE,"completed",10,0.731350360546933,0.394248221122984,0.016870766128038,0.486362224932669,69.0585928787995,19.015826228388,0.125215621267012,0.0232371594926937,0.202331118615961,0,0,5,1,,,6,,,,0,0,0,0,1.29551424876522,19.7504838415286,4.79546390453533,0,6,0,0,0,0
749,"sim_0749",79242021,20260730,"broad_lhs",,"continuous_lhs",TRUE,FALSE,"completed","2026-08-05 02:24:21.402765 +0200","2026-08-05 02:24:23.900659 +0200",2.497,10,,,TRUE,"completed",10,0.0471546381835064,0.289813491086554,0.195640475309555,0.0478765465057304,48.8361783302907,0.512597889017093,0.00502355811653836,0.175872088321808,1.37469862046656,2,8,4,10,0.0428571428571429,5,10,5,18,0.6,0.428571428571429,14.9951809385181,0,5.09345312026147,26.9829469997745,4.97469347427165,6.3592345224504,10,14,0,2,2,2
750,"sim_0750",79346750,20260730,"broad_lhs",,"continuous_lhs",TRUE,FALSE,"completed","2026-08-05 02:24:24.525081 +0200","2026-08-05 02:27:03.089423 +0200",158.564,10,,,TRUE,"completed",10,0.446013245968019,0.156927096689887,0.042011854700093,0.277983474579978,114.747361003359,9.24092594224524,0.00516300941759911,0.0699033653985114,0.775839245034705,467,2,465,1,0.730780493607987,1,3,931,5,340.543710021322,342.736051502146,0.718929129639169,9.14211229552556,1071.02860278996,6.75956194122487,99.9340805494488,1124.52666709581,469,466,396,432.133333333333,446,448
751,"sim_0751",79451479,20260730,"broad_lhs",,"continuous_lhs",TRUE,FALSE,"completed","2026-08-05 02:24:25.563835 +0200","2026-08-05 02:24:27.176107 +0200",1.612,10,,,TRUE,"completed",10,0.65000751167388,0.0998846305021731,0.0555308886175187,0.208324503313955,41.5802404517308,0.33595820169018,0.0643190272597423,0.0515565984456852,0.0573609858008307,2,0,6,5,0,2,11,1,13,0,0,0,14.3880008639897,0,16.6680628580661,31.1170248017958,9.99015599393653,2,11,0,0,0,0
752,"sim_0752",79556208,20260730,"broad_lhs",,"continuous_lhs",TRUE,FALSE,"completed","2026-08-05 02:24:26.149235 +0200","2026-08-05 02:24:30.552019 +0200",4.403,10,,,TRUE,"completed",10,0.57520241931875,0.0876980747853689,0.197092998574566,0.604188977954967,78.0706547724704,0.421807548071308,0.00704372772040089,0.00527026097671801,0.0586885686172564,29,3,44,9,0.0288915094339623,9,24,15,44,1.53125,0.924528301886792,1.63215254668004,88.8627877223131,82.9344257138484,7.60129784073014,247.654767601612,63.5265903989719,32,53,1,3,5.81333333333333,6
753,"sim_0753",79660937,20260730,"broad_lhs",,"continuous_lhs",TRUE,FALSE,"completed","2026-08-05 02:24:28.255333 +0200","2026-08-05 02:24:29.861000 +0200",1.606,10,,,TRUE,"completed",10,0.285812980907628,0.0313375619755885,0.0176365913726308,0.058456395101994,51.5173321800513,2.71263844325386,0.00547680220449011,0.241033830904441,0.0753039406517779,2,1,11,4,0,3,15,1,18,0,0,1.28347841091136,0,10.3369433353177,16.07585031031,28.1652773459567,28.53285931374,3,15,0,0,0,0
754,"sim_0754",79765666,20260730,"broad_lhs",,"continuous_lhs",TRUE,FALSE,"completed","2026-08-05 02:24:28.153846 +0200","2026-08-05 02:24:30.138078 +0200",1.984,10,,,TRUE,"completed",10,0.0475850551947617,0.371087576813657,0.0104369894102723,0.77558090815696,109.083811081677,0.538594692840177,0.102110520148091,0.178004056626038,0.136499959922878,1,0,5,4,,1,9,1,10,0,0,0,1.6312045978685,0,2.59106026832746,19.842456170653,0,1,9,0,0,0,0
755,"sim_0755",79870395,20260730,"broad_lhs",,"continuous_lhs",TRUE,FALSE,"completed","2026-08-05 02:24:28.650401 +0200","2026-08-05 02:24:31.538656 +0200",2.888,10,,,TRUE,"completed",10,0.543775965766196,0.345983223438267,0.0137441237458868,0.0366142564647559,91.3931778874455,6.31477514064107,0.0363999761276354,0.248141588806175,0.510200545441432,26,2,25,0,0.268571428571429,3,6,38,12,6.71428571428571,7.52,7.01746870820769,6.17098469251915,39.6603853611942,0,4.40967983574645,47.7360742337901,28,25,8,13,16,16
756,"sim_0756",79975124,20260730,"broad_lhs",,"continuous_lhs",TRUE,FALSE,"completed","2026-08-05 02:24:29.621513 +0200","2026-08-05 02:24:31.033649 +0200",1.412,10,,,TRUE,"completed",10,0.0520071507190203,0.0334026681601259,0.0101895386884263,0.0958370881793107,57.6209312434412,2.71757826723188,0.0401688868459461,0.00773258026947992,0.0767791971345702,0,2,1,7,0,2,8,1,10,0,0,5.29340712489082,0,0,24.9147302040061,9.07099621139179,0,2,8,0,0,0,0
757,"sim_0757",80079853,20260730,"broad_lhs",,"continuous_lhs",TRUE,FALSE,"completed","2026-08-05 02:24:29.138842 +0200","2026-08-05 02:24:31.014176 +0200",1.875,10,,,TRUE,"completed",10,0.0612417162541996,0.387852104968853,0.0112038190058548,0.559797796963316,114.237579720509,10.5578745164917,0.116554956941935,0.0290209832608363,0.0553165471834845,0,2,2,3,0.1,1,4,2,6,0.5,0.2,1.5982068904682,0,0,2.72611823480556,6.79607556282958,0,2,5,0,1,1,1
758,"sim_0758",80184582,20260730,"broad_lhs",,"continuous_lhs",TRUE,FALSE,"completed","2026-08-05 02:24:29.145056 +0200","2026-08-05 02:24:31.002259 +0200",1.857,10,,,TRUE,"completed",10,0.0438564906678345,0.0490425311232566,0.0385230957887642,0.68872021590655,51.6642367958402,8.91364427468811,0.00693675566687945,0.224702792609718,0.763339989627934,2,0,16,3,0.131578947368421,0,14,5,16,2.5,0.263157894736842,0,12.030185830819,0,2.98100381674822,81.5530740166488,0,2,19,0,1,4,4
759,"sim_0759",80289311,20260730,"broad_lhs",,"continuous_lhs",TRUE,FALSE,"completed","2026-08-05 02:24:30.074724 +0200","2026-08-05 02:24:38.120785 +0200",8.046,10,,,TRUE,"completed",10,0.0559461555561529,0.2553457389749,0.173880703600455,0.300940712939483,119.896900607045,0.646719418955454,0.00625707349810161,0.239417963573037,0.339936246421882,21,7,46,24,0.0346938775510204,7,31,20,47,2.42857142857143,0.971428571428571,8.71082507251209,45.3368384866459,55.7406473980458,47.6729565862558,200.909907287071,68.909635137616,28,70,1,3.83333333333334,9.68333333333334,10
760,"sim_0760",80394040,20260730,"broad_lhs",,"continuous_lhs",TRUE,FALSE,"completed","2026-08-05 02:24:31.474044 +0200","2026-08-05 02:24:43.332035 +0200",11.858,10,,,TRUE,"completed",10,0.747313431574123,0.223429216072604,0.0266799870780562,0.10417932430406,114.077382172458,0.350898925694288,0.0421294393875676,0.0390937551471224,1.48367696373212,106,3,104,2,0.687900294270383,2,4,209,7,72.9174311926605,74.9811320754717,19.1002031617854,0,489.36934264941,14.0108471294555,8.34980990433231,459.060242945675,109,106,81,91,96.5133333333333,98
761,"sim_0761",80498769,20260730,"broad_lhs",,"continuous_lhs",TRUE,FALSE,"completed","2026-08-05 02:24:30.844393 +0200","2026-08-05 02:24:32.770014 +0200",1.925,10,,,TRUE,"completed",10,0.672044826115396,0.0301950319787521,0.0730589646683732,0.06834567997178,46.5854562687377,12.8709286124237,0.0053901314955532,0.125491213623577,0.990203497701491,10,2,16,15,0.228494623655914,2,18,23,21,7.08333333333333,2.74193548387097,0.86289911584568,0,27.8917414863607,57.0792452451165,37.3842231057835,38.7139027051877,12,31,1,10,10,10
762,"sim_0762",80603498,20260730,"broad_lhs",,"continuous_lhs",TRUE,FALSE,"completed","2026-08-05 02:24:30.789340 +0200","2026-08-05 02:24:33.678589 +0200",2.889,10,,,TRUE,"completed",10,0.634801564216776,0.51288535345506,0.0118443780300026,0.714501049390344,115.70441884771,35.6627646052007,0.0552124182699085,0.158962466959945,0.0890041358044968,2,1,5,3,0,3,8,1,11,0,0,0.113536746297751,0,7.43896496914794,0.573028465570941,10.3962907422249,12.3553315769341,3,8,0,0,0,0
763,"sim_0763",80708227,20260730,"broad_lhs",,"continuous_lhs",TRUE,FALSE,"completed","2026-08-05 02:24:30.753057 +0200","2026-08-05 02:24:37.978664 +0200",7.226,10,,,TRUE,"completed",10,0.780349048916862,0.437065004267156,0.0608212945316248,0.0356279181935223,110.471315045262,7.08929727440908,0.146829812622262,0.23816242448313,0.060769758264404,42,5,51,16,0.149571292473801,5,18,60,27,10.0212765957447,7.02985074626866,5.714054498109,6.62102954238762,91.9883459094346,28.2261349845327,29.3748316048504,95.9278269606895,47,67,3.50000000000001,21,29,29
764,"sim_0764",80812956,20260730,"broad_lhs",,"continuous_lhs",TRUE,FALSE,"completed","2026-08-05 02:24:30.496410 +0200","2026-08-05 02:24:38.022315 +0200",7.526,10,,,TRUE,"completed",10,0.487622772333168,0.0867169839006555,0.107846168511231,0.507046662227727,115.166082527364,0.270235001779335,0.0156817694972344,0.21809758832426,0.168759156049803,63,4,79,6,0.0825285338015803,10,24,116,36,7.01492537313433,5.52941176470588,10.9893790905908,35.4348886239034,248.435134754962,15.2772878675641,245.624324015378,230.722285189518,67,85,3,16,27.8599999999999,33
765,"sim_0765",80917685,20260730,"broad_lhs",,"continuous_lhs",TRUE,FALSE,"completed","2026-08-05 02:24:32.004854 +0200","2026-08-05 02:24:36.460376 +0200",4.456,10,,,TRUE,"completed",10,0.590693278490894,0.359380848720712,0.148794483418737,0.705784475953677,60.6551446921089,7.91014917032344,0.0276533189992863,0.0228771892365249,0.0822758668098544,11,3,20,3,0.0372670807453416,6,15,6,25,0.857142857142857,0.521739130434783,3.35646806267073,11.1427134903503,14.9625638880614,3.91614802820687,50.3284403770036,19.7573920217075,14,23,0,1,5,5
767,"sim_0767",81127143,20260730,"broad_lhs",,"continuous_lhs",TRUE,FALSE,"completed","2026-08-05 02:24:32.421018 +0200","2026-08-05 02:24:34.233836 +0200",1.813,10,,,TRUE,"completed",10,0.0729968772415885,0.187128856733886,0.0110559813821054,0.0328554638292251,118.681080324989,7.08252140160804,0.00545766844502619,0.12216507104012,1.19587923778868,1,2,7,15,0.0151515151515152,2,21,2,24,0.333333333333333,0.0454545454545455,9.82666002103791,1.98423095218103,0,39.8144682961237,28.1426707948994,1.88705978417763,3,22,0,0.133333333333336,1,1
768,"sim_0768",81231872,20260730,"broad_lhs",,"continuous_lhs",TRUE,FALSE,"completed","2026-08-05 02:24:34.943405 +0200","2026-08-05 02:24:36.411340 +0200",1.468,10,,,TRUE,"completed",10,0.7983427325513,0.525775530057325,0.0116727516937202,0.044194550923573,53.2070633358219,0.772564148585423,0.0837824434681611,0.013564357992792,0.126659117663007,0,0,0,4,,,4,,,,0,0,0,0,7.69639676357337,0,0,0,4,0,0,0,0
769,"sim_0769",81336601,20260730,"broad_lhs",,"continuous_lhs",TRUE,FALSE,"completed","2026-08-05 02:24:38.618986 +0200","2026-08-05 02:25:16.937842 +0200",38.319,10,,,TRUE,"completed",10,0.463776600573788,0.0781793292636282,0.164870377379493,0.0428358261241125,69.3504559513181,30.3900987153929,0.0513413708816031,0.230237391746616,1.36583687661862,282,13,434,41,0.207600356824264,0,0,770,1,98.6101694915254,61.2421052631579,21.8346482018443,12.8459365058628,629.86057043995,131.039401105258,53.7580103611318,898.904919294382,295,475,61,144,234,236
770,"sim_0770",81441330,20260730,"broad_lhs",,"continuous_lhs",TRUE,FALSE,"completed","2026-08-05 02:24:41.519307 +0200","2026-08-05 02:24:44.217483 +0200",2.698,10,,,TRUE,"completed",10,0.26932723504725,0.485685384122902,0.133249461436707,0.603830773145913,45.5885320660348,0.256615717716468,0.10642655508179,0.00086265477047871,1.2682251574489,4,1,5,6,0,5,11,1,16,0,0,0.66914110572754,5.29720743521715,0.669902183134921,2.45131019423833,15.1189329495695,0,5,11,0,0,0,0
771,"sim_0771",81546059,20260730,"broad_lhs",,"continuous_lhs",TRUE,FALSE,"completed","2026-08-05 02:24:41.205960 +0200","2026-08-05 02:24:42.745068 +0200",1.539,10,,,TRUE,"completed",10,0.0403222970551393,0.257131015277922,0.0112607640507383,0.0459039680773574,61.7111047213897,10.3167538325784,0.00617457951772957,0.184899483441129,0.0561351164110922,0,0,1,0,,,1,,,,0,0,0,0,0,7.56359899753272,0,0,1,0,0,0,0
772,"sim_0772",81650788,20260730,"broad_lhs",,"continuous_lhs",TRUE,FALSE,"completed","2026-08-05 02:24:41.067402 +0200","2026-08-05 02:24:42.935558 +0200",1.868,10,,,TRUE,"completed",10,0.088643292980848,0.0364877726597934,0.0703596153180492,0.694617401568933,46.3830205183476,4.09335738252514,0.148917178718886,0.126922662271536,0.95565885979914,10,4,17,1,0.00793650793650794,12,16,2,30,0.142857142857143,0.111111111111111,3.38815083706519,13.6149466430894,24.8447014490732,0.69843018309394,113.451411718826,0,14,18,0,1,1,1
773,"sim_0773",81755517,20260730,"broad_lhs",,"continuous_lhs",TRUE,FALSE,"completed","2026-08-05 02:24:43.458306 +0200","2026-08-05 02:24:45.428611 +0200",1.97,10,,,TRUE,"completed",10,0.0445725549957966,0.117596997985486,0.0180412694636059,0.742635360798837,78.5330492504148,37.7958332437444,0.00931315195100826,0.0097324622242013,0.0669961468899549,6,0,17,3,0.116666666666667,1,12,7,16,2.33333333333333,0.7,0,15.6341870546913,7.38177072888641,4.60900470717913,74.5049691372495,1.65946180888636,6,20,0.500000000000002,3,4,4
774,"sim_0774",81860246,20260730,"broad_lhs",,"continuous_lhs",TRUE,FALSE,"completed","2026-08-05 02:24:43.462378 +0200","2026-08-05 02:24:52.086291 +0200",8.624,10,,,TRUE,"completed",10,0.630760986948014,0.0411468843103817,0.140093871249297,0.198892324877173,86.2615379083488,10.7439767537946,0.0380554198080824,0.0994390418797007,0.0500415125619294,128,7,129,11,0.250687830687831,5,14,254,21,35.0962962962963,33.8428571428571,31.669214419891,87.4447468617231,272.097846399493,32.1668747007785,245.175769882617,281.479267918793,135,140,43,59,66.8266666666667,67
775,"sim_0775",81964975,20260730,"broad_lhs",,"continuous_lhs",TRUE,FALSE,"completed","2026-08-05 02:24:44.170462 +0200","2026-08-05 02:24:46.053287 +0200",1.883,10,,,TRUE,"completed",10,0.255893228682761,0.0605514159984323,0.0291653150853179,0.0336063373986302,57.317830267176,28.9745737402932,0.041362755442055,0.0458278486450824,0.0514411654723515,10,5,14,18,0.183333333333333,0,11,25,14,5.86666666666667,2.75,15.8106632936708,0,39.0647368435021,70.5091887147971,16.8757579861524,34.8060696869983,15,32,2,7,12,12
776,"sim_0776",82069704,20260730,"broad_lhs",,"continuous_lhs",TRUE,FALSE,"completed","2026-08-05 02:24:44.124946 +0200","2026-08-05 02:24:45.676241 +0200",1.552,10,,,TRUE,"completed",10,0.414628695884389,0.119371193549127,0.0294845912299944,0.0475706571352549,41.4391729713314,0.846646604985443,0.136886069145278,0.231702844323267,1.41020386627124,0,3,5,10,0.0444444444444444,2,13,3,16,0.666666666666667,0.133333333333333,16.9132712036273,0,0,36.8687027852935,8.56844679378765,12.6125528924541,3,15,0,1,2,2
777,"sim_0777",82174433,20260730,"broad_lhs",,"continuous_lhs",TRUE,FALSE,"completed","2026-08-05 02:24:45.305530 +0200","2026-08-05 02:24:48.712377 +0200",3.407,10,,,TRUE,"completed",10,0.0452835378512145,0.0771793504636884,0.130342652136189,0.0762913751812144,92.0665017934516,3.02037690802492,0.00741786903013828,0.104854487215828,0.117722795129496,15,10,18,41,0.04,6,30,20,42,2.36,1,24.7432986526037,34.2482532336225,41.103055823114,149.798172405875,99.9669916362509,24.317435857111,25,59,1,4,6.82333333333334,7
778,"sim_0778",82279162,20260730,"broad_lhs",,"continuous_lhs",TRUE,FALSE,"completed","2026-08-05 02:24:45.258913 +0200","2026-08-05 02:24:55.420549 +0200",10.162,10,,,TRUE,"completed",10,0.111205362316772,0.0329661495201276,0.12951986298058,0.374966755610125,118.986439237226,27.3757923288188,0.00654744054297875,0.00853633196759296,0.485664350691962,99,11,179,24,0.149932825794895,2,5,306,8,30.4363636363636,16.4926108374384,15.3260058141281,98.8742199811592,357.925060325841,52.7171191157102,383.590137192674,546.372358332027,110,203,16,43.3333333333334,103.533333333333,107
779,"sim_0779",82383891,20260730,"broad_lhs",,"continuous_lhs",TRUE,FALSE,"completed","2026-08-05 02:24:47.319711 +0200","2026-08-05 02:25:00.006972 +0200",12.687,10,,,TRUE,"completed",10,0.235491747124549,0.266376788771221,0.199823563177663,0.403771507534359,90.2972053391445,21.8409675372662,0.0118110365047908,0.249702339637895,1.08995339538149,43,9,53,26,0.110272638753651,1,1,121,5,8.71153846153846,5.73417721518987,12.6340858050309,62.0061915699503,107.40229825358,26.4333189123529,73.5455696993314,109.136427104394,52,79,5,13,23,23
780,"sim_0780",82488620,20260730,"broad_lhs",,"continuous_lhs",TRUE,FALSE,"completed","2026-08-05 02:24:48.452752 +0200","2026-08-05 02:24:50.762509 +0200",2.31,10,,,TRUE,"completed",10,0.311333709998639,0.181870321578376,0.0185958462850829,0.0391820162363046,103.912861311187,0.921532812318889,0.00552860917728465,0.11343189194404,0.064819499873788,4,2,10,13,0.0072463768115942,5,22,2,28,0.166666666666667,0.0434782608695652,0.99251396832646,17.4286218480209,3.44661019020482,47.7800194188583,11.5078337356587,16.1629692071436,6,23,0,0,1,1
781,"sim_0781",82593349,20260730,"broad_lhs",,"continuous_lhs",TRUE,FALSE,"completed","2026-08-05 02:24:50.205417 +0200","2026-08-05 02:24:54.859413 +0200",4.654,10,,,TRUE,"completed",10,0.0503349825917294,0.0871851701716461,0.0177799903083953,0.172951004204965,109.614283163825,37.8672077524791,0.0378274366846675,0.0183883407375672,1.04087270090919,73,2,89,13,0.47281045751634,1,16,158,19,48.2266666666667,35.4607843137255,7.95020037725701,5.05759649311901,184.552480526554,68.4917599736903,51.663347753641,202.949161565811,75,102,47,57.9333333333333,72,72
782,"sim_0782",82698078,20260730,"broad_lhs",,"continuous_lhs",TRUE,FALSE,"completed","2026-08-05 02:24:49.967517 +0200","2026-08-05 02:24:54.043146 +0200",4.076,10,,,TRUE,"completed",10,0.147952043123681,0.578953986535562,0.170547855174851,0.0345855733813217,59.009554994127,32.1311191522697,0.0485375736522566,0.148704448439336,0.45820078622843,2,11,3,27,0.0871794871794872,2,9,21,14,2.61538461538462,1.13333333333333,21.7491125541198,3.12580622616383,0,51.6663115743738,17.0172173191504,0,13,30,1,3.33333333333334,11,11
783,"sim_0783",82802807,20260730,"broad_lhs",,"continuous_lhs",TRUE,FALSE,"completed","2026-08-05 02:24:53.535827 +0200","2026-08-05 02:24:55.589204 +0200",2.054,10,,,TRUE,"completed",10,0.0586742936404239,0.07645183171022,0.0842791663341463,0.0866393193632962,51.8228038280581,13.1607951026218,0.11957636471238,0.0301807426826821,0.328981786287065,3,6,14,9,0.0531400966183575,4,15,6,22,1.22222222222222,0.478260869565217,24.4617569824952,2.54061380834957,5.3355749842583,39.1035353562241,50.4878549784724,23.9035609104078,9,23,0,2.43333333333333,3,3
784,"sim_0784",82907536,20260730,"broad_lhs",,"continuous_lhs",TRUE,FALSE,"completed","2026-08-05 02:24:53.055243 +0200","2026-08-05 02:25:01.912151 +0200",8.857,10,,,TRUE,"completed",10,0.718396150172684,0.563116776158741,0.14868954938991,0.243724108916175,86.7078942977927,0.531337015874324,0.086205866983108,0.170645428618364,0.842452245122481,60,3,63,6,0.455026455026455,7,14,109,23,31.3968253968254,28.6666666666667,7.17972053202111,26.561229779745,102.625744272407,15.6170769045608,55.5907160761637,79.9520472786985,63,69,37,45.4333333333333,50.3433333333333,51
785,"sim_0785",83012265,20260730,"broad_lhs",,"continuous_lhs",TRUE,FALSE,"completed","2026-08-05 02:24:52.926615 +0200","2026-08-05 02:24:54.428246 +0200",1.502,10,,,TRUE,"completed",10,0.583552232354086,0.0357332771499942,0.0129392699826994,0.131389604768139,53.4661238451799,0.39904328895213,0.106307813161585,0.22666103531406,0.112952473819821,1,1,4,7,0.0454545454545455,1,10,2,12,0.5,0.0909090909090909,6.23476830364948,4.26892219483893,0,17.0454178873383,17.3244074589461,6.00349927991005,2,11,0,1,1,1
786,"sim_0786",83116994,20260730,"broad_lhs",,"continuous_lhs",TRUE,FALSE,"completed","2026-08-05 02:24:53.177691 +0200","2026-08-05 02:24:54.874210 +0200",1.696,10,,,TRUE,"completed",10,0.635917962768196,0.567572476806503,0.0202742674429827,0.569416157015818,49.9390469836278,33.5708311394461,0.0277191407158646,0.204097293127108,0.0603781798494439,0,1,4,2,,1,6,1,7,0,0,0.26192513811651,0,0,2.00889450202151,11.8239260970792,0,1,6,0,0,0,0
787,"sim_0787",83221723,20260730,"broad_lhs",,"continuous_lhs",TRUE,FALSE,"completed","2026-08-05 02:24:53.005506 +0200","2026-08-05 02:24:55.080096 +0200",2.074,10,,,TRUE,"completed",10,0.123120354530036,0.0422142735592319,0.0321252352445792,0.0301998017721649,101.693767725055,0.328053369599689,0.1418849803776,0.21604600278583,0.253894301060746,6,8,21,29,0.05,4,30,21,38,2.5,0.7,28.2975228599025,0,18.3454910025318,132.961451666993,38.0063393150353,61.2838180578667,14,50,0,3,8,8
788,"sim_0788",83326452,20260730,"broad_lhs",,"continuous_lhs",TRUE,FALSE,"completed","2026-08-05 02:24:53.225338 +0200","2026-08-05 02:24:56.021847 +0200",2.796,10,,,TRUE,"completed",10,0.618839342243165,0.384538402926199,0.0132699524191893,0.663463910656673,109.946756042188,0.544483796109192,0.107891926727312,0.0103446746151248,0.0643077784430389,16,0,15,0,0.279166666666667,4,6,21,11,4.1875,4.46666666666667,0,0.720641973970629,33.1975183670673,0,5.0101420246932,56.271464267729,16,15,5,8.53333333333333,12,12
789,"sim_0789",83431181,20260730,"broad_lhs",,"continuous_lhs",TRUE,FALSE,"completed","2026-08-05 02:24:51.161183 +0200","2026-08-05 02:24:52.653865 +0200",1.492,10,,,TRUE,"completed",10,0.598720181455209,0.163915552151672,0.010962584844207,0.71190084967523,65.9789042400196,1.31962264510897,0.00520966662587643,0.0221376122617059,1.13229494865006,5,1,3,2,0,6,5,1,11,0,0,0.66580079401492,0,29.3433799575056,4.76069175431502,9.04405994147649,0,6,5,0,0,0,0
790,"sim_0790",83535910,20260730,"broad_lhs",,"continuous_lhs",TRUE,FALSE,"completed","2026-08-05 02:24:51.997720 +0200","2026-08-05 02:24:53.911007 +0200",1.914,10,,,TRUE,"completed",10,0.101958326845847,0.0315822179713529,0.104380706366862,0.727779548445768,53.6154491889808,0.569568735315046,0.127479886864777,0.219874771627235,0.0563451319174988,16,1,29,3,0.0404411764705882,5,16,8,28,1.29411764705882,0.6875,1.28547212687929,61.5005938130153,17.5965072728292,5.94571239540091,211.089546656019,0,17,32,1,2,5,5
791,"sim_0791",83640639,20260730,"broad_lhs",,"continuous_lhs",TRUE,FALSE,"completed","2026-08-05 02:24:56.085709 +0200","2026-08-05 02:24:59.880168 +0200",3.795,10,,,TRUE,"completed",10,0.0400193219948416,0.190122584050818,0.0116148819900823,0.0316959511041904,112.331080601633,38.3094931718904,0.052143942238523,0.243144668234486,1.06538485496866,86,1,89,4,0.546409590903473,2,9,169,12,50.816091954023,47.5376344086022,0.37591110839001,3.73528011555118,55.3569462825902,16.6363670682433,16.0368202876735,70.433172330677,87,93,60,70,75.8633333333333,76
792,"sim_0792",83745368,20260730,"broad_lhs",,"continuous_lhs",TRUE,FALSE,"completed","2026-08-05 02:24:57.444391 +0200","2026-08-05 02:25:05.416157 +0200",7.971,10,,,TRUE,"completed",10,0.720431236466382,0.0677149669126195,0.0100012411160439,0.0526748030734538,118.002355100173,0.815156215856614,0.0117040113109103,0.188861691543651,1.02133093401418,109,2,107,6,0.51901458981105,1,23,200,25,58.6486486486486,57.6106194690265,13.6129962890249,0,264.529353257432,40.5831231269488,16.4234908957146,347.091340767552,111,113,66,87,89.4233333333333,95
793,"sim_0793",83850097,20260730,"broad_lhs",,"continuous_lhs",TRUE,FALSE,"completed","2026-08-05 02:24:57.734017 +0200","2026-08-05 02:25:00.671428 +0200",2.937,10,,,TRUE,"completed",10,0.143382962591833,0.162028295296721,0.15543834044621,0.63802237571775,46.4249164232156,17.7325026349116,0.00588527633796196,0.0347553635957108,0.63832679447632,13,1,20,5,0.108571428571429,3,6,15,12,2.71428571428571,1.52,0,20.5885788330575,23.9983989704597,5.40216380323187,79.1423127044507,12.5659761992378,14,25,2,5.73333333333333,7,7
794,"sim_0794",83954826,20260730,"broad_lhs",,"continuous_lhs",TRUE,FALSE,"completed","2026-08-05 02:24:59.209314 +0200","2026-08-05 02:28:28.258842 +0200",209.049,10,,,TRUE,"completed",10,0.647821796539073,0.0609851493205477,0.187361322762605,0.101886375654065,119.481881593892,14.7895672115872,0.00508137010832128,0.249770522079521,0.102289488546247,646,9,717,39,0.264717880366735,2,2,1407,5,200.126717557252,173.390211640212,19.8763553887993,90.9671408278543,1200.90426383991,137.238924242717,124.367267216739,1358.90809715504,655,756,201,329,343,345
795,"sim_0795",84059555,20260730,"broad_lhs",,"continuous_lhs",TRUE,FALSE,"completed","2026-08-05 02:24:59.377124 +0200","2026-08-05 02:25:05.163375 +0200",5.786,10,,,TRUE,"completed",10,0.109693034832895,0.431680041608905,0.100612694813443,0.51773947118807,107.775846808383,0.483766089985505,0.00779473021660022,0.0551415952652719,0.0628309243516725,8,3,25,11,0.0328282828282828,4,28,10,35,1.18181818181818,0.361111111111111,2.52539718542429,22.0427846306704,2.02961657190288,9.76184577368839,72.5712900003682,13.3632418652766,11,36,0,2,4,4
796,"sim_0796",84164284,20260730,"broad_lhs",,"continuous_lhs",TRUE,FALSE,"completed","2026-08-05 02:24:59.885679 +0200","2026-08-05 02:25:05.018007 +0200",5.132,10,,,TRUE,"completed",10,0.791849242797973,0.0398808766446183,0.0113844659167401,0.335682991425102,116.887910102949,12.4514017197364,0.0709552557428672,0.0443939454999054,1.43035834028541,104,0,124,2,0.33470695970696,21,40,165,64,42.1730769230769,34.8095238095238,0,1.16167782454932,140.319246229446,4.61572399100322,14.836673310589,209.341808084937,104,126,45,68,78.3633333333333,79
797,"sim_0797",84269013,20260730,"broad_lhs",,"continuous_lhs",TRUE,FALSE,"completed","2026-08-05 02:25:06.149001 +0200","2026-08-05 02:25:17.125959 +0200",10.977,10,,,TRUE,"completed",10,0.0758368750822656,0.0503008919911041,0.194849023064935,0.0315837303270214,119.054498859122,39.0735098557288,0.120881481767853,0.0774018787549964,0.794913824044183,101,43,121,104,0.21929012345679,1,0,368,2,49.3402777777778,31.5777777777778,132.038247106682,75.1133711257841,508.225960851188,354.857742867015,113.939270793733,637.418701274808,144,225,26,113,118.973333333333,127
798,"sim_0798",84373742,20260730,"broad_lhs",,"continuous_lhs",TRUE,FALSE,"completed","2026-08-05 02:25:07.100208 +0200","2026-08-05 02:25:10.921572 +0200",3.821,10,,,TRUE,"completed",10,0.298141410403613,0.101849134939297,0.0417273220176698,0.567715679308707,106.737088263676,4.18057994492618,0.148258744738546,0.214265668134968,0.0536393678579437,24,0,43,6,0.048469387755102,7,29,12,40,2.375,1.16326530612245,0,36.8818234232749,77.9194430480244,9.21581220301666,116.668112726916,112.592525717036,24,49,1,4,6,6
799,"sim_0799",84478471,20260730,"broad_lhs",,"continuous_lhs",TRUE,FALSE,"completed","2026-08-05 02:25:07.126008 +0200","2026-08-05 02:25:08.583295 +0200",1.457,10,,,TRUE,"completed",10,0.0443057759419365,0.0360565608127949,0.0237452245116478,0.0388864577168608,45.421146912107,1.98664484947205,0.0285260652060652,0.152599469366768,0.445368967924128,0,1,4,4,,1,8,1,9,0,0,9.78879890075436,0,0,16.5018662219474,16.6639733029597,10.9859057207578,1,8,0,0,0,0
800,"sim_0800",84583200,20260730,"broad_lhs",,"continuous_lhs",TRUE,FALSE,"completed","2026-08-05 02:25:06.248094 +0200","2026-08-05 02:25:08.506726 +0200",2.259,10,,,TRUE,"completed",10,0.140713705306251,0.410409326646736,0.0228653264406038,0.052558740695824,106.962785199636,0.476039527716752,0.0774164694051446,0.00477022426325776,0.0710050616450053,2,0,4,7,0.0454545454545455,1,10,2,12,0.5,0.0909090909090909,0,5.95237565776854,0,15.935687266519,3.45579563794228,6.40185552122754,2,11,0,1,1,1
801,"sim_0801",84687929,20260730,"broad_lhs",,"continuous_lhs",TRUE,FALSE,"completed","2026-08-05 02:25:09.417573 +0200","2026-08-05 02:25:13.883804 +0200",4.466,10,,,TRUE,"completed",10,0.0534311628417964,0.361360454145797,0.0871243714952587,0.032350413299282,89.3845859586986,0.276074911387833,0.0172554788896805,0.0125263864655022,1.1678803234778,51,4,52,14,0.362258953168044,3,14,97,21,23.9090909090909,19.9242424242424,9.02529997882304,5.61863483901553,52.5700341975119,26.0396408200893,9.00306781471364,53.2746730172713,55,66,27,37,40.4533333333333,41
802,"sim_0802",84792658,20260730,"broad_lhs",,"continuous_lhs",TRUE,FALSE,"completed","2026-08-05 02:25:08.235926 +0200","2026-08-05 02:25:10.848311 +0200",2.612,10,,,TRUE,"completed",10,0.068897076957191,0.034234378075187,0.025777053320716,0.0921917600252916,117.735058548633,16.5895258231847,0.0127318447034264,0.0139436765228553,0.0639923019912109,18,5,28,23,0.13384484228474,3,24,45,29,6.82608695652174,3.07843137254902,14.2896037545455,31.5849581358452,62.5674852874784,103.677166048164,103.184416450378,63.3844392840145,23,51,2,11.2333333333333,13,13
803,"sim_0803",84897387,20260730,"broad_lhs",,"continuous_lhs",TRUE,FALSE,"completed","2026-08-05 02:25:07.322183 +0200","2026-08-05 02:25:11.064961 +0200",3.743,10,,,TRUE,"completed",10,0.040218911151685,0.0487044323119848,0.070950672253502,0.280647439759734,88.7460900964629,1.00061009350102,0.0194380315651613,0.126294640956395,1.35867913210644,53,2,66,4,0.241558441558442,7,11,95,23,16.9090909090909,13.2857142857143,5.71876030855816,55.4316545997025,248.060154211195,24.4370343530884,211.945554587986,213.923212428111,55,70,18,29,33,33
804,"sim_0804",85002116,20260730,"broad_lhs",,"continuous_lhs",TRUE,FALSE,"completed","2026-08-05 02:25:09.227398 +0200","2026-08-05 02:25:13.494365 +0200",4.267,10,,,TRUE,"completed",10,0.0556030939767055,0.182542078183913,0.118440398886972,0.0306987567678488,102.123442261583,39.4899089220616,0.0101790867645492,0.241270185717149,0.0528750294546539,4,20,14,55,0.0646135265700483,4,15,65,22,4.45833333333333,1.55072463768116,49.9777985449252,7.95247329653835,7.26834815663767,189.353724248883,57.857519185477,16.18062206295,24,69,1,5,21.8,25
805,"sim_0805",85106845,20260730,"broad_lhs",,"continuous_lhs",TRUE,FALSE,"completed","2026-08-05 02:25:11.665948 +0200","2026-08-05 02:25:13.746611 +0200",2.081,10,,,TRUE,"completed",10,0.682322435167062,0.244691928381453,0.086069180848546,0.265190952902833,41.9068116780164,0.475422148667825,0.00983488817693812,0.204496364937513,0.0694528938587923,4,1,9,4,0,5,13,1,18,0,0,3.9888195707589,15.5185507451027,3.62544651787,16.1424574450588,24.4909456476727,19.5549146216886,5,13,0,0,0,0
806,"sim_0806",85211574,20260730,"broad_lhs",,"continuous_lhs",TRUE,FALSE,"completed","2026-08-05 02:25:11.687379 +0200","2026-08-05 02:25:17.140694 +0200",5.453,10,,,TRUE,"completed",10,0.665529768468675,0.395817549525137,0.164272497776693,0.05596130266869,47.6199924076597,20.2359433864623,0.00603661116955038,0.0111660997576029,1.44736223101661,29,4,43,11,0.450056116722783,1,0,76,4,24.3030303030303,14.8518518518519,3.82260069605145,21.6239602343312,45.6305078892982,16.6562601175145,17.8757098122168,76.1260913751075,33,54,16,47,47,47
807,"sim_0807",85316303,20260730,"broad_lhs",,"continuous_lhs",TRUE,FALSE,"completed","2026-08-05 02:25:13.916697 +0200","2026-08-05 02:25:25.930118 +0200",12.014,10,,,TRUE,"completed",10,0.0835039133453047,0.341987999050023,0.199312083899098,0.513735462548987,113.183387150388,2.01277312999833,0.100552189640407,0.0288053520562567,0.628290110893304,43,9,58,14,0.154113247863248,6,13,75,25,11.0961538461538,8.01388888888889,4.42322093844682,29.4357497090825,88.0049024194201,19.037373759859,94.4434053894289,120.437925606363,52,72,4,23,25,25
808,"sim_0808",85421032,20260730,"broad_lhs",,"continuous_lhs",TRUE,FALSE,"completed","2026-08-05 02:25:13.916346 +0200","2026-08-05 02:25:15.337195 +0200",1.421,10,,,TRUE,"completed",10,0.157742110428299,0.281938943415467,0.0135034701388591,0.193877084480797,42.6696048389499,11.617103880945,0.0220013282772922,0.057209862034134,0.300410467668351,0,0,2,1,,,3,,,,0,0,0,0,1.21576582226913,3.47044824457922,0,0,3,0,0,0,0
809,"sim_0809",85525761,20260730,"broad_lhs",,"continuous_lhs",TRUE,FALSE,"completed","2026-08-05 02:25:17.951650 +0200","2026-08-05 02:25:19.828025 +0200",1.876,10,,,TRUE,"completed",10,0.0741293709749699,0.239155802128172,0.0569579124822199,0.0329201721287388,48.3673775342604,0.496194802057316,0.00561949507532189,0.242649267933836,0.0892129630050887,1,1,0,12,0,2,12,1,14,0,0,3.51362705494535,8.87081569921843,0,35.672467194562,0,0,2,12,0,0,0,0
810,"sim_0810",85630490,20260730,"broad_lhs",,"continuous_lhs",TRUE,FALSE,"completed","2026-08-05 02:25:16.267533 +0200","2026-08-05 02:25:21.900087 +0200",5.632,10,,,TRUE,"completed",10,0.690599207078264,0.0345009920318705,0.0616050588255053,0.582327605485537,110.817576505865,0.782402272766595,0.0644430741926095,0.049644620708164,0.273894377087062,77,0,82,4,0.0637269707037149,9,24,119,38,5.48051948051948,4.90697674418605,0,31.9046870761534,337.10731981509,10.1987141099494,185.430317810289,369.581799114493,77,86,3,12.3333333333333,20.0666666666667,22
811,"sim_0811",85735219,20260730,"broad_lhs",,"continuous_lhs",TRUE,FALSE,"completed","2026-08-05 02:25:14.690248 +0200","2026-08-05 02:25:16.554423 +0200",1.865,10,,,TRUE,"completed",10,0.0817135349159676,0.0460993288204172,0.126769669370703,0.607704732338012,40.9962625610539,0.590818823495153,0.0147308120270529,0.0342185252042772,0.0622391227277934,8,1,15,2,0.0196078431372549,7,14,3,23,0.333333333333333,0.176470588235294,0.40281152434112,31.869715093239,12.2669860627456,1.96471797493799,92.3682426113516,0,9,17,0,1,2,2
812,"sim_0812",85839948,20260730,"broad_lhs",,"continuous_lhs",TRUE,FALSE,"completed","2026-08-05 02:25:15.308723 +0200","2026-08-05 02:25:17.376714 +0200",2.068,10,,,TRUE,"completed",10,0.454592993088757,0.0534891972438257,0.186678575791173,0.0493997321322428,40.8266573926641,13.9513926890505,0.014328292951534,0.224076634686983,0.118570055434513,8,9,8,17,0.101176470588235,5,8,25,15,2.52941176470588,1.72,25.1587433873863,9.33376451246899,18.4425133711187,67.6433902740807,55.733709840509,0,17,25,1,5.43333333333333,9,9
813,"sim_0813",85944677,20260730,"broad_lhs",,"continuous_lhs",TRUE,FALSE,"completed","2026-08-05 02:25:16.174154 +0200","2026-08-05 02:25:19.765773 +0200",3.592,10,,,TRUE,"completed",10,0.106610686191548,0.0615491689534793,0.141217939701833,0.0415995194365385,112.948593734391,3.16275306306496,0.0983425925438425,0.00051502459604914,0.0538280515242868,18,24,30,57,0.0413245758073344,8,28,93,37,3.5952380952381,1.73563218390805,89.6244414960805,39.2765265983492,67.5443734001877,294.547020160149,125.118226491128,81.0772385649819,42,87,2,6,9.37333333333333,10
814,"sim_0814",86049406,20260730,"broad_lhs",,"continuous_lhs",TRUE,FALSE,"completed","2026-08-05 02:25:14.992236 +0200","2026-08-05 02:25:17.982983 +0200",2.991,10,,,TRUE,"completed",10,0.0494235861411267,0.592039386172222,0.0173121946966635,0.456742245710864,96.0801102553391,1.250034327786,0.00657581806060153,0.198055171160765,1.36203005263851,1,2,2,8,0.0333333333333333,2,9,2,12,0.333333333333333,0.1,1.63300189120409,4.854940996832,0,10.2969297673864,4.53034993819198,0,3,10,0,1,1,1
815,"sim_0815",86154135,20260730,"broad_lhs",,"continuous_lhs",TRUE,FALSE,"completed","2026-08-05 02:25:14.558955 +0200","2026-08-05 02:25:19.383490 +0200",4.825,10,,,TRUE,"completed",10,0.774579972728857,0.575669558302038,0.144618648145153,0.0397094936760815,67.73636873708,0.348699174425372,0.0104526758799965,0.0273950292585909,0.0679078381058351,2,3,8,12,0.01,4,19,2,24,0.2,0.05,9.28327933798438,7.74815676171572,0,26.2751820730635,2.32794040614945,7.59208212359833,5,20,0,0.133333333333336,1,1
816,"sim_0816",86258864,20260730,"broad_lhs",,"continuous_lhs",TRUE,FALSE,"completed","2026-08-05 02:25:14.558955 +0200","2026-08-05 02:25:21.972370 +0200",7.414,10,,,TRUE,"completed",10,0.0722560023103511,0.0501274018097077,0.0763087413307132,0.0518441697932665,103.065867753575,23.4383559917421,0.00645451095580026,0.245686408642861,0.894022532243216,59,15,93,30,0.306086574379257,4,9,184,14,37.6486486486486,22.650406504065,64.2201438618913,29.1208290034046,315.751489377095,131.819809347107,67.2573121229034,472.700744016403,74,123,31,51.9333333333333,65,81
817,"sim_0817",86363593,20260730,"broad_lhs",,"continuous_lhs",TRUE,FALSE,"completed","2026-08-05 02:25:15.437101 +0200","2026-08-05 02:25:17.532007 +0200",2.095,10,,,TRUE,"completed",10,0.773320681679579,0.59935137666664,0.0359182887185859,0.0421210662881554,49.0151555511066,30.8548970272783,0.132032741844179,0.215746684849728,1.15293356378024,0,2,0,3,0,2,3,1,5,0,0,0.50876471446683,0,0,5.46541427832136,0,0,2,3,0,0,0,0
818,"sim_0818",86468322,20260730,"broad_lhs",,"continuous_lhs",TRUE,FALSE,"completed","2026-08-05 02:25:15.896571 +0200","2026-08-05 02:25:19.523317 +0200",3.627,10,,,TRUE,"completed",10,0.0550520855035822,0.459856119688938,0.0687907581955351,0.171615056835991,98.5353074557044,0.610387621488682,0.0498274611305966,0.241994424071422,0.0511956001247503,4,5,6,16,0.0303030303030303,5,16,3,25,0.666666666666667,0.272727272727273,7.33001488516404,9.25497418295452,0,24.9465985258854,14.1006659702396,0,9,22,0,1,2,2
819,"sim_0819",86573051,20260730,"broad_lhs",,"continuous_lhs",TRUE,FALSE,"completed","2026-08-05 02:25:20.367513 +0200","2026-08-05 02:25:22.841425 +0200",2.474,10,,,TRUE,"completed",10,0.0452053541909198,0.431415884097584,0.116912544699459,0.0360865804837844,57.7040177946703,0.787394443896151,0.0792239448307854,0.205279953599351,1.00172333620311,1,9,0,14,0.0142857142857143,8,12,2,22,0.2,0.142857142857143,12.8250842426446,2.51201985909247,0,22.9920746404375,0,0,10,14,0,1,1,1
820,"sim_0820",86677780,20260730,"broad_lhs",,"continuous_lhs",TRUE,FALSE,"completed","2026-08-05 02:25:20.451618 +0200","2026-08-05 02:25:22.543860 +0200",2.092,10,,,TRUE,"completed",10,0.0681146097660667,0.0320842698838163,0.0130494470233709,0.796131845770277,100.629206591513,13.0530536957797,0.142808600258136,0.173161487155206,0.661187094926101,33,0,46,2,0.25,2,14,49,18,12,8.25,0,4.81938519082004,45.2910094460656,6.96791385170125,47.2544427885758,76.4571344447023,33,48,12,19,21.8533333333333,22
821,"sim_0821",86782509,20260730,"broad_lhs",,"continuous_lhs",TRUE,FALSE,"completed","2026-08-05 02:25:21.099829 +0200","2026-08-05 02:25:22.547061 +0200",1.447,10,,,TRUE,"completed",10,0.0498094243366136,0.0647610535938462,0.0142957443102138,0.0772231099293924,60.0554415015297,0.329859249431999,0.00554589831440146,0.0121535361921027,1.16340895311748,1,2,0,9,0,3,9,1,12,0,0,2.19558784417674,0.50465790085507,0,28.9439715758238,0,0,3,9,0,0,0,0
823,"sim_0823",86991967,20260730,"broad_lhs",,"continuous_lhs",TRUE,FALSE,"completed","2026-08-05 02:25:27.015001 +0200","2026-08-05 02:25:28.789800 +0200",1.775,10,,,TRUE,"completed",10,0.0477274202245789,0.0375024280442001,0.0189523360967218,0.0927584614694728,114.552936346622,0.251590390924085,0.0053269975191593,0.206906286738231,0.131970170569642,6,2,11,19,0.0291666666666667,5,26,5,33,0.875,0.233333333333333,0.97889417100032,15.2174527415767,16.5542833222791,102.786711997753,37.5655515925258,23.1860578791298,8,30,0,2,3,3
824,"sim_0824",87096696,20260730,"broad_lhs",,"continuous_lhs",TRUE,FALSE,"completed","2026-08-05 02:25:26.852309 +0200","2026-08-05 02:25:31.799252 +0200",4.947,10,,,TRUE,"completed",10,0.536352962665856,0.0538380525713774,0.166496872751531,0.62733571110561,44.5113235006316,23.7916032968713,0.0292226215992122,0.201801448960776,1.44048498904527,73,4,119,6,0.403532467532468,2,4,196,7,50.4415584415584,31.072,5.52181639108398,50.4246121148873,108.519677561734,3.23760330882693,63.7328457740435,195.729746082773,77,125,41,76,81,81
826,"sim_0826",87306154,20260730,"broad_lhs",,"continuous_lhs",TRUE,FALSE,"completed","2026-08-05 02:25:30.113898 +0200","2026-08-05 02:25:32.142534 +0200",2.029,10,,,TRUE,"completed",10,0.190989871742575,0.310108185425429,0.0103181844080132,0.0351954998628541,108.957828080551,21.1658015112832,0.128189384513512,0.127302355260925,0.0675854972881672,0,3,2,3,0,3,5,1,8,0,0,12.8226425301146,0,0,6.34246833614153,16.8025222433505,0,3,5,0,0,0,0
827,"sim_0827",87410883,20260730,"broad_lhs",,"continuous_lhs",TRUE,FALSE,"completed","2026-08-05 02:25:30.116217 +0200","2026-08-05 02:25:52.544476 +0200",22.428,10,,,TRUE,"completed",10,0.623594636795741,0.322943894582229,0.0470833072783807,0.275404600255748,106.641061256122,0.270998942012271,0.00841959466207077,0.246207563666847,1.48136828196412,86,0,91,0,0.596728852542806,3,3,171,7,54.3023255813954,51.3186813186813,0,13.7362693069498,312.573929547193,0,24.2096599603406,319.787019194779,86,91,59,71,74,76
828,"sim_0828",87515612,20260730,"broad_lhs",,"continuous_lhs",TRUE,FALSE,"completed","2026-08-05 02:25:33.082308 +0200","2026-08-05 02:25:36.525664 +0200",3.444,10,,,TRUE,"completed",10,0.066407997700456,0.0516549688936224,0.0817079844703774,0.65634158218718,97.7132381988689,11.1227109928069,0.00619816507024055,0.228317760798123,0.07865017632824,27,4,52,10,0.0535900104058273,4,14,73,20,3.32258064516129,1.66129032258065,6.78911799332335,105.400179826732,22.0879076752108,18.0268721506255,242.120001992819,55.6421266385927,31,62,2,5.33333333333334,9.93333333333334,11
829,"sim_0829",87620341,20260730,"broad_lhs",,"continuous_lhs",TRUE,FALSE,"completed","2026-08-05 02:25:33.111693 +0200","2026-08-05 02:25:34.506494 +0200",1.395,10,,,TRUE,"completed",10,0.449342133681184,0.0762259076855812,0.0104510181698502,0.559161794563633,52.9357689815263,0.370832259814512,0.0952040628699578,0.0344465029458257,1.24833437146991,3,0,7,1,0.0833333333333333,2,6,3,9,0.666666666666667,0.25,0,4.14962723914992,6.62034152333165,0.18573006921684,1.35251657419015,30.1822564766467,3,8,0,1.53333333333333,2,2
830,"sim_0830",87725070,20260730,"broad_lhs",,"continuous_lhs",TRUE,FALSE,"completed","2026-08-05 02:25:33.111346 +0200","2026-08-05 02:25:34.462941 +0200",1.351,10,,,TRUE,"completed",10,0.0413271543341808,0.416903025292227,0.012365093990026,0.382777548456959,47.4115079745029,0.42975680921388,0.00658968132928178,0.157821063897508,0.0826834332947931,0,1,1,1,,1,2,1,3,0,0,0.637871408026101,0,0,0.233286533551089,2.33984690211682,0,1,2,0,0,0,0
831,"sim_0831",87829799,20260730,"broad_lhs",,"continuous_lhs",TRUE,FALSE,"completed","2026-08-05 02:25:32.061839 +0200","2026-08-05 02:25:34.188400 +0200",2.126,10,,,TRUE,"completed",10,0.0468765633854107,0.442513188824963,0.110674587190217,0.465887786955427,43.9147474762259,2.98135804470007,0.1494843095424,0.069120265020174,0.105294991729472,0,2,5,5,0,2,10,1,12,0,0,0.252579388573771,0,0,3.06653783997106,11.019712451267,0,2,10,0,0,0,0
832,"sim_0832",87934528,20260730,"broad_lhs",,"continuous_lhs",TRUE,FALSE,"completed","2026-08-05 02:25:33.270542 +0200","2026-08-05 02:25:35.188037 +0200",1.918,10,,,TRUE,"completed",10,0.046092616857023,0.0346979922123786,0.192706268360791,0.0494721767730743,55.4592781122567,0.523917671012552,0.0469311143499853,0.16397057070772,0.0638389536008444,2,15,15,20,0.0504201680672269,5,14,17,24,1.76470588235294,0.857142857142857,57.6135026710726,11.7075426908021,0,128.34974407111,107.312306646608,7.50276151147981,17,35,1,3,5,5
833,"sim_0833",88039257,20260730,"broad_lhs",,"continuous_lhs",TRUE,FALSE,"completed","2026-08-05 02:25:36.715574 +0200","2026-08-05 02:25:38.688762 +0200",1.973,10,,,TRUE,"completed",10,0.600396322546816,0.0368801394747386,0.0133880621649345,0.441513950106663,87.0254631276553,1.90522101248441,0.0101712454313788,0.15824869507277,0.085433027269399,21,0,17,2,0.0075187969924812,18,16,2,37,0.142857142857143,0.157894736842105,0,26.368849714817,67.3742602848726,3.49328565608644,31.1841570274527,37.0120486431009,21,19,0,1,1,1
835,"sim_0835",88248715,20260730,"broad_lhs",,"continuous_lhs",TRUE,FALSE,"completed","2026-08-05 02:25:35.557056 +0200","2026-08-05 02:25:37.546868 +0200",1.99,10,,,TRUE,"completed",10,0.680898957495132,0.220449383969142,0.182750100847465,0.0486751647883557,42.2657799380935,0.33981118963051,0.0478490306703912,0.0655494043567321,1.15030530517703,3,6,4,14,0.0185185185185185,6,15,2,24,0.333333333333333,0.166666666666667,20.1749913439967,19.4176060936069,0,47.5719899467887,8.73962923951856,11.1140079763014,9,18,0,1,1,1
836,"sim_0836",88353444,20260730,"broad_lhs",,"continuous_lhs",TRUE,FALSE,"completed","2026-08-05 02:25:40.121564 +0200","2026-08-05 02:25:41.647983 +0200",1.527,10,,,TRUE,"completed",10,0.306680238241976,0.475946324949825,0.0213348952034199,0.545456795013648,40.3887573774697,17.2484044650899,0.00691584852577667,0.211983759559937,1.40364524979427,0,0,0,1,,,1,,,,0,0,0,0,2.46227754111287,0,0,0,1,0,0,0,0
837,"sim_0837",88458173,20260730,"broad_lhs",,"continuous_lhs",TRUE,FALSE,"completed","2026-08-05 02:25:37.682263 +0200","2026-08-05 02:25:49.249435 +0200",11.567,10,,,TRUE,"completed",10,0.714963629617608,0.203250744745992,0.073553277234856,0.128653833848145,103.775911139614,13.000996796814,0.00590775921277691,0.0142879043700587,0.0540059883480928,125,3,108,9,0.240117521367521,10,15,202,29,28.09375,30.7350427350427,8.63497268270845,13.5105098953999,293.312525258291,10.5855403974571,58.7366650627741,236.274903867465,128,117,34,48,49.2133333333333,50
838,"sim_0838",88562902,20260730,"broad_lhs",,"continuous_lhs",TRUE,FALSE,"completed","2026-08-05 02:25:39.228422 +0200","2026-08-05 02:25:43.987629 +0200",4.76,10,,,TRUE,"completed",10,0.0433669432233391,0.127787315172734,0.190995554042759,0.0480495394986464,79.9529398693186,25.8581763494111,0.0105270549629671,0.0117736250936933,1.11377737248207,16,35,28,67,0.0732714138286894,1,2,143,4,6.96078431372549,3.73684210526316,79.9359333270172,31.9471123860812,57.4377070059785,198.574865023845,78.2024837250962,84.6711416114716,51,95,4,9,21.2033333333333,22
839,"sim_0839",88667631,20260730,"broad_lhs",,"continuous_lhs",TRUE,FALSE,"completed","2026-08-05 02:25:38.094199 +0200","2026-08-05 02:25:39.661193 +0200",1.567,10,,,TRUE,"completed",10,0.149396014966426,0.0510048946549148,0.0243489100060356,0.555317139423271,43.7599243968518,29.7954616328449,0.134894751316044,0.0210665830540367,0.0816778220899184,2,2,13,0,0.115384615384615,1,8,6,11,1.5,0.461538461538462,4.26709786563723,11.053323008668,0,0,62.1415595639773,10.1765779420312,4,13,1.77635683940025e-15,2,3,3
840,"sim_0840",88772360,20260730,"broad_lhs",,"continuous_lhs",TRUE,FALSE,"completed","2026-08-05 02:25:38.156303 +0200","2026-08-05 02:25:42.112703 +0200",3.957,10,,,TRUE,"completed",10,0.443539885657098,0.0320392475156472,0.072908665851426,0.0343339122772162,110.489427143356,0.384430425193314,0.00695211896656937,0.00889205071952246,0.588130952560242,58,10,65,22,0.0268762677484787,20,39,80,64,2.33823529411765,1.82758620689655,27.3326993026734,0,251.474274095617,136.478912389033,73.7213559108119,333.152363656377,68,87,1,6,9.11333333333332,10
841,"sim_0841",88877089,20260730,"broad_lhs",,"continuous_lhs",TRUE,FALSE,"completed","2026-08-05 02:25:38.503768 +0200","2026-08-05 02:25:41.265786 +0200",2.762,10,,,TRUE,"completed",10,0.0552528162881198,0.555526862265049,0.190169138525767,0.232801390378391,43.5979837137171,24.3653981005288,0.0091430869618487,0.169127727634041,0.0945662396449808,1,4,3,8,0.0181818181818182,4,10,2,15,0.2,0.0909090909090909,2.3338639939954,3.40272437541732,0,21.204418210206,6.55800869967837,0,5,11,0,1,1,1
842,"sim_0842",88981818,20260730,"broad_lhs",,"continuous_lhs",TRUE,FALSE,"completed","2026-08-05 02:25:37.956758 +0200","2026-08-05 02:25:39.314753 +0200",1.358,10,,,TRUE,"completed",10,0.106099438225767,0.132575048233677,0.0101600236448291,0.10570269408762,41.9750070671034,34.6391659969719,0.13585913332461,0.230824790779928,0.207178038615815,0,1,3,2,,0,4,2,5,1,0.2,6.29435481470162,0,0,9.85456957981957,19.7325247705011,0,1,5,0,1,1,1
843,"sim_0843",89086547,20260730,"broad_lhs",,"continuous_lhs",TRUE,FALSE,"completed","2026-08-05 02:25:38.941630 +0200","2026-08-05 02:25:46.671188 +0200",7.729,10,,,TRUE,"completed",10,0.341845758484132,0.445395925335216,0.134781496460384,0.497025600741607,91.2080007560344,0.632562607998319,0.00819972982042467,0.00287425072035856,0.988491055912626,52,2,60,6,0.413019079685746,7,16,92,26,27.2592592592593,22.3030303030303,3.60065577161096,18.9110030191274,62.656875876135,7.92161658210448,55.8939490652584,50.1211846819935,54,66,32,40.6333333333333,45,45
844,"sim_0844",89191276,20260730,"broad_lhs",,"continuous_lhs",TRUE,FALSE,"completed","2026-08-05 02:25:39.249213 +0200","2026-08-05 02:25:47.506891 +0200",8.258,10,,,TRUE,"completed",10,0.223977790994617,0.032701402003882,0.171392660936981,0.0320912587223003,99.2716573053764,33.8381739670354,0.137663722668916,0.227900334694487,0.0520794668372229,113,38,164,76,0.0824503311258278,1,5,381,9,19.7880794701987,12.45,107.97958066191,45.0077193782173,373.648402385085,279.586718483384,99.3703492859943,531.66094594501,151,240,14,28,50.7533333333333,52
846,"sim_0846",89400734,20260730,"broad_lhs",,"continuous_lhs",TRUE,FALSE,"completed","2026-08-05 02:25:40.052115 +0200","2026-08-05 02:25:41.860192 +0200",1.808,10,,,TRUE,"completed",10,0.0740034827648614,0.504413989575731,0.0211462698790607,0.0371567402258322,83.4734342930838,32.3103210805574,0.125107598511571,0.0106577124452451,1.46683794072035,0,0,0,4,,,4,,,,0,0,0,0,9.35770676185564,0,0,0,4,0,0,0,0
847,"sim_0847",89505463,20260730,"broad_lhs",,"continuous_lhs",TRUE,FALSE,"completed","2026-08-05 02:25:40.254036 +0200","2026-08-05 02:25:42.559201 +0200",2.305,10,,,TRUE,"completed",10,0.744230966159779,0.518127163088366,0.0144499889216792,0.0618281632755792,119.778596626843,0.250866519845967,0.0689046568268239,0.196194910611181,0.13373482176056,2,1,13,3,0,3,16,1,19,0,0,0.414128753020959,0,4.83383697365208,6.32246826903774,2.14882156648315,34.742257486806,3,16,0,0,0,0
848,"sim_0848",89610192,20260730,"broad_lhs",,"continuous_lhs",TRUE,FALSE,"completed","2026-08-05 02:25:44.697454 +0200","2026-08-05 02:25:46.953171 +0200",2.256,10,,,TRUE,"completed",10,0.0951324433074981,0.0308879276444205,0.147791654595415,0.0354931212482631,63.0139975327171,0.315505279394379,0.0103792391157736,0.249351888508989,1.30523764683745,6,13,12,29,0.0462130937098845,7,21,12,35,1.89473684210526,0.878048780487805,61.062489213563,13.9847773736975,16.206532873305,195.868294760985,39.231684640737,35.9407608369787,19,41,1,4,6,6
849,"sim_0849",89714921,20260730,"broad_lhs",,"continuous_lhs",TRUE,FALSE,"completed","2026-08-05 02:25:44.746475 +0200","2026-08-05 02:25:47.600201 +0200",2.854,10,,,TRUE,"completed",10,0.604448514553607,0.262780452856793,0.15439521041482,0.0330122843726494,52.4066921182184,0.253167053819775,0.128741820734508,0.237997642361313,0.0691393789007876,3,3,6,13,0.0087719298245614,5,18,2,24,0.166666666666667,0.0526315789473684,6.5189018315589,19.7247636694895,0,31.7561542770485,9.52086986589147,5.61355429976351,6,19,0,0.133333333333336,1,1
851,"sim_0851",89924379,20260730,"broad_lhs",,"continuous_lhs",TRUE,FALSE,"completed","2026-08-05 02:25:43.527708 +0200","2026-08-05 02:25:45.083838 +0200",1.556,10,,,TRUE,"completed",10,0.0435567428839812,0.038831202034768,0.0105888351864301,0.386256197242521,52.2321624870102,0.258932133940333,0.0456272536448473,0.23299999192674,0.900529348954149,0,2,5,3,0,2,8,1,10,0,0,10.4184155403853,0,0,1.83672762463712,14.1858214877791,11.7468953634625,2,8,0,0,0,0
852,"sim_0852",90029108,20260730,"broad_lhs",,"continuous_lhs",TRUE,FALSE,"completed","2026-08-05 02:25:44.732885 +0200","2026-08-05 02:25:49.195595 +0200",4.463,10,,,TRUE,"completed",10,0.679516491523829,0.0385519546279596,0.174001031892934,0.201047264953576,88.9697559399116,0.940473872239068,0.107496664857013,0.225125006654869,0.936965458793972,56,4,70,4,0.0894144144144144,8,18,100,31,6.61666666666667,5.36486486486486,20.2728511520926,99.0395133222897,220.993251695711,33.8702118349087,258.842414848278,257.849886716575,60,74,3,17.2333333333333,20,20
853,"sim_0853",90133837,20260730,"broad_lhs",,"continuous_lhs",TRUE,FALSE,"completed","2026-08-05 02:25:46.909816 +0200","2026-08-05 02:25:51.159389 +0200",4.25,10,,,TRUE,"completed",10,0.0432532853951977,0.426379539725384,0.106216453743986,0.0382892316634664,78.8760868892074,38.5108592176205,0.0392218449820611,0.00307310563479809,0.052450055133496,5,13,2,37,0.0555555555555556,3,16,17,23,2.16666666666667,1,26.0313166640644,19.6851195821044,0,68.4977582425376,0,1.5390789844525,18,39,1,3,12,12
854,"sim_0854",90238566,20260730,"broad_lhs",,"continuous_lhs",TRUE,FALSE,"completed","2026-08-05 02:25:50.121641 +0200","2026-08-05 02:25:51.782230 +0200",1.66,10,,,TRUE,"completed",10,0.263462123150532,0.40172772078301,0.0110456411712868,0.749759689953576,111.991374280428,0.258274742651577,0.00629469705733957,0.22080317612414,0.0942308120771663,1,1,8,1,0,2,9,1,11,0,0,1.55732637323769,1.47885960326655,0,0.398687314445681,19.1748203179391,0,2,9,0,0,0,0
855,"sim_0855",90343295,20260730,"broad_lhs",,"continuous_lhs",TRUE,FALSE,"completed","2026-08-05 02:25:52.591553 +0200","2026-08-05 02:25:55.248793 +0200",2.658,10,,,TRUE,"completed",10,0.730103942999708,0.0479949802026177,0.0444376831915897,0.0339666524682733,87.5732095523427,0.470428035404507,0.145429939467999,0.0656573515177135,0.100657230837748,26,5,39,14,0.0620815581253804,14,29,25,48,3.29032258064516,1.92452830188679,16.3914357452173,30.0504868217853,77.829159664813,74.554047072844,35.5969805162071,180.473026909351,31,53,0,9,10,10
856,"sim_0856",90448024,20260730,"broad_lhs",,"continuous_lhs",TRUE,FALSE,"completed","2026-08-05 02:25:52.684766 +0200","2026-08-05 02:25:54.480814 +0200",1.796,10,,,TRUE,"completed",10,0.0644693856893517,0.0453741362719429,0.0146411185572349,0.578766135347598,79.6286086870357,0.303720112041765,0.121477219983506,0.080137885902465,0.0510917859451918,7,0,12,4,0.00892857142857143,6,15,2,22,0.142857142857143,0.0625,0,31.5037190984364,13.7355927749353,6.81983814174421,46.4368482061277,0,7,16,0,0.333333333333336,1,1
857,"sim_0857",90552753,20260730,"broad_lhs",,"continuous_lhs",TRUE,FALSE,"completed","2026-08-05 02:25:56.832623 +0200","2026-08-05 02:25:59.628148 +0200",2.796,10,,,TRUE,"completed",10,0.448120587022414,0.576779197627705,0.18506308137938,0.0580705422906384,50.6477743342312,3.16157798983299,0.00682705653122851,0.238792364196787,1.10085810110988,0,7,4,15,0.0150375939849624,5,18,3,24,0.285714285714286,0.105263157894737,5.38938398184184,0,0,15.3480822564698,0,2.72978134161125,7,19,0,1,2,2
858,"sim_0858",90657482,20260730,"broad_lhs",,"continuous_lhs",TRUE,FALSE,"completed","2026-08-05 02:25:57.489643 +0200","2026-08-05 02:25:59.628223 +0200",2.139,10,,,TRUE,"completed",10,0.0426124688558791,0.427751203178756,0.0136968349515609,0.118566862025883,115.91857931231,3.70703828112195,0.00650416222478976,0.046286246963298,0.107075808909552,3,0,2,4,0.0555555555555556,2,5,2,8,0.333333333333333,0.166666666666667,0,1.69439529028901,7.16058336429619,4.84306928982908,0,7.47790614835221,3,6,0,1,1,1
859,"sim_0859",90762211,20260730,"broad_lhs",,"continuous_lhs",TRUE,FALSE,"completed","2026-08-05 02:25:56.437633 +0200","2026-08-05 02:26:00.438278 +0200",4.001,10,,,TRUE,"completed",10,0.287063386023703,0.043094506463239,0.0101219575187969,0.0613810978049274,82.9717572924784,36.3497851528174,0.00512441883763927,0.0851219802727509,0.408108420400934,83,1,74,7,0.624632569077013,1,6,158,8,50.5952380952381,52.4691358024691,2.67388508548178,9.02743517679285,160.35891224747,51.3072268775116,0,176.811839260229,84,81,54,70.1333333333333,80.0133333333333,81
860,"sim_0860",90866940,20260730,"broad_lhs",,"continuous_lhs",TRUE,FALSE,"completed","2026-08-05 02:25:57.769487 +0200","2026-08-05 02:25:59.207185 +0200",1.438,10,,,TRUE,"completed",10,0.396845563176943,0.563390346195423,0.0232694215619629,0.303524800296844,40.3160151319785,0.763619330262987,0.13730130452895,0.184530024687863,0.260460931873071,0,0,0,2,,,2,,,,0,0,0,0,2.72128521176086,0,0,0,2,0,0,0,0
861,"sim_0861",90971669,20260730,"broad_lhs",,"continuous_lhs",TRUE,FALSE,"completed","2026-08-05 02:25:57.829197 +0200","2026-08-05 02:25:59.200027 +0200",1.37,10,,,TRUE,"completed",10,0.101315024680025,0.0451637140126356,0.0112920533866036,0.536310522190183,40.1244608922344,34.4151844760054,0.00557936243011645,0.219060287366608,0.079989732098033,3,1,1,1,0,4,2,1,6,0,0,0.11515632997207,22.1072947435626,0,0.0375531929063708,4.51194580943387,0,4,2,0,0,0,0
862,"sim_0862",91076398,20260730,"broad_lhs",,"continuous_lhs",TRUE,FALSE,"completed","2026-08-05 02:25:59.030205 +0200","2026-08-05 02:26:00.376809 +0200",1.347,10,,,TRUE,"completed",10,0.229239581815573,0.0408227842579014,0.0201512587571251,0.0499181911807126,45.7520782102106,0.281112401315591,0.00777717702892894,0.0195044868434262,0.0581506087791012,0,3,1,9,0,3,10,1,13,0,0,13.0939561431097,0,0,46.4818608434744,7.49579731852152,0,3,10,0,0,0,0
863,"sim_0863",91181127,20260730,"broad_lhs",,"continuous_lhs",TRUE,FALSE,"completed","2026-08-05 02:26:00.048477 +0200","2026-08-05 02:26:05.079002 +0200",5.03,10,,,TRUE,"completed",10,0.345761319210323,0.0466266993844619,0.0166292736517564,0.0331571695938734,104.969455918711,15.363232395688,0.148577722162406,0.21709212770789,1.43526421363016,93,1,114,13,0.489948065002513,4,27,188,33,62.2234042553191,46.0551181102362,2.03352536990742,12.3773775677859,172.610715062551,60.7285001308799,0,281.748772254912,94,127,66,80,92,92
865,"sim_0865",91390585,20260730,"broad_lhs",,"continuous_lhs",TRUE,FALSE,"completed","2026-08-05 02:26:01.221035 +0200","2026-08-05 02:26:02.976490 +0200",1.756,10,,,TRUE,"completed",10,0.0409088180890985,0.421228438274266,0.0201011427485572,0.621295439992025,68.1485147474748,0.353839880446931,0.0784497404164927,0.0216364769510821,1.215327960439,0,1,3,1,,1,4,1,5,0,0,0.576053485396139,0,0,0.568326643085079,12.9822442080526,0,1,4,0,0,0,0
866,"sim_0866",91495314,20260730,"broad_lhs",,"continuous_lhs",TRUE,FALSE,"completed","2026-08-05 02:26:02.457200 +0200","2026-08-05 02:26:10.561350 +0200",8.104,10,,,TRUE,"completed",10,0.044062821625731,0.391392343603992,0.128882416597428,0.484758506409032,92.3543587863652,6.04853742129676,0.126572775964356,0.235724215468767,1.42690828928961,68,2,78,2,0.527857142857143,4,4,142,9,42.2285714285714,36.95,6.87067586245669,36.8290898016105,205.426499053667,3.8433982840002,52.8970655629111,217.820777515753,70,80,45,56,63,63
867,"sim_0867",91600043,20260730,"broad_lhs",,"continuous_lhs",TRUE,FALSE,"completed","2026-08-05 02:26:02.573886 +0200","2026-08-05 02:26:07.669648 +0200",5.095,10,,,TRUE,"completed",10,0.0507671719192156,0.0323662730030848,0.0118725398844849,0.758329348297213,113.559688325599,21.3217440697582,0.00510831243781032,0.247781745878941,1.34833310311767,83,0,107,0,0.432721540367076,3,17,168,22,46.3012048192771,35.9158878504673,0,8.1532599210921,214.482590297574,0,89.8332284930832,274.079593362047,83,107,50,63,69,70
868,"sim_0868",91704772,20260730,"broad_lhs",,"continuous_lhs",TRUE,FALSE,"completed","2026-08-05 02:26:03.862335 +0200","2026-08-05 02:26:05.992516 +0200",2.13,10,,,TRUE,"completed",10,0.783338235438772,0.0471604174847726,0.097313366318433,0.664310292168423,45.8566964061103,0.544328995769522,0.0122066455480713,0.0765941578799134,0.514524938807873,12,2,23,1,0.0595238095238095,7,10,8,21,1.42857142857143,0.833333333333333,0.335110854244609,37.2226202019267,14.630028637741,1.18436458112245,75.5727213799742,81.7468313435902,14,24,1,2.83333333333334,5,5
869,"sim_0869",91809501,20260730,"broad_lhs",,"continuous_lhs",TRUE,FALSE,"completed","2026-08-05 02:26:03.454212 +0200","2026-08-05 02:26:08.492775 +0200",5.039,10,,,TRUE,"completed",10,0.0470631022182537,0.0380514997337876,0.154918667947675,0.398199387792859,118.626391125346,0.359905764066411,0.0665841445200675,0.211742377059224,0.126861086287508,47,13,75,13,0.0350378787878788,19,25,69,51,3.08333333333333,2.10227272727273,20.295328542796,193.680617749286,64.1042376702673,34.0439563282379,462.944074886568,75.2462569555641,60,88,1,7,15,15
870,"sim_0870",91914230,20260730,"broad_lhs",,"continuous_lhs",TRUE,FALSE,"completed","2026-08-05 02:26:04.022040 +0200","2026-08-05 02:26:07.174029 +0200",3.152,10,,,TRUE,"completed",10,0.321437287997652,0.0359925736363936,0.114111604905138,0.0483220040009908,93.0102043707752,0.26519370885745,0.00637027643982361,0.239880584171495,0.0517505964230662,23,17,29,37,0.0295454545454545,13,31,31,52,1.95,1.18181818181818,53.5250305560514,30.1095262627163,97.8144196811362,231.105609765044,154.909033131514,45.2046164847639,40,66,1,4.03333333333335,8.20666666666668,9
871,"sim_0871",92018959,20260730,"broad_lhs",,"continuous_lhs",TRUE,FALSE,"completed","2026-08-05 02:26:07.953384 +0200","2026-08-05 02:26:09.911947 +0200",1.958,10,,,TRUE,"completed",10,0.0420600412997445,0.565448083028307,0.010521294409529,0.0554536732323342,101.4176203296,0.312077631375266,0.0592906712598686,0.235157934701807,0.642534216141315,0,1,0,5,,1,5,1,6,0,0,1.59284249681588,0,0,9.5928599355061,0,0,1,5,0,0,0,0
872,"sim_0872",92123688,20260730,"broad_lhs",,"continuous_lhs",TRUE,FALSE,"completed","2026-08-05 02:26:07.955087 +0200","2026-08-05 02:26:11.027887 +0200",3.073,10,,,TRUE,"completed",10,0.228421210472838,0.424812800337823,0.0127667988822549,0.767560906529938,118.878779682227,20.5027267973158,0.0570624651841727,0.00336874205366864,0.682435716850569,27,1,23,3,0.336538461538462,4,7,43,12,8.75,9.42307692307692,3.47321816299257,6.07102761665236,35.7165814749096,6.66429036294314,11.070539861574,17.9567559972745,28,26,11,15.2333333333333,18,18
873,"sim_0873",92228417,20260730,"broad_lhs",,"continuous_lhs",TRUE,FALSE,"completed","2026-08-05 02:26:08.336486 +0200","2026-08-05 02:26:10.545647 +0200",2.209,10,,,TRUE,"completed",10,0.0446838551835418,0.0307200345211634,0.143028276402148,0.102977294696049,44.99873196909,0.297710105425126,0.103324487175191,0.00879167331945306,0.980345886226903,9,4,13,11,0.0673076923076923,4,13,11,21,1.61538461538462,0.875,18.2711751479798,30.1647466227325,15.1184185818146,66.6532289156667,77.467727152469,14.1723807634769,13,24,1,3,4,4
874,"sim_0874",92333146,20260730,"broad_lhs",,"continuous_lhs",TRUE,FALSE,"completed","2026-08-05 02:26:09.695451 +0200","2026-08-05 02:26:26.862436 +0200",17.167,10,,,TRUE,"completed",10,0.0485638238475985,0.495559271483577,0.181095395336877,0.737165499340235,118.775876946437,27.0174975922225,0.00568746491262551,0.121919948411782,0.440593913730556,35,5,53,20,0.0904109589041096,5,9,72,19,6.6,3.61643835616438,1.96490481570974,19.5551093924626,36.8965952178536,9.40627901359066,68.3799662516008,34.0376498198129,40,73,3,11,19,19
875,"sim_0875",92437875,20260730,"broad_lhs",,"continuous_lhs",TRUE,FALSE,"completed","2026-08-05 02:26:08.359738 +0200","2026-08-05 02:26:11.163261 +0200",2.803,10,,,TRUE,"completed",10,0.0540060949914939,0.031116558260269,0.0140933605115125,0.0304147400044525,111.888515470591,0.376608170298624,0.0622300092851558,0.0352526232743791,0.770596109005273,61,2,65,17,0.394115369725126,2,21,112,29,32.3174603174603,24.8292682926829,13.0234649605588,14.9301785501487,61.690664867509,67.9788955439685,0,109.931985077158,63,82,35,46,49,49
876,"sim_0876",92542604,20260730,"broad_lhs",,"continuous_lhs",TRUE,FALSE,"completed","2026-08-05 02:26:09.813783 +0200","2026-08-05 02:26:12.015457 +0200",2.202,10,,,TRUE,"completed",10,0.606860819668571,0.347679294331273,0.021282415208275,0.0391274188790504,72.1651011979828,0.347512440023734,0.00530221170934265,0.0227296106798652,1.35303476024306,9,2,8,7,0.096969696969697,5,9,12,15,1.45454545454545,1.06666666666667,6.28654597454898,0,18.8769779122519,24.2046773057982,0,15.2728546477743,11,15,0,4,4,4
877,"sim_0877",92647333,20260730,"broad_lhs",,"continuous_lhs",TRUE,FALSE,"completed","2026-08-05 02:26:09.562740 +0200","2026-08-05 02:26:14.798849 +0200",5.236,10,,,TRUE,"completed",10,0.686957055211171,0.544979101184538,0.166906463235883,0.0349360970330006,44.3263839498162,27.7590854523352,0.143676323394803,0.0338822944434489,0.0714241407792838,74,5,97,9,0.776570336756628,1,2,182,4,82.3164556962025,61.3490566037736,9.6993791316759,0,111.006607835548,11.7554972591661,12.9871476598075,128.253653949655,79,106,70,98,99,99
878,"sim_0878",92752062,20260730,"broad_lhs",,"continuous_lhs",TRUE,FALSE,"completed","2026-08-05 02:26:10.592614 +0200","2026-08-05 02:26:13.658841 +0200",3.067,10,,,TRUE,"completed",10,0.0449492105553865,0.470412148767123,0.172696150458383,0.0902892132662573,51.3997553662293,0.326019677563324,0.00699556224867685,0.00418016327545047,0.0932987111490415,1,5,3,7,0,6,10,1,16,0,0,4.44182357268798,2.90258079593913,0,17.4130879995495,13.5799533819048,0,6,10,0,0,0,0
879,"sim_0879",92856791,20260730,"broad_lhs",,"continuous_lhs",TRUE,FALSE,"completed","2026-08-05 02:26:10.833403 +0200","2026-08-05 02:26:12.524092 +0200",1.69,10,,,TRUE,"completed",10,0.0481113114442313,0.0321990934765837,0.0114408726650305,0.0312224314395871,108.495849252865,16.6742191518694,0.0208544513890108,0.226776663564896,0.0742836573452272,2,5,3,23,0.021978021978022,4,23,4,29,0.571428571428571,0.153846153846154,38.2730993104092,0,16.4833538718442,106.674545217124,1.22362342537949,14.1591473144118,7,26,0,1,2,2
880,"sim_0880",92961520,20260730,"broad_lhs",,"continuous_lhs",TRUE,FALSE,"completed","2026-08-05 02:26:13.214679 +0200","2026-08-05 02:26:19.953326 +0200",6.739,10,,,TRUE,"completed",10,0.375090876100179,0.3218349208976,0.177440213824801,0.601531971719483,92.8136520116693,0.306284406731876,0.130754104196649,0.0825934450268849,0.0635222877323208,22,4,41,10,0.0497737556561086,7,22,40,34,2.53846153846154,1.29411764705882,3.44385217608227,43.9028364461104,29.1351685153939,14.4969709653283,121.31118478068,38.8531481304366,26,51,1,4.93333333333334,6.89333333333333,7
881,"sim_0881",93066249,20260730,"broad_lhs",,"continuous_lhs",TRUE,FALSE,"completed","2026-08-05 02:26:13.596350 +0200","2026-08-05 02:26:15.266229 +0200",1.67,10,,,TRUE,"completed",10,0.613637786271478,0.299035796952224,0.0192042464383845,0.0353985547008213,55.6943641367886,10.3807160434991,0.0137300942723585,0.211486812908681,0.055650362911589,1,0,5,2,,1,7,1,8,0,0,0,3.39248310652951,0,8.14134161632943,16.6678057788259,7.41792915681639,1,7,0,0,0,0
882,"sim_0882",93170978,20260730,"broad_lhs",,"continuous_lhs",TRUE,FALSE,"completed","2026-08-05 02:26:13.134701 +0200","2026-08-05 02:26:16.041383 +0200",2.907,10,,,TRUE,"completed",10,0.0498288299619359,0.0426959693274868,0.178753071421154,0.100392437315682,46.3098624652045,32.0914498610336,0.0595896281715154,0.244059969135301,0.523780257205068,18,13,34,35,0.107994389901823,1,3,92,6,7.45161290322581,3.34782608695652,32.6781129654063,75.7541798017811,11.4867159540853,121.8601839328,154.729173959553,31.9447635648337,31,69,4,8,29.6633333333333,30
883,"sim_0883",93275707,20260730,"broad_lhs",,"continuous_lhs",TRUE,FALSE,"completed","2026-08-05 02:26:15.019795 +0200","2026-08-05 02:26:16.368997 +0200",1.349,10,,,TRUE,"completed",10,0.776463418958039,0.0631870270623076,0.010365389884642,0.0402051856844944,40.5027053718145,15.1158861589808,0.0879452314106042,0.000248394572861596,0.613795794741577,0,0,2,2,,,4,,,,0,0,0,0,6.09036268762555,0,3.8461859687057,0,4,0,0,0,0
884,"sim_0884",93380436,20260730,"broad_lhs",,"continuous_lhs",TRUE,FALSE,"completed","2026-08-05 02:26:14.649776 +0200","2026-08-05 02:26:22.597682 +0200",7.948,10,,,TRUE,"completed",10,0.0577610549750071,0.0377626319744225,0.146465679001185,0.73044858679195,108.223637773738,32.7784020539936,0.113905674029507,0.035640990739145,0.308349697216454,77,7,140,17,0.0790870488322718,2,5,234,8,12.4166666666667,6.64331210191083,3.27911723347017,184.13905520002,170.949047453658,6.19168233306815,469.375677842143,269.347004364559,84,157,7,18.5333333333333,40.0133333333333,45
885,"sim_0885",93485165,20260730,"broad_lhs",,"continuous_lhs",TRUE,FALSE,"completed","2026-08-05 02:26:23.448430 +0200","2026-08-05 02:26:25.188559 +0200",1.741,10,,,TRUE,"completed",10,0.0406868734961952,0.521182809593842,0.0173814875257631,0.0405320256086863,50.0326703551329,14.089371645126,0.00743553038884715,0.187322049395556,1.23880678313195,1,1,1,6,0,2,7,1,9,0,0,0.17396831589758,2.08704044354932,0,9.54034248223304,4.18353157164073,0,2,7,0,0,0,0
886,"sim_0886",93589894,20260730,"broad_lhs",,"continuous_lhs",TRUE,FALSE,"completed","2026-08-05 02:26:20.346514 +0200","2026-08-05 02:28:23.298362 +0200",122.951,10,,,TRUE,"completed",10,0.797069785054115,0.464453680193067,0.010582159032251,0.272768873632281,117.902351586148,34.0402872136672,0.00506875705224962,0.220190755233828,0.567659267528232,362,0,371,1,0.650262876492604,0,2,732,3,241.897790055249,235.395161290323,0,0,505.229937474829,0.70536493321773,2.16592719882972,506.420957030439,362,372,247,288,344,359
887,"sim_0887",93694623,20260730,"broad_lhs",,"continuous_lhs",TRUE,FALSE,"completed","2026-08-05 02:26:20.664686 +0200","2026-08-05 02:26:27.349018 +0200",6.685,10,,,TRUE,"completed",10,0.0949939260291962,0.0390279304882524,0.0419718053675176,0.51155831280436,119.177356753291,0.29147896576621,0.00614504669194237,0.00953436890998596,0.191572307253146,87,2,99,3,0.443269442608504,6,9,172,18,45.2134831460674,39.4509803921569,4.93055752342223,52.1499131797566,350.99789036171,7.44940174660956,152.908854869449,383.150215168689,89,102,53,66,73,73
888,"sim_0888",93799352,20260730,"broad_lhs",,"continuous_lhs",TRUE,FALSE,"completed","2026-08-05 02:26:20.701735 +0200","2026-08-05 02:26:25.966404 +0200",5.265,10,,,TRUE,"completed",10,0.575734258377918,0.103722186275938,0.0103949417117295,0.504551082315442,119.974701995568,0.407541748914454,0.140879039906313,0.172119517455447,1.33482397659505,100,0,109,1,0.548636363636364,0,17,191,19,60.35,54.8636363636364,0,0,146.52778488748,2.2129689626032,40.1907834974145,186.604985183516,100,110,62,82,93,93
889,"sim_0889",93904081,20260730,"broad_lhs",,"continuous_lhs",TRUE,FALSE,"completed","2026-08-05 02:26:24.443848 +0200","2026-08-05 02:26:30.973599 +0200",6.529,10,,,TRUE,"completed",10,0.64403630703804,0.0347695491828249,0.0111392812462718,0.219511031481583,117.333266568205,25.0932966933738,0.0812386564046261,0.0376461500206238,0.0654073595762397,100,0,138,4,0.494084507042254,3,28,211,32,70.16,49.4084507042254,0,7.02489937024054,143.828031968897,11.5204148222188,42.286732622279,290.378895580061,100,142,78,84,86,90
890,"sim_0890",94008810,20260730,"broad_lhs",,"continuous_lhs",TRUE,FALSE,"completed","2026-08-05 02:26:24.621330 +0200","2026-08-05 02:26:28.331091 +0200",3.71,10,,,TRUE,"completed",10,0.237901991340707,0.560105425383209,0.130980317029074,0.53436806185337,49.2328083636653,26.2689939023539,0.093291729917054,0.0278500953105847,1.32511260141583,5,4,22,7,0.32183908045977,3,7,28,11,9.33333333333333,2.89655172413793,1.46120460196327,0,13.3914924949726,3.53853384459732,48.0361630529181,19.2392571607475,9,29,4,16.8333333333334,19,19
892,"sim_0892",94218268,20260730,"broad_lhs",,"continuous_lhs",TRUE,FALSE,"completed","2026-08-05 02:26:27.095586 +0200","2026-08-05 02:26:32.185523 +0200",5.09,10,,,TRUE,"completed",10,0.130045494776669,0.0337114711239255,0.18460367547639,0.108966376047558,51.0220340223155,36.9074640605864,0.00718671595922954,0.012903124367068,0.0695293454078516,52,23,79,65,0.1075,1,0,218,2,15.48,8.0625,43.4586966696114,29.2514930937991,163.643688305699,160.977991103225,114.962858702289,234.520012853618,75,144,8,21.7333333333333,35,40
893,"sim_0893",94322997,20260730,"broad_lhs",,"continuous_lhs",TRUE,FALSE,"completed","2026-08-05 02:26:29.062132 +0200","2026-08-05 02:26:30.711441 +0200",1.649,10,,,TRUE,"completed",10,0.0456375976203384,0.184696638532633,0.0199989204500778,0.0333477978154118,40.2358118331888,0.914104375100619,0.144535530830401,0.0714347169968662,0.0826231113827192,0,1,2,5,,1,7,1,8,0,0,0.552446382359109,0,0,17.1929041869131,13.1812487108414,0,1,7,0,0,0,0
894,"sim_0894",94427726,20260730,"broad_lhs",,"continuous_lhs",TRUE,FALSE,"completed","2026-08-05 02:26:30.279217 +0200","2026-08-05 02:26:32.558659 +0200",2.279,10,,,TRUE,"completed",10,0.0566379685329455,0.164490455762256,0.137673964686848,0.6692658565307,49.1227596833267,0.284864095249388,0.0109770477851938,0.239718574325282,0.389626379196515,6,1,11,4,0.00952380952380952,6,14,2,21,0.142857142857143,0.0666666666666667,2.46862204658763,30.130530502548,0,3.13058336371179,54.0447760303449,0,7,15,0,0.433333333333334,1,1
895,"sim_0895",94532455,20260730,"broad_lhs",,"continuous_lhs",TRUE,FALSE,"completed","2026-08-05 02:26:30.327544 +0200","2026-08-05 02:26:32.100007 +0200",1.773,10,,,TRUE,"completed",10,0.0457668305491898,0.41512495116072,0.0125700503556207,0.683035256441511,98.0816674386669,33.19560376336,0.0374461737916494,0.232548090785147,0.058491387396024,0,0,5,1,,,6,,,,0,0,0,0,1.72242862486711,9.74288075569829,0,0,6,0,0,0,0
896,"sim_0896",94637184,20260730,"broad_lhs",,"continuous_lhs",TRUE,FALSE,"completed","2026-08-05 02:26:30.942925 +0200","2026-08-05 02:26:32.392179 +0200",1.45,10,,,TRUE,"completed",10,0.571384152866022,0.0312654510497357,0.0105055915025245,0.0568736510654285,47.3610526028814,0.635366624822038,0.0142400034348274,0.246603440013779,1.17332880140449,0,0,8,2,,,10,,,,0,0,0,0,9.49811504888448,27.76316391605,19.8060414662801,0,10,0,0,0,0
897,"sim_0897",94741913,20260730,"broad_lhs",,"continuous_lhs",TRUE,FALSE,"completed","2026-08-05 02:26:31.816012 +0200","2026-08-05 02:26:33.467077 +0200",1.651,10,,,TRUE,"completed",10,0.518625554545847,0.50271463199035,0.016982721948879,0.61426761362471,54.8276367604112,0.964595009383997,0.00952423442873787,0.00939545572741837,0.0565344770627699,0,1,4,3,,1,7,1,8,0,0,0.33382585919739,0,0,3.34609518637415,19.2342964217174,0,1,7,0,0,0,0
898,"sim_0898",94846642,20260730,"broad_lhs",,"continuous_lhs",TRUE,FALSE,"completed","2026-08-05 02:26:33.579185 +0200","2026-08-05 02:26:35.465975 +0200",1.887,10,,,TRUE,"completed",10,0.788427063647685,0.0342737274067363,0.0632874798143823,0.45176062092903,42.7722015486823,11.3225409612164,0.13534666517059,0.218457523566774,0.0567807724047318,9,1,18,3,0.152380952380952,3,14,12,19,3.2,1.52380952380952,6.74048132817064,22.1152991857954,14.4262393362901,4.66414924415931,72.4888164644763,48.4281680748243,10,21,0,6,6,6
899,"sim_0899",94951371,20260730,"broad_lhs",,"continuous_lhs",TRUE,FALSE,"completed","2026-08-05 02:26:33.593185 +0200","2026-08-05 02:26:35.033531 +0200",1.441,10,,,TRUE,"completed",10,0.0523514789468123,0.0389485592739207,0.0109949992675596,0.706808929029534,52.4764385835371,18.4858787744662,0.0154834649575478,0.0133112924879081,1.45583857906559,0,0,7,1,,,8,,,,0,0,0,0,0.826842072417421,35.4347501526811,0,0,8,0,0,0,0
900,"sim_0900",95056100,20260730,"broad_lhs",,"continuous_lhs",TRUE,FALSE,"completed","2026-08-05 02:26:32.309780 +0200","2026-08-05 02:26:41.673659 +0200",9.364,10,,,TRUE,"completed",10,0.206853782961401,0.251742890074346,0.118905666775611,0.032177648025471,115.356060705934,2.83901296695247,0.031537429231247,0.129212766283761,0.363770339862021,70,13,84,18,0.488778643987716,10,12,161,24,49.855421686747,40.5686274509804,21.7306967065226,16.7233538766027,226.084646117399,73.4417544684696,68.7519582389406,229.347435465337,83,102,57,72,78.44,81
