"combo_id","lac_0","mu_0","gam_0","laa_0","K_0","K_1","mu_1","laa_1","lambda0"
1,0.873337879986758,0.285245667588299,0.0541120188323059,0.960265801335801,31,123.02224678318,0.00492589106464758,0.00953275240565185,0.643723070530454
2,0.577931861666683,0.104147091563451,0.0344219842213322,0.465652227138262,28,112.234272247728,0.00534831395394634,0.00445772615213878,0.0234891898967326
3,0.648639453002112,0.175529405501822,0.0973697457776195,0.405015606167121,92,75.6118132128613,0.00726382707871962,0.009120982364472,0.10203161960491
4,0.718243233279348,0.42721757934012,0.0489440058722696,0.201490170745389,32,61.8410128695192,0.0123340310241142,0.0124735007769987,0.808090614893706
5,0.75877479553984,0.127446929725488,0.0593675207789708,0.632261907949485,60,143.111267984135,0.0131156832972029,0.0118532475975808,0.604736967044882
6,0.124991999066249,0.110298581024371,0.179513658357842,0.849208954545273,36,93.8742053274647,0.00447632058633491,0.0118650783059327,0.382235491035506
7,0.860963741251617,0.36025911878404,0.101203742189354,0.282874390758038,55,22.5439737069653,0.0183118391354289,0.00180642639005557,0.520470523167634
8,0.775117569139926,0.0322423842260288,0.0207274502322171,0.912492156826192,72,77.8835055332165,0.0140143198448513,0.0161162254564604,0.939229202285176
9,0.488048803491564,0.26767392624218,0.0798682418093178,0.257319061227492,38,67.1312293697032,0.00807552857870236,0.0131775476964237,0.116117622789927
10,0.768575142910727,0.447864448604907,0.0704271124092257,0.557704869286134,53,13.1456891024834,0.0182710682627605,0.00385234122436028,0.214654404697707
11,0.101483411628427,0.346589948076967,0.085950479077769,0.298229435747466,93,78.3809820278431,0.0168909376913449,0.0134025030369544,0.182085295787081
12,0.75720548362569,0.412586664344622,0.176827577535377,0.110210606685351,46,97.0408076464199,0.0118418554487638,0.00249748789223377,0.92153217808227
13,0.517198989111208,0.167520766669272,0.133182266939958,1.11113385946907,29,99.5067627649871,0.0044445577047579,0.00899837018416263,0.396007843411295
14,0.505300383663736,0.416027652904983,0.100098008775094,1.97080795133945,48,86.8727942215162,0.0177410617713025,0.004475893585179,0.788401244906476
15,0.122852325065644,0.262485393395731,0.0391418270500097,1.53243656773313,78,94.8227620224701,0.00106561841396149,0.00960365692289546,0.75909560046671
16,0.349092919498123,0.0666252577724936,0.100273402619979,1.69856851784578,54,108.295601274481,0.0111633950730646,0.0184574829204008,0.129347064204747
17,0.678551907808892,0.0271384899581596,0.142816480364613,1.52635874705513,27,118.786146788823,0.00674476381450892,0.00506736992059276,0.0356124253545422
18,0.748239212235156,0.166631471581776,0.0805414951155637,0.248636598330713,75,90.2333547411254,0.0132948804767663,0.0197948067722004,0.910077749545919
19,0.837911989847384,0.309150164107452,0.0252811939201853,0.261799011385557,95,40.4054820978432,0.0127631912335986,0.0151455749585247,0.0936391634782776
20,0.298542837045481,0.374601551256985,0.16980967969832,0.683498747904343,92,94.6239168222179,0.0156715273078205,0.00944274724287912,0.84081216474995
21,0.816074130443437,0.341896353886055,0.0677846160926414,0.638243238960323,49,21.3518924827105,0.00678971579986159,0.0172728855985543,0.776503925861791
22,0.511260899292375,0.266681250149584,0.163518972907166,0.381165592644643,56,39.7145697095431,0.0187044590461999,0.0197119748929562,0.33295723032672
23,0.426249760548933,0.459299910671622,0.126307151240848,1.99346821434323,42,75.5684821206029,0.0143748071216652,0.00811524275427684,0.933758684651228
24,0.635009521958977,0.2159425721262,0.172990331639494,1.17125624693132,46,11.3236118198954,0.00189975927291438,0.0109139544141432,0.866920506231021
25,0.187756247812789,0.0597824067249056,0.196543701226823,0.427824227836006,92,44.3615966586862,0.0101842294960888,0.0134810437428579,0.79470043814485
26,0.773840832948266,0.245696585816713,0.0710609009814542,0.759302662702394,37,127.778077622387,0.0117137368627405,0.0157521759182727,0.484658448633971
27,0.425547940939618,0.367581403345878,0.060803959700258,0.990339385779249,86,86.0168873272254,0.00402965391024016,0.0163443138131266,0.361596738191089
28,0.131014446320175,0.196556956227149,0.116013051646252,0.235364663450164,96,12.6491720393649,0.00577376535072457,0.019844893191657,0.26106207476859
29,0.74109883820382,0.487557371736141,0.140676809885497,1.38942642788084,32,100.427317918825,0.0145589625266567,0.0159250443216041,0.665082006883342
30,0.170645645615552,0.0935700992718479,0.0963418700377014,1.06374375268014,57,0.189353874558583,4.03907790221274e-05,0.00664968439406715,0.196935210512253
31,0.807936931541446,0.380354771222137,0.0895887238883343,0.37417069753278,55,5.21930767156882,0.0145399064586591,0.00597485769794788,0.940832277159905
32,0.945867906102724,0.122195037395977,0.0155444553385302,1.205324358817,89,96.0865869525704,0.00863868771964219,0.0194892306112172,0.684910862406483
33,0.46673594633285,0.241634171663267,0.0471690710701514,1.70879905403194,85,97.5204146720585,0.018839764210484,0.00503879000484478,0.888709533795714
34,0.300273793374095,0.250521076001027,0.0533835771533055,1.1073245328634,55,132.843862321065,0.0108808802180458,0.00832751427217852,0.885612174052745
35,0.933431044184906,0.310208833167262,0.0698174095202284,0.983957574057788,92,124.33349970358,0.000845621607974172,0.00818309664648026,0.606892330812989
36,0.794321227375814,0.236635222140106,0.0898029624713701,1.6791904357041,54,17.5592139563989,0.000800131183867343,0.0170827885391424,0.823826358238934
37,0.406169238479505,0.450533068595419,0.0771705499476125,0.784459857246117,64,133.733526041277,0.00298056818068493,0.0112049237687467,0.750825704268878
38,0.998600679900008,0.200305267130956,0.0451038112105569,1.13647047661473,76,45.7176078959252,0.0170133237490756,0.00470595131295733,0.505038585535251
39,0.514612852111133,0.255585313307352,0.109529189352256,0.368924718858139,58,121.871550400194,0.00997900797188748,0.011280244708173,0.65844215942244
40,0.929718753369129,0.109690700868079,0.133471225005283,0.996352663162653,42,120.20665883075,0.0174803500279645,0.00153517589227762,0.88906248333538
41,0.432702358970838,0.0905218629263341,0.170282656219983,0.325905749089271,80,52.2643045388628,0.00270938564148266,0.0183408415357443,0.935178192381514
42,0.978856751496438,0.165535170405635,0.185203076188292,1.31369195387901,37,40.7214487605379,0.0166399919002038,0.00656022475087084,0.542687633125577
43,0.144935943390219,0.376027174493482,0.178639893291274,0.346027030921075,51,13.6111987634562,0.00988379751158413,0.00122492929756176,0.826897446377901
44,0.969113431992149,0.38444229199338,0.147928514097526,1.7195812728781,21,48.665033046389,0.018570140917846,0.00975154596163891,0.00474267623596825
45,0.63580091914623,0.234921477558187,0.109611773236142,1.49470978519337,63,29.367306114547,0.0130806783781899,0.0142815208349237,0.727741847735131
46,0.168874368394446,0.259310935543298,0.187130047035972,1.53681153916819,42,9.25660657316912,0.00192247651998419,0.0131337825176213,0.740419615207939
47,0.316417823893134,0.317554633843957,0.0180128967456473,1.38114055164356,66,130.984375859296,0.000359783431584947,0.0167440816333611,0.582058578320546
48,0.120801909807534,0.173219943049133,0.10617510519475,1.9895245376606,70,89.0044932075078,0.0186937586605409,0.0105404954424733,0.811714732145192
49,0.985020228890702,0.047093488350017,0.138320948138398,1.98163906551094,95,35.4846668550745,0.015485959628555,0.0194104471786367,0.821576079009101
50,0.710545998637727,0.327940639033269,0.109980806330517,1.55543523859333,20,147.819551129267,0.0149624912247807,0.0186981927952962,0.284381130935624
51,0.244779046412278,0.368819599602818,0.0128314581464673,0.177354769375501,69,64.2128172559314,0.0175931953054992,0.00936418362353928,0.779972979622195
52,0.360983744949405,0.301014354641594,0.116647973111109,1.15467201710334,45,7.98555671120994,0.00482578240645584,0.0175593552158633,0.700970272400649
53,0.182055329111847,0.0755735692598694,0.116342099026358,1.59770139484792,73,79.2864235623507,0.0175720208064513,0.0157110707298247,0.440870065519819
54,0.192019568381319,0.244055755010485,0.0553791280845529,1.85198682202403,39,76.4906133065815,0.0137068682759162,0.0107890471454151,0.0592366775628179
55,0.974175933120772,0.459681677895321,0.114079742328455,1.35805410974466,44,99.2420878132456,0.0179058336626692,0.00775334457426798,0.23105078925658
56,0.881184512857045,0.422920508792486,0.116453140266382,0.920267970607895,51,122.521786731505,0.0149251611246634,0.0136358669316536,0.0679626739809755
57,0.237336109142005,0.0461807561207493,0.0198261512081372,1.81559977893401,47,62.0102594514261,0.0127338275236078,0.0109763896478899,0.14052848247136
58,0.542240152471908,0.482995495076035,0.0239304765822482,1.7115258636008,36,130.78541752696,0.00196428720537573,0.00334657726189122,0.766571857847273
59,0.29434286943078,0.48548725444736,0.117616898082497,0.135316201844299,48,70.5492261780077,0.0155245530977706,0.00491661027853843,0.0577195715096313
60,0.184581230187137,0.472412570234418,0.180271166274005,1.61100415037409,23,142.121577602613,0.00574525966763496,0.00630264124893583,0.896639798389515
61,0.983911305817892,0.475250361650465,0.0337858599598147,0.662167785245692,48,88.0729074857198,0.0088389941517543,0.00210193387835287,0.038668780188309
62,0.127889299835917,0.229077364169308,0.119377252294139,0.589846793219773,98,62.3370744132902,0.00464171634825878,0.0150898742440064,0.229669025003444
63,0.614353897435986,0.16809622405618,0.137711815640158,1.42197963691247,77,22.9637298029149,0.00914485087732785,0.012383747443757,0.336654156433186
64,0.232235590214748,0.411877801725254,0.158644051039829,0.367642356277094,36,73.8763805245282,0.00829656409063842,0.0183024390355544,0.672604909052607
65,0.260613696387108,0.017649013695519,0.056584002238519,0.845779254529835,69,57.0099072692916,0.0198565451546526,0.0184122303438978,0.748127276359824
66,0.593055618302035,0.227303776402019,0.0932927126248996,1.77130305548569,87,44.8110876654158,0.00122454403659329,0.0159090801411169,0.830454338959418
67,0.295439736861503,0.452569298908941,0.155329067630414,1.39456353074398,37,28.8141889689839,0.00745998370533809,0.0190713072405802,0.0794206314194016
68,0.96382257882331,0.431554123098012,0.185711217812935,0.193933012755564,82,148.335749602388,0.0036456002420187,0.014810032670619,0.69848784144246
69,0.230424866759661,0.298935435285617,0.183427083192337,0.62102863846363,52,91.724077280669,0.0179409337445814,0.00701763684865553,0.589394360110164
70,0.810403210310964,0.0956100943636684,0.142471796405362,1.50601327962447,65,124.129035447689,0.0190142786095291,0.0148579182138946,0.409910457510268
71,0.851530149383843,0.0873658905248949,0.102504291160554,0.169299381261133,58,118.144997733494,0.000284745962838642,0.00669555605695117,0.478370061369846
72,0.823117974350602,0.0519269759994978,0.0399985952967266,1.95115365250034,27,16.0449670468108,0.014753267673729,0.00667333086490165,0.519977158445632
73,0.501364720709529,0.381115740325106,0.193192554265275,1.57143934258099,39,33.8592345454032,0.000922996801547706,0.0126387015528511,0.0124082671641372
74,0.730057559272344,0.144849201822716,0.0652759912137687,1.89638397249461,29,138.94676046957,0.00904036470653955,0.00318650300427806,0.872265066097025
75,0.208520553918509,0.456932308973223,0.0283599060973129,0.199668555072066,80,107.530014410801,0.0177106402800279,0.018755536591257,0.0905216727443039
76,0.98108625517413,0.031080233368664,0.158901690196285,1.4072317962785,81,66.0237014023005,0.0158003010763787,0.0160438120866427,0.847395201922162
77,0.572568871422438,0.296157216802652,0.110324176471746,1.04911373464004,37,32.0194559278549,0.0135646125826566,0.00574064800438937,0.317453859641915
78,0.684509229465341,0.14533386633375,0.145230883544621,1.07740909813743,39,100.238709721633,0.00986626783177257,0.0122075887260353,0.487086717456812
79,0.763788731816714,0.29996582503356,0.181668007393994,0.97941591743289,82,93.9177491549053,0.0174659430348407,0.00582317362228874,0.139337371101137
80,0.959657715604384,0.19202170611321,0.0169305449854257,1.35607408978334,65,65.6995363927097,0.0106565489217266,0.00126919458221644,0.894487971454393
81,0.346301335653197,0.402929072492984,0.182941852855787,0.735994987981953,28,20.339874325844,0.0185889004231244,0.011631695966837,0.920701445679413
82,0.991014489663998,0.0813006325012771,0.083556550957975,0.815798730459693,67,113.100233472884,0.00796201921422966,0.0162198271804443,0.792864948035218
83,0.990307967249188,0.132980491751635,0.195715326528095,0.801407299360586,92,101.266868994897,0.0148898785769334,0.0121221731158206,0.707609110642225
84,0.809894476640737,0.167277416980504,0.157232607649071,0.740629272582428,80,27.3432568985852,0.00273613958522677,0.00918765464147553,0.649046885940246
85,0.986756917875307,0.201961664755966,0.115518601201377,1.13076167462806,31,7.34317048770608,0.00602097887895536,0.00831085043024272,0.076282456828747
86,0.579912373899622,0.270044412570526,0.0419688653506176,1.31894281487507,63,48.9016695370898,0.00907377837853972,0.0113505895707011,0.233459262506338
87,0.445436166095594,0.499651503347403,0.192410415272191,1.92570958167149,48,134.671612835687,0.0153133761003846,0.00440620857839007,0.00238867828366347
88,0.48674297824672,0.477865215071852,0.0971060051634512,1.41587702579414,37,136.251835851953,0.012245694297133,0.00836790821280796,0.846869143129094
89,0.119477946717874,0.185736285881302,0.120173729210638,1.60351022939836,86,48.1004433089867,0.0121479713421641,0.0108685509086913,0.719907085043145
90,0.937157541701896,0.265383536766139,0.0953304922691244,1.79206889255948,23,61.4822485869052,0.00178790204115678,0.011199301808239,0.69915132773947
91,0.216324813042278,0.370966469083966,0.0194523261060752,0.519953832310531,64,116.504187749256,0.0106018306653714,0.0119002836009301,0.44567054693005
92,0.42786226648381,0.0748400939018582,0.188128155797864,0.547940105140675,70,0.149124329444021,0.0168553919796972,0.0108940654652845,0.959598016601987
93,0.222977463451284,0.296857255450916,0.076731087040999,0.468036068168352,71,3.19450098081725,0.0120254290361702,0.0104894544011867,0.535607507966459
94,0.336218999945396,0.3045061101947,0.137899899680079,1.17890587551889,84,108.705314910749,0.00708804733660072,0.00531498168023769,0.166616508529289
95,0.482449365295307,0.10023194225596,0.18467909327951,0.776001538254484,22,86.5135994412121,0.003130779795954,0.0168275279195001,0.507907612552866
96,0.201477630895004,0.391623646149156,0.0150113876557164,1.30302204801077,46,27.8888776704669,0.00627494698907249,0.0136885202289512,0.389867360956734
97,0.957077589879581,0.156430798795454,0.139455878902453,1.28129934810374,33,46.6353438448976,0.0167501741176099,0.00289792012248188,0.370959245053586
98,0.518556824803259,0.172370519494503,0.129513076857019,1.90269127744688,54,134.101619546721,0.00428858273571823,0.00120665309977718,0.815171770962421
99,0.600579667465342,0.154137416319579,0.161976027959133,1.34943468612642,33,36.5289442713722,0.00372698381212074,0.0166880536437035,0.909804786537774
100,0.919774181178701,0.297351675974911,0.0737382039157557,1.765336689302,93,6.15924915232463,0.000516302645639516,0.0104675282513443,0.647493617488071
101,0.785261598718027,0.101637548776723,0.0842475624737958,0.205186298393947,29,100.623298272584,0.000193811705089174,0.0148635191291803,0.319701512850821
102,0.688896741746296,0.329144533198962,0.173415971935415,1.54880585813692,51,80.6273810077342,0.0165335692787962,0.00258945780639071,0.955257600311888
103,0.399878717474896,0.0537542117624241,0.0937530536974245,0.962862962242519,34,144.079130796273,0.0081536316174129,0.00254019355414435,0.810019139336888
104,0.498886616926198,0.333944446942671,0.0447532844751002,0.813065712132375,53,143.376109278447,0.00500869685196783,0.0115981977481302,0.329045916792937
105,0.140193932061037,0.284690745390244,0.165040867084232,1.45047825804432,36,49.1363744469127,0.014948105501174,0.0165696525954641,0.462823743971065
106,0.396234698404372,0.0628494603790925,0.0442863013311592,0.76215766188819,79,27.514075524034,0.0184992553188279,0.00361149662571494,0.990132409450365
107,0.495846834549052,0.0196353136589332,0.0309070206669276,1.41419881793836,89,9.48446025154553,0.0151411481572874,0.019956720040408,0.902844088714337
108,0.940555311597418,0.224156990666171,0.0509622736525792,0.971253280885564,37,142.968818973808,0.0116626322359685,0.017054684284688,0.44702945918683
109,0.389192759352177,0.425287747232353,0.16206983101903,1.25982043204622,46,67.7321009169566,0.000725770588009618,1.93376283627003e-06,0.907200946452096
110,0.569116716889711,0.0785835564536508,0.0335379326809919,0.848076482093637,48,116.603183520539,0.0193721843500249,0.0128408575607603,0.281687665228732
111,0.944080548363831,0.17723278155311,0.15776797713049,1.42336205783112,62,131.964575979591,0.00322791581421625,0.0139531528991694,0.617846943320939
112,0.128980012924853,0.335116331388282,0.0772926347824023,0.725266411719588,65,72.1403717824258,0.0161407204498118,0.0114520248396602,0.0508006331424695
113,0.541500506348838,0.28573312316241,0.154446584998553,0.442914143591863,68,17.5149391310988,0.0107062321896898,0.00917507025253959,0.573241869579535
114,0.81496878780555,0.225139743732226,0.197595836836973,1.72886570194839,39,47.6008212810382,0.00673178051469382,0.00296394025753718,0.171378299219767
115,0.771330868763709,0.255247076101543,0.108211045051294,1.66504643692996,74,68.4475783165544,0.0116875720539503,0.0130069980250252,0.443646238681162
116,0.271276761097531,0.25850319352926,0.112007268274687,1.39030142214706,41,130.010962774779,0.011393559420011,0.00140215182166081,0.558522953508655
117,0.54072239371473,0.408878776632773,0.111610847784786,1.70432427089354,30,123.521810086432,0.00683285446384922,0.0114376843380369,0.368337468043435
118,0.175735545365303,0.349729015055224,0.164921163148414,1.41853563847595,31,100.080159739754,0.0102749595510215,0.0178340027835546,0.41946794282971
119,0.539082802394009,0.335588328130394,0.0847049437669106,0.116712408277066,23,60.2981920054299,0.0178666921098484,0.0125665514836134,0.312064243938774
120,0.46426016995844,0.35921719254649,0.141589991292781,1.11309492277591,92,135.765346316749,0.00670549636121374,0.00983683701715898,0.508198986952659
121,0.806996045515267,0.420151588368304,0.0273728211780428,0.572113354203757,33,51.9211675686878,0.0101043363481434,0.0190884433754673,0.929140904434491
122,0.23643125328715,0.411732334378981,0.198357462459579,1.84637500682042,75,52.8655111398781,0.0155444349019974,0.0194217072829697,0.600614180082921
123,0.548129179084557,0.479666110216798,0.167914472411866,0.550141137902741,68,62.7591722275363,0.0189982960254746,0.0193908534264844,0.289117708219448
124,0.384511447626702,0.451931632101231,0.0303974755573366,1.68958972747743,27,114.820780275192,0.00412059465377592,0.00634111282859929,0.900232459180523
125,0.906426327226986,0.100984328277197,0.0763990538782696,0.106946388372895,57,110.197561156028,0.0149883160902932,0.0137904371519387,0.170151105284691
126,0.43447087892131,0.221023325127275,0.0819658834314975,1.10452825761188,53,106.011691382609,0.00639182822817005,3.3022512733005e-05,0.884012989282608
127,0.758970631398214,0.469892839160168,0.181531519131209,1.54490818113368,76,109.975354507333,0.00981098577940371,0.0175283845681651,0.584569484565407
128,0.902570092131873,0.482736686308384,0.17633333082306,1.89810284389379,28,137.577014929557,0.00723786635920871,0.0041227691624267,0.0776731475240085
129,0.654369011151581,0.273164441963639,0.195257152656973,0.407249656145927,40,15.6527093293145,0.00411962368412875,0.00304745387224481,0.146743986222893
130,0.111888539914158,0.223420999425245,0.0662410757863778,1.51097050839402,32,26.2495161887258,0.0140894878434157,0.000569823250733316,0.190350505749462
131,0.916585439708759,0.407352572700894,0.0251544470740436,0.160787361986749,95,146.637442835968,0.00931395010379609,0.0197724849731848,0.294863526680507
132,0.638709129889915,0.0502414160477184,0.161318707772489,1.3221616491836,42,62.9371820966131,0.0126288223174307,0.00370808050432708,0.202323765996844
133,0.949960531631135,0.329602071357628,0.111243535159396,1.0560537205583,75,16.9452884092927,0.0150330412173551,0.00025461736896541,0.277128778154496
134,0.789922423281148,0.0242461919650179,0.0261379342170479,1.92262707651977,21,71.0192216970026,0.00368764047835022,0.0196996876337193,0.983601455582073
135,0.362918912332365,0.245467680177847,0.177938069721891,1.56414166186564,84,114.914396655955,0.0168759853965556,0.0137577449608594,0.234795568725094
136,0.976793747347314,0.323769302104795,0.0807960373034258,1.82110338276008,29,89.8010470874026,0.0033531987316953,0.00760414239100181,0.397364912736695
137,0.705200116398907,0.193526195653644,0.121150537461538,0.652825740224728,80,128.561722816341,0.00432081133209635,0.0196489330409328,0.224965051972074
138,0.254372376835602,0.360413312348011,0.171668799992474,1.43085262451468,98,119.797783487581,0.0170206045299536,0.00257028840494808,0.0140244586863555
139,0.275365222484712,0.290423762852151,0.0791239338441566,0.157340576278116,51,42.7117500864901,0.0176036275359336,0.0176821980681829,0.980910729719559
140,0.539461368537648,0.142750209451574,0.0494020476220921,1.31055119981256,83,1.6356649370282,0.00295798101492226,0.017100483993534,0.0308770504554268
141,0.586666138356715,0.131947559869925,0.168340851604259,1.44276219530976,42,131.309211419674,0.0154294153120089,0.0133181494321954,0.671259890206857
142,0.402101790906419,0.177001154459077,0.145839895495945,0.574340348694497,64,59.9144743226934,0.00559042574802879,0.000817741181384772,0.037392294945661
143,0.846951581782731,0.0824711112538469,0.174203071742672,1.80421473378553,77,54.4487976003787,0.015269226783542,0.0103078493687697,0.66314221806312
144,0.832531839172891,0.464995790650467,0.109169439520917,0.567287251583883,80,37.303804831265,0.00762304833757226,0.00478728092719335,0.861140943787526
145,0.423189774145931,0.48636991670585,0.134761716921518,0.891654515261645,56,129.422076116048,0.0117675796266738,0.0158236082577938,0.574423390333541
146,0.104492072930327,0.306187349858766,0.160493519732859,0.597205340176635,35,16.6998577451566,0.0135858912181621,0.0074655371607095,0.996412951034959
147,0.806323321023863,0.358553386819456,0.189707304004352,0.947543116802559,79,57.6656708802679,0.00605035534244962,0.0198903999781609,0.539721032655332
148,0.520727301502577,0.474184504289655,0.0725148114418494,0.419829859811231,93,121.147833814379,0.0125260206716927,0.0118033846668294,0.746766888631741
149,0.722662598155043,0.299326135822441,0.122403338580031,1.96906867745486,22,81.2284395877621,0.0021897008249769,0.00098283097108826,0.83988787701074
150,0.13612815977789,0.379319053468422,0.0825352089237957,0.832749926701933,45,105.017348651437,0.00621777124642394,0.0149813125675824,0.442581731288228
151,0.867038217216288,0.363414984668707,0.136615195978049,1.5287554438733,68,111.400985738507,0.00326378582318313,0.00225801458646543,0.735535192477517
152,0.685077144148806,0.342798386440969,0.140874673230562,0.768497503530048,63,1.08782898732461,0.0017389798862068,0.0153697606000537,0.0702831799974665
153,0.223468905781861,0.326768455598447,0.0208625775778107,0.119522763076844,95,125.611862561095,0.00938090951172169,0.0113026536398148,0.662118443666724
154,0.32643207758991,0.315300369956766,0.143931026565635,0.77843302200092,76,142.695974879747,0.0101603945241403,0.00174359192552511,0.701498230573023
155,0.978344387223292,0.361656901361037,0.088643045591258,1.8727900604628,100,95.0733911911142,0.00799422267962713,0.0188889926186111,0.0980785501543432
156,0.598524539248738,0.490666046020433,0.0405676351049286,1.15386069130977,49,121.286749633192,0.00728933594840579,0.00724111730033532,0.919832079758169
157,0.339050417274726,0.264995822670627,0.191688705195633,0.744321412564674,70,83.3750565078459,0.0135116947284713,0.0164058617100073,0.0413414356959984
158,0.241518548157439,0.201571516819794,0.106554695361673,0.624284733479447,83,18.2860588714946,0.0136587506039394,0.0144209408833552,0.451468203362077
159,0.581012463725777,0.113816225538426,0.037095615799129,1.25705723057701,44,41.0654301389353,0.00220842160838656,0.0135585274049314,0.292538779401453
160,0.379845950296521,0.381492421290681,0.17129478323363,1.07091748108333,88,133.618065810751,0.0167083718546713,0.0178157922239555,0.269942052541068
161,0.986396214745403,0.0178540940149664,0.130510935798727,1.82492274745184,23,49.2919341059402,0.0078030003720941,0.0129306361667486,0.0544888118966483
162,0.380211927145766,0.233619807827345,0.0618174465656281,1.69048976515573,85,85.0862612290657,0.0104590352834715,0.0179769306316366,0.726216970828362
163,0.124195328639308,0.274813950758877,0.116149940940645,1.52062754623275,54,90.4454230240546,0.000301037082136609,0.000128644934236072,0.259930208645761
164,0.669082490076171,0.161461572232591,0.167807377866146,1.13973106445961,74,36.7989002117305,0.0112193819791125,0.0175034038475994,0.596726990859956
165,0.433042761034449,0.0792974401759333,0.117103909850342,1.92149573400563,46,76.7246693473309,0.00702662475364283,0.0151374680217681,0.948185196411097
166,0.5337108981397,0.40083172920082,0.0286368631200586,1.57644571731056,26,47.0900130617665,0.000603789841029793,0.00221860288598575,0.112184667953523
167,0.68978251304992,0.463145812952567,0.198942270805608,1.82570601235996,41,136.870158449421,0.0172600713458145,0.00166569881627336,0.147722006337717
168,0.579310006526765,0.12421793532975,0.0742857790472917,1.702793152391,52,132.429566850455,0.00691205023832154,0.00459487246003468,0.599025544826407
169,0.447513634060603,0.156544306626434,0.193402717111527,1.44139012889089,30,133.386366139166,0.00965538029114716,0.0199725973542966,0.729055534724612
170,0.949280397754209,0.44234545534391,0.0800226628922112,1.13470458916822,65,23.7943950154586,0.00878482161965221,0.0180516159005696,0.580085138806375
171,0.186823017740273,0.159252303303429,0.107426106297355,1.32741808548125,63,125.234637022298,0.000991006592269987,0.016424181208997,0.678323702209163
172,0.788721952369343,0.318166057877222,0.0641303934052563,1.28971615698871,50,6.81140383193269,0.00752695536695886,0.00662243180560414,0.430184932385571
173,0.157683956363751,0.330328925772789,0.0463829230282712,0.773096592620853,81,66.2608599001542,0.0116117046113731,0.00411233682841528,0.20674400096247
174,0.277453183798515,0.158104690636692,0.18128862053521,0.643893019458512,96,33.9020447631832,0.00143749145846814,0.0193500373044983,0.979223579190671
175,0.189557262946968,0.0479569397519971,0.0563577180580283,1.37372328349871,93,18.4978661621106,0.00833686100609135,0.00534140148746781,0.14237823918811
176,0.503138803917309,0.389194587235993,0.114994737235359,1.22073271556653,70,88.7570830154582,0.00735483094444033,0.00253631463876925,0.937092013273388
177,0.819045978814061,0.086588209504697,0.0910900462994934,1.62414241179693,82,127.608965648327,8.5976622980088e-05,0.0162756441306695,0.133444753735093
178,0.146473199607525,0.292921389564774,0.133532830881502,0.704081785829738,76,59.5599593174527,0.0139225502123777,0.00702777608911972,0.452284486061893
179,0.477559946412221,0.0441925118779764,0.0784892687830445,1.01788274743438,68,3.4617759196437,0.0154481252829591,0.000203220136775635,0.400032526804134
180,0.393558698079735,0.0381882310100133,0.190319405499792,0.290147287091007,45,87.3624031702057,0.0035987595473649,0.0128937463107798,0.339473966764752
181,0.377345309903217,0.149939966739861,0.0766190287156659,0.390332629015809,68,38.6358355857432,0.007606955780969,0.0131197239668062,0.603693954172544
182,0.575789368503471,0.316249395282802,0.174120180912886,1.83778897993034,29,126.567699896428,0.011355062594763,0.0164732627265109,0.918616826191312
183,0.599038196645444,0.286006909754546,0.0755347588236863,1.63905565308621,24,117.507564177958,0.00934076670724433,0.00303035998620559,0.637190991983283
184,0.659143376439461,0.448760273868195,0.159160544516926,0.757272823334532,71,147.265869484178,0.00580381895976607,0.00416259601118974,0.316909861425869
185,0.814255510963989,0.414341989240462,0.0757960181666701,0.273376492251456,21,106.179066506855,0.00127971565905027,0.0102261984388903,0.79363472197298
186,0.556953639825969,0.0671184784726682,0.189327034315679,1.38500085857434,29,137.726352960197,0.00476993317575194,0.00633194191722665,0.831904118014034
187,0.921975355508109,0.439575727645368,0.0145937333545322,0.266522764922795,54,45.1427190090646,0.012000182057363,0.0123588244990585,0.685042114932789
188,0.210475196465314,0.181943015748439,0.0587067109688208,0.883327067209035,87,42.2370104397414,0.0185247981876601,0.00676275653391611,0.279568838417763
189,0.99690162655185,0.281537580542704,0.0521242636264442,0.3095222163792,23,106.395960667077,0.00843494728889782,0.0142676502702199,0.494141329807695
190,0.82360938472643,0.0650410513618472,0.122841201546926,0.938139703286416,22,148.720769826556,0.0152883115490107,0.0106262676555477,0.743180649643065
191,0.885197240318148,0.191771132693719,0.148234429075632,0.486691626777733,93,53.2423005838646,0.00457105497387704,0.00927523901124951,0.543507460753899
192,0.173257828231622,0.385155815121974,0.0917071909693163,0.143191217307467,91,78.1095385509543,0.0134171555942297,0.010824247186915,0.613853075478226
193,0.195164855924062,0.493161833071148,0.112411952896891,1.45960666196765,78,38.9494403861929,0.0172534615309536,0.00346704464234412,0.923831273577875
194,0.652173841149686,0.383437472094393,0.195092366848025,0.495888880715333,56,2.30536376230884,0.015350631401157,0.0166552433616295,0.0344974704340566
195,0.942684957031207,0.105060339954663,0.146849957266813,0.203153533987212,61,22.4683232538518,0.0191547808852326,0.0147800889575481,0.513739771519089
196,0.446375469810818,0.270700689975726,0.153872704636343,1.47532730678318,44,35.7628147541312,0.00852386639172211,0.00776104014019948,0.138388788526412
197,0.898278383549699,0.327297964619366,0.0629506623129663,1.63420595829282,71,58.800160976965,0.0059520760653913,0.00227727340155747,0.0626749555722345
198,0.95176194513517,0.28393948098093,0.125380813532863,0.532548176412145,95,33.5281091274228,0.0153927665642323,0.00716741295830347,0.52218869757955
199,0.455350610419572,0.421039066219749,0.0517609639049554,0.924708177291858,63,52.5325562176877,0.0162788338857517,0.00332266011657193,0.954562556399498
200,0.281815554803773,0.0153841820360185,0.0648369992214721,1.38748416488448,69,12.9138343516504,0.0100251534138992,0.00309220863231923,0.200472833958687
201,0.94847136449744,0.317182055597936,0.0277999222049536,0.582899177199975,78,89.9925047816942,0.0140664570066705,0.00851159304887522,0.720013861179585
202,0.28827667854426,0.126821688536666,0.0846489420472877,1.67316251761965,100,13.4967006673571,0.0093622654945543,0.0116860963296331,0.711667021375615
203,0.615651396425953,0.0191013246724033,0.183098549909254,0.698469979709038,61,88.3188109197887,0.0185586794723291,0.0187397262129607,0.785403151559411
204,0.729848994966992,0.174131978636275,0.182525891579282,1.20074526165675,43,118.853771464352,0.0024486242670007,0.00920133732300717,0.890315677640494
205,0.115321873370092,0.210938262361183,0.0225253520993772,0.957671061518206,52,49.8492985519348,0.0119060119452886,0.0136078678199975,0.931578084488865
206,0.74472881797126,0.152810060589616,0.0727052588156727,0.321777442595852,61,45.9673759755562,0.00316465009332169,0.00170569498750847,0.512302762421546
207,0.825025408012955,0.476648872242149,0.0175778926958842,1.03178148123957,72,40.1094652179047,0.00568569704723079,0.00198765476878267,0.686418398228707
208,0.431007694466389,0.225818616797787,0.185958267420088,1.61007587419725,84,65.1129137731972,0.0191701056226669,0.0147129074597731,0.739499189808033
209,0.69580768902949,0.496253758116241,0.0165754736360651,1.33190213143614,25,136.540234970651,0.0105406683684606,0.00864682377795689,0.540113836858422
210,0.133608297057287,0.436222037457118,0.128636619717902,1.909680283227,34,144.195065838774,0.0150461653309828,0.015314295012895,0.871995509366272
211,0.73582759484027,0.0985149000322143,0.197427330857869,0.649076954554208,45,84.0623165351688,0.0075773765632743,0.00893212700513192,0.24013300584536
212,0.159088150634524,0.296228631100869,0.042320035179127,1.17319785286242,73,69.393317783461,0.0116285665193666,0.00367894332147203,0.881995905436575
213,0.68262877160362,0.489143213400359,0.0943743928853259,1.91470489726732,68,101.033362655668,0.0198708106954396,0.00853612163869664,0.0831164791113697
214,0.87454787571195,0.217853753991809,0.0238522907494847,0.217451110487944,85,69.2399401469738,0.0187736659622844,0.00468286390735302,0.768923911539139
215,0.550445455483813,0.210622650550576,0.171907802075918,0.373578000317747,61,103.663860765123,0.0159091212841542,0.00679488954049069,0.434436996644363
216,0.385531650102651,0.210191801890151,0.156324696771193,1.14200126538596,93,48.7638573830947,0.00597557707254775,0.0154500188307371,0.0328983549831901
217,0.247209528891766,0.0185901266807737,0.184266073332015,0.92334557743296,64,130.174961021869,0.0189346172959032,0.00735822891236749,0.251231081720674
218,0.465393509912491,0.215225625993544,0.185468335812755,0.615786403320031,60,97.7554926436627,0.0161135230293125,0.00935220322168898,0.934025792998727
219,0.462724282318167,0.102337595309084,0.164686141245402,1.98362540601217,91,42.5813146372908,0.00952392367859371,0.0101740557733597,0.903314864344196
220,0.659973731610435,0.179272301913914,0.0187373147239746,0.48103007553597,63,139.253555313405,0.018359146708753,0.00278554035926703,0.614990229352843
221,0.73467255328584,0.0634469344570045,0.194282655828262,0.312801221618173,31,55.3113606821629,0.0184154406539118,0.010208604470198,0.107028472789563
222,0.92134836577815,0.0477133336161543,0.0701893280482385,0.855673290399345,69,109.281190034584,0.00437284319593105,0.0115296485496359,0.000623191641177982
223,0.443354254892725,0.340156952128415,0.120366285867053,1.22896656514094,67,87.1526906221756,0.00611649779741187,0.0114121453352878,0.745519322701963
224,0.691324523844593,0.112549281156524,0.0958970414727135,0.709311297616037,68,80.0323422035552,0.0120495661339024,0.012739781634477,0.173763167537283
225,0.474973918496538,0.11875084978505,0.154898313293287,0.384316057937196,78,74.5224545954727,0.0147317770450097,0.00598317279349081,0.849354863913963
226,0.938684102952736,0.258416024719384,0.138554304464175,1.86396563024921,26,75.2070747772115,0.0117492074708594,0.00160698921730276,0.797742095963098
227,0.305168507279758,0.421658118216279,0.144038360378519,1.97564096385895,62,107.046463365492,0.00425505464066751,0.0148879952027928,0.315404944109032
228,0.595167179781408,0.249442448979383,0.0782763407412032,1.38274865596038,92,42.0512107333168,0.01105301242813,0.00196601566970348,0.761673713395372
229,0.523808351954725,0.276741839851141,0.0982557068118849,1.36933350132436,97,110.294371505559,0.00243253237397876,0.00888098282181658,0.627560921014519
230,0.50227359561089,0.256791504441802,0.195549395283812,0.960751557391579,94,22.8324702176847,0.0110206296147266,0.00163639515016228,0.65633196532703
231,0.369555430621654,0.434737521306847,0.060122074086417,1.93769836857403,69,27.1302002470242,0.00292234468131792,0.00277988961847033,0.986385031714803
232,0.561840609565354,0.132499365706542,0.0102744850661885,1.89483145275686,85,21.2249336786452,0.00592160916155204,0.000590611094352789,0.763419919690583
233,0.411044529391755,0.101394025700677,0.0354661849866388,0.663995250650379,65,122.207298446784,0.0169600800702255,0.0192030228428217,0.609305781214265
234,0.30908198084035,0.224946496307182,0.0588580462602037,1.090662438704,77,80.856501168001,0.00810278293335345,0.00946572721097153,0.235293285188964
235,0.272868003814574,0.480946340716849,0.0157318032293255,0.946977624230902,80,42.3891899818671,0.00742773725424893,0.0135869891981827,0.180211038461421
236,0.971763570012385,0.094469985963176,0.0822477765226201,0.494155546885566,47,67.3359089371632,0.00659290980848484,0.0111614047222957,0.877526912922272
237,0.337383037330257,0.312548944311945,0.127131929939238,0.99853366015316,46,54.5899350627442,0.0137765437723231,0.0183840841036942,0.438104065106018
238,0.408427944096178,0.445939283157825,0.0997445796722942,0.278780273821251,40,118.57131550099,0.00321072931040078,0.00882698512295727,0.936467276733136
239,0.552445956621901,0.115916675391155,0.059061272388848,1.58266040150023,43,141.12301468947,0.0158448425270105,0.000681983972387388,0.96620901739574
240,0.268016060052603,0.207916036382886,0.0559611448180676,0.894450289338012,53,57.9440029320424,0.011017222027001,0.0130895671398519,0.391789504048415
241,0.811770473266556,0.247499068312375,0.119610536185438,0.393796283132071,31,81.7248154567787,0.0197563672193,0.0194506824805308,0.611653433858184
242,0.190700398977101,0.089636253747528,0.126036039091314,0.455539495726093,71,116.243186820124,0.0178846974208858,0.00590882301066536,0.394999972797465
243,0.248950933439331,0.387315269001587,0.0495981882296572,1.37838231472194,54,90.8372776718927,0.00530591647098306,0.00652081452546176,0.963984285613522
244,0.716625710233115,0.161032649897765,0.101117170446455,0.208868688843236,83,114.58568724686,0.00733528845353052,0.00350571901406627,0.835924498228822
245,0.80368922977692,0.140926876494552,0.0979880931164767,1.12716364456234,88,85.5861159471329,0.0170484625062253,0.0195682038857648,0.855394744732417
246,0.37541695553714,0.096646609554931,0.087173462818882,1.03550343624309,21,114.369856146793,0.00513274254159536,0.0107507273997413,0.960899555636104
247,0.642054620981962,0.0121699556839583,0.0645315360873332,0.676538723365613,46,123.186081449082,0.000541062867715955,0.0178477044714475,0.874175251407316
248,0.424604205471207,0.17864035680573,0.11911888500883,0.71888020746992,85,129.571343335533,0.00669887949497439,0.00448484025096521,0.548158464357257
249,0.106875256436458,0.326292016435049,0.10465136781825,1.43230244263504,85,87.9983108643908,0.0195147942425311,0.0179410510942899,0.441242355889874
250,0.358521601636359,0.220031297353539,0.100775642880022,0.981941290528281,53,58.6769518662128,0.00176593742605299,0.0189129001828982,0.945521333607612
251,0.181359559286362,0.126139970695062,0.0133485813405598,1.00522870343782,98,102.182855320314,0.0199329042302957,0.0116520009147096,0.952510555131594
252,0.553270830778172,0.150919137491088,0.0877860871131904,1.02956398720073,90,19.4458128119004,0.00278384074727539,0.0185848329546396,0.303863971062936
253,0.741720820306125,0.212115575910888,0.043843708377385,1.21588344517045,89,20.4963584483718,0.0146091907139122,0.0106053574057063,0.70526136197336
254,0.910956983472058,0.338426003672595,0.139050012600734,0.281701807061164,54,120.668715652137,0.0161719118745672,0.016033555789711,0.567517488796031
255,0.609331778104021,0.294972202667249,0.0231866240032204,0.807514933569496,40,110.516447276738,0.00378982457305305,0.0165017477385281,0.692956291968003
256,0.270164901781594,0.287926148578436,0.113408990898929,0.4978812654112,72,56.1492830074159,0.00289055651593953,0.0106589120803587,0.817725031658541
257,0.856373476178665,0.157388248331691,0.143174959487908,1.87869847939832,78,109.094476095017,0.0199143599178968,0.00536390203884803,0.583965398863424
258,0.471615198497334,0.450070552505506,0.0775172906857077,1.04378840779169,30,41.53651475769,0.0123050507664587,0.00769973202432971,0.0860106701604091
259,0.367673427083343,0.0697098978375387,0.064279833022831,1.19132553373119,62,78.6869801644469,0.0132461439072015,0.0181415511711827,0.31158355264808
260,0.734169751932309,0.356097734733773,0.0228786204583873,1.08394374966233,73,74.8619452807121,0.0192056256884849,0.014015925695016,0.318883705564309
261,0.628071019183984,0.380771072269259,0.110882106189718,1.86681023112873,59,50.5153030244051,0.000372529255454429,0.0111595751986187,0.852288633930031
262,0.772560210151086,0.467236618089674,0.0511403327355697,0.71011513106199,50,134.000273952994,0.00821798335099593,0.00806872121758293,0.756354466622928
263,0.929926683831611,0.389538139529843,0.0135189590046718,0.719481641269545,76,19.6056096941116,0.00367252489952836,0.015657672598483,0.420338287966093
264,0.186260154137923,0.337182054726216,0.0915014884432568,0.542294631969091,64,105.786757650215,0.0196258025141153,0.0095635898940172,0.201614059974207
265,0.72782724833712,0.0272584841811866,0.135224008761768,0.53473932658229,81,103.45343051122,0.00325635602868628,0.0182702265188983,0.352465122229652
266,0.5996695494215,0.4943411309921,0.197783259916538,0.184033133596159,41,5.96048202387756,0.0124826128978189,0.00232929702219553,0.819335659048753
267,0.288048032043176,0.0489623832728574,0.0519168774208566,0.138984710944933,38,94.7125904569519,0.00115203464276623,0.0198271256196965,0.517271482745418
268,0.835362621829961,0.153607472944751,0.105443553645681,0.994107185461232,71,25.1914615522488,0.0122676328924671,0.00359279354964383,0.533105754250661
269,0.211426057098131,0.429294770047357,0.0876086885093804,0.25243831475866,60,122.920973248605,0.0141487670711242,0.00172018978402019,0.431837168896338
270,0.391886037323158,0.493985726351098,0.135667922393833,1.40441074026236,30,72.2528532904806,7.64259569766e-05,0.00463352112529334,0.454000448470004
271,0.604528085879516,0.179977675941279,0.0624237729382957,0.876840935900598,21,38.8229601549217,0.0193382859602151,0.00556264521123376,0.0693124443469569
272,0.180972187144589,0.0333626740166149,0.0934959085922409,1.55882621556364,65,107.83021316888,0.00128988741811365,0.00600574510147795,0.592687770552002
273,0.756920515981316,0.390541730580931,0.104176968323684,1.96633475752268,23,48.5792992199887,0.00498574669817463,0.00579227075857576,0.634201954276068
274,0.812993704920844,0.230919393303457,0.103882553615258,0.230033074675244,90,149.112277347408,0.0139940328601096,0.00802102289008908,0.0439259637882933
275,0.347226831869385,0.109058115652334,0.0162669806451607,1.85706193777029,73,102.503000221308,0.000701019281777553,0.0192751881204546,0.973295087656938
276,0.881864570378815,0.128107095947471,0.0200237817686051,0.667588876667921,21,91.5616934253252,0.00209981983867474,0.0170325670364778,0.203125532083446
277,0.112991725192661,0.238736778170611,0.184561664195182,1.053199680886,58,51.8978444934357,0.00561638819960877,0.00229546402545646,0.0217116465950385
278,0.324747776490031,0.239581484282031,0.142013463152577,1.79366868735258,87,41.2060273768846,0.0124009330453863,0.00848367529826239,0.848189408513252
279,0.207133851336455,0.0512553700825269,0.0869561441204464,0.899353129559942,47,73.7844671035535,0.0139428218436893,0.00157883905684575,0.183338134392165
280,0.922798705634056,0.367978960304803,0.168142241820616,1.10314299075115,32,48.4342922260752,0.0176256585090747,0.0169497909309063,0.105519561523804
281,0.933186763184075,0.43653961190186,0.158011157550481,1.82279332675529,62,141.352488282497,0.0165926672359742,0.0171928775986377,0.158629499030998
282,0.296290143026784,0.271686504181682,0.145627428384696,1.09767899139288,54,114.13054551403,0.00793149464592338,0.00133901240997482,0.982940927915275
283,0.626990651595453,0.106823236302135,0.19105170588911,0.975201091843517,74,68.9003391619655,0.00747206290803384,0.0053839282613527,0.709460439457092
284,0.61106339922715,0.170024126254076,0.169049932173172,0.659491297022067,44,34.909159319324,0.00528077099809423,0.00241053749831393,0.00955999749037437
285,0.799553522904869,0.306529247093995,0.113845034125971,0.991249131704681,47,118.390629958198,0.0169881907111965,0.0186796135490341,0.964858776427107
286,0.466294348427397,0.226735075668688,0.099660243484471,1.61468490672468,90,89.6023570016027,0.0104795999626489,0.00566455618193839,0.57664721684833
287,0.264792689545779,0.286608263181958,0.0635470889983605,0.636225383133674,80,125.263439973572,0.0197398795230361,0.000285998733970337,0.742849291508785
288,0.291910495403223,0.240340098064158,0.0787492718327022,0.858173288011434,84,49.3950962035451,0.00999411318930797,0.00299598518125713,0.343335508244578
289,0.73093734022046,0.491661662750458,0.150141033628243,1.59018360656463,79,5.81293475091225,0.0186317128363298,0.00718199674755335,0.366896429507062
290,0.85834086718508,0.492815710254689,0.076959853480726,0.275389935002313,25,120.803020302427,0.0182883436627174,0.0144660060577886,0.845634288091213
291,0.883532365345885,0.338903692444307,0.153742636653432,0.115087850860832,42,34.2671309718629,0.000407179157380015,0.0159912201547064,0.114514762112871
292,0.618185497642425,0.464512666285164,0.0288140818566876,0.515583777858107,49,101.761427278421,0.00872360683766194,0.000346818710654043,0.860298656281317
293,0.10183928127226,0.385980335920211,0.161209436968423,1.17931546230831,96,106.929757770582,0.00768306459188461,0.00146481708243489,0.468093908814248
294,0.737500431582448,0.333002098787499,0.0887697929994855,0.77156407412705,22,124.023455170635,0.0116447400387423,0.0190413455867302,0.053178839152446
295,0.841759965848038,0.473677605328476,0.0925155614401307,1.72676544806869,51,50.6229258233216,0.000828625257387757,0.00119631832881365,0.916622030489612
296,0.624225112605444,0.218311595540021,0.182298084963737,1.01104411423826,35,10.6782407474122,0.00974921773700975,0.00756843345670495,0.34974080793513
297,0.107219872983638,0.072093136227997,0.0119980603621947,0.97701213876179,82,78.2303335391683,0.0195417850266444,0.0155803582750307,0.216411217969842
298,0.246052005005907,0.362242883070784,0.0636552405567234,0.459001094453596,31,10.1310947811347,0.00168143475967459,0.0102609742400423,0.425584752052557
299,0.129855016825185,0.182174161978595,0.121922648350524,0.470765964847547,93,15.3429911817424,0.0159892827148084,0.0156192951334314,0.947917143363738
300,0.437163145605824,0.0875481529809232,0.0554918756198953,1.30144868037114,35,90.7341262347065,0.0053222928116424,0.0144151194469072,0.805158122006105
301,0.148172380048386,0.474661907714796,0.0440425819804915,0.387368411380215,86,113.607360186148,0.0118980501927156,0.00629984884821344,0.302125646516681
302,0.63999123170576,0.325247198127597,0.143375574973316,1.58904994664465,63,77.3838414694648,0.00199121796471532,0.00415890083122067,0.562551322359359
303,0.581742695285776,0.341083587424869,0.0457461339107715,0.31884471329574,81,60.4639591751271,0.00680877852758393,0.00393695449371357,0.472209773482988
304,0.285792715339549,0.385782258034735,0.163103363373107,1.95933004432516,69,25.4755883284961,0.0127577752424637,0.0106901698895125,0.497524135116255
305,0.34253432011141,0.020167316183229,0.0637971002065041,0.214726591208018,62,82.9462541892193,0.0115255126602529,0.00452197472363245,0.676596759249456
306,0.422398145395191,0.382286802519015,0.156269558541169,1.97720833184479,41,58.0585298987338,0.0157793924143724,0.0122845324707869,0.181777642491041
307,0.54578157229193,0.142250689124474,0.183904631046178,1.08823742987155,88,83.408047432336,0.00932536567022093,0.00707233775263187,0.962666321937693
308,0.530810797615512,0.213599146144723,0.0851280975158443,0.95520185379982,60,61.2325685724034,0.0183770750297885,0.0118210713894432,0.390138459361857
309,0.287027863112232,0.302876351735364,0.152036686855038,1.73182671726509,86,41.2909100233926,0.00117283962777816,0.0045069421218615,0.412476559608709
310,0.442299437816884,0.0618599980220012,0.180208127182855,1.89348412637108,60,104.526662327524,0.00864777228027117,0.019996453947085,0.798916559308302
311,0.5494633259831,0.217602398147481,0.0447904675135505,0.336102056866488,62,139.562560436048,0.019765567995375,0.015352678261823,0.681496121850563
312,0.924968906024564,0.069037843749579,0.179948440453003,0.885551864879602,78,76.8939719590824,0.0108041315398598,0.0172924501496926,0.985542649182025
313,0.576210132499598,0.421404726683109,0.0125962097337283,0.646159643524676,87,54.0610684991581,0.00157712744185235,0.00942078900504857,0.687233722778736
314,0.999377486637793,0.234720584941711,0.172466208407013,1.7007294765383,94,146.841445260379,0.016245275470959,0.0152001739715971,0.131402617209125
315,0.19292534638592,0.0790031756189372,0.036148623416347,1.04187854907447,80,132.699492396321,0.00350586381388828,0.0149430303029437,0.457917525286786
316,0.53828111745473,0.367058736372211,0.0365767209757632,0.147975399696245,74,115.984366001619,0.00971596547259018,0.00715417842261493,0.331094747017836
317,0.109724867777736,0.0127506603592751,0.149930407345768,0.986775474459119,44,97.3205899266293,0.0114628875521431,0.0196147345922142,0.363954883422935
318,0.278263916750811,0.454419674280065,0.153014113827755,0.161140524298674,87,87.6799269822892,0.0143018069616891,0.0149079532166105,0.20539606110123
319,0.771580128094298,0.301716366344357,0.067511434650931,1.12376390597192,35,115.406310809869,0.00438006882670336,0.014380126947714,0.143721473810496
320,0.343457258875668,0.183194093388661,0.156026787485555,0.76397154506268,89,64.7233214405249,0.0151839775501657,0.0160150399030186,0.278757555450778
321,0.913809362923866,0.251079669620774,0.0779338173346315,0.94186010408916,31,50.0728433170589,0.00641622784048319,0.00262360890487675,0.524002852196107
322,0.953177808852261,0.22995250277509,0.044563246779698,0.483232858255599,30,0.435674047912471,0.0114831067485129,0.0169368173632864,0.32500669779419
323,0.493961669383058,0.41766839687696,0.148567589068152,0.824405917662708,91,145.283196511853,0.0124443932446279,0.00405677278177813,0.965475155863678
324,0.629045122284023,0.121128699981193,0.10329998459735,1.1637722386301,80,57.25702741805,0.00399280828585848,0.0171447660785867,0.167894285378745
325,0.172083508671215,0.0661298054955015,0.156577392685048,1.53554513329926,23,37.0360483390046,0.00543048299748916,0.00576385876063257,0.355250485422323
326,0.4359074612953,0.312865432840309,0.0492863783225371,1.50020769453982,37,65.9824463475379,0.00802386382948607,0.0186039537419053,0.386636248993455
327,0.329370579711697,0.05441071755477,0.128301440443047,0.318279662874923,66,93.4147112368257,0.0193809986478649,0.000112388785826042,0.744482980710687
328,0.714209338772064,0.35311468452845,0.0291917858619965,1.28633803017456,46,144.549430256698,0.0104975415259972,0.00645469347109087,0.652334027421195
329,0.480553335770033,0.278225937158088,0.160360982703355,0.988245058449008,47,53.0413785510929,0.00654844009703025,0.0122763919391204,0.406126902812626
330,0.768824402149743,0.0446936060947785,0.0547942143182457,0.172821040051128,46,80.2168696779292,0.0195688864487316,0.00971404216827825,0.305061562219169
331,0.602072931387275,0.462257359835459,0.0172595003786427,0.315769748889143,35,68.2623672244255,0.015239528690516,0.00878341760754585,0.654148248333717
332,0.931779986357992,0.405168178179897,0.148929216405179,1.22600362922635,87,3.83259453795617,0.00374914232711308,0.0154708094865782,0.0613208521204069
333,0.656467714968766,0.368559268599274,0.0828683936123457,1.05957632154578,99,44.5123207934434,0.00479175629535224,0.00542231790208258,0.0222316309972666
334,0.344466137902718,0.246749576335887,0.0679720655251644,1.50576231291515,47,15.5874110402539,0.0172285657515656,0.0163165549643012,0.446815992699005
335,0.302295866075507,0.365288935352045,0.0163074243455962,0.55326324988855,82,23.2755679486552,0.00985470310510602,0.0141329826149531,0.635719076083275
336,0.499694588194159,0.175799413302694,0.0969411018384527,1.61838551075601,28,26.9538785004406,0.0151235043112468,0.00723134984986857,0.282158026132034
337,0.314668103162805,0.334832641809559,0.0557242386543402,1.96579518814811,70,49.645566096541,0.0138795988985756,0.0144557575679244,0.546129872618476
338,0.482726398145454,0.117391909996169,0.102241530559117,1.46365133968615,95,36.4313979244558,0.00900633564702235,0.00159002285844646,0.220966842583613
339,0.695026182907703,0.245142929447864,0.126475665807531,0.124571236591088,57,30.4713437312515,0.00779405741651543,0.0171796667029848,0.353957845602883
340,0.670103469580319,0.13789147064084,0.105811395518663,0.568402871863614,55,53.9111427722499,0.000331774903410114,0.00699968751479872,0.0276296941936016
341,0.373617862901418,0.120493823412966,0.0931443962832261,0.558502654372901,29,144.648168305866,0.0180348253248306,0.00963297709545121,0.89532980030519
342,0.365666276772367,0.370589082243317,0.130881340425159,1.09538568961597,26,139.183139279822,0.00648815847073216,0.0100173507995904,0.716632566932589
343,0.214489523147652,0.275800905997902,0.169522673254686,1.57436736272112,55,116.394651083427,0.0062351794142276,0.0138912201234978,0.691956704139011
344,0.460962135138526,0.243292645226219,0.0650957149644801,1.02236705384387,82,27.6934441047139,0.0020640164572373,0.0104137946953299,0.163989754620241
345,0.845358172417688,0.435189249677234,0.198200096026547,1.71053374784074,73,147.65808984912,0.0121788757402869,0.0023419108850928,0.693583594553638
346,0.498435735272989,0.0770619186294684,0.113698080075958,1.81735337468572,52,111.252260100364,0.00383426376926713,0.0166257990578795,0.858097317082807
347,0.574875982147083,0.0241333424085868,0.0614078843246237,1.78152360975186,67,92.1636122704949,0.0129705172402738,0.00265151948379353,0.435428986869752
348,0.800416462132242,0.0999143357134075,0.0387839974991488,1.94057231391754,54,141.587486821809,0.0141773288804991,0.00593848127018195,0.414687913190806
349,0.532706807646155,0.159968734270576,0.19383344873731,0.146550041768025,67,140.810298979736,0.00785558202661574,0.0136408170385566,0.0551757605436724
350,0.257372595755127,0.169427850702244,0.132455048968571,0.902733972548507,47,25.7304043856682,0.00515459505166858,0.0100959740826953,0.655627105749678
351,0.153639507034584,0.149225989760456,0.0927509280717699,1.71697167782593,30,79.9030605283566,0.0124336922539398,0.019239703940046,0.395608587034512
352,0.398847254768037,0.440296747326441,0.0626598356732586,0.365351151626883,49,141.975557959441,0.00652207586967852,0.0145014783300599,0.28582453405112
353,0.229361313455808,0.338023913636901,0.153588719476936,0.8965939694423,36,29.0504648596281,0.0196532200794155,0.00938515375102405,0.365868084288202
354,0.226950186196179,0.192662959695181,0.0691888272807165,1.64871490756853,27,117.256529296387,0.0174532284179749,0.00569794136271812,0.0725540324987378
355,0.808640483633778,0.0320097486171545,0.0230542671022983,0.724416123825451,84,77.4603415150777,0.0118361524515972,0.00044442878711503,0.813978278753348
356,0.805292762422399,0.237166045157083,0.0714622702948679,1.32504198018776,49,77.8493509669555,3.97306338557974e-05,0.0142306599040842,0.0587865528508555
357,0.559742788959993,0.43547170938116,0.198788902951165,0.712989348546416,71,26.0921931761666,0.0194043882990163,0.00472324305179063,0.46906665780698
358,0.356538265105011,0.272565686808336,0.160974746176398,0.43883931334184,59,112.44388301759,0.00305671630480792,0.00510575024248567,0.0975231219627894
359,0.137406519951765,0.353836795649538,0.115657672970856,1.2316068330592,46,98.5992175537278,0.00380855745171662,0.0162836234810483,0.223416645401623
360,0.84250932894696,0.130634457959919,0.0295162530790386,0.233015260938322,80,103.587460998713,0.0130545580791682,0.00616790797184221,0.154845302595058
361,0.201800658471114,0.0156346805946901,0.150612908303028,1.12898684514412,50,76.9841506429715,0.00204155030566733,0.00136342808815185,0.123730074228719
362,0.886876432240685,0.439032882755578,0.126810248381847,0.631806580056506,35,22.0752098281402,0.0146251193966949,0.00875540813566186,0.991406954299426
363,0.857070974134863,0.495712938905868,0.0116312118169526,0.91771985729353,32,100.788890275941,0.00339047525041737,0.00486665134411771,0.572053422020515
364,0.388265401649615,0.375231731692315,0.115404621173851,0.682018112189439,60,135.137442716933,0.0142938723453321,0.0176785858257534,0.547870778740849
365,0.939600518412632,0.0206885813715635,0.196650144087842,1.78390118426483,95,45.4651558935642,0.00259673712711316,0.00687413696071133,0.984849460301455
366,0.111553709950345,0.356899318536078,0.0324722199403821,0.246437524840119,99,25.2570046290639,0.00782199750595726,0.00880594764153939,0.242224236179609
367,0.693783168472257,0.434054356880107,0.104890000352021,0.607284754291875,20,103.161085554119,0.0040665031314455,0.00509085460571572,0.664710244459799
368,0.940868261717376,0.297895030546389,0.159433765773915,1.06620243482534,72,33.0457095033838,0.00283852895482443,0.0117706779952161,0.951819671492325
369,0.251500775226858,0.0466988114286936,0.0816463401234918,1.59665198716861,90,71.1987013352104,0.00487276901248377,0.0141439355991688,0.429751804592554
370,0.150277989841532,0.422498964134208,0.151831540461443,0.362948467856925,87,92.921377443918,0.0181872347716708,0.0132306840029173,0.0257383198502939
371,0.16932201008941,0.0992834534652997,0.155011495619004,1.76102141467675,34,24.6459598594462,0.00131397005911451,0.00165111529806163,0.341615559650585
372,0.60682074511114,0.355117302928909,0.054443032830637,1.78579137476971,69,54.2955015652813,0.00609086758863181,0.0034338818226289,0.62585283812508
373,0.421618120361352,0.273839526250758,0.17711828567523,0.463605506187864,60,148.81611075016,0.013328855697033,0.000661466518398374,0.704111808295362
374,0.854705157606257,0.394541067722552,0.0422840504348115,0.17100215560901,100,77.6330696574762,0.0129147706778906,0.0127119637834141,0.786365260926541
375,0.56615331965636,0.311999188663375,0.0437590585825522,1.94839310854841,79,23.5926310859271,0.00170770282727666,0.0108112424825644,0.0879651535211597
376,0.827641267878702,0.495442217387466,0.078953873915947,1.63526407431175,42,47.2818876783829,0.00813850056184921,0.00394805620454252,0.972185783552704
377,0.515303718290874,0.0290888347583031,0.125190611357875,0.168212219249457,40,66.3982213379815,0.00540219995472114,0.00364262198778335,0.198579665574245
378,0.191247717947536,0.0743888862244948,0.0840941526354919,0.579151488175779,58,23.1216994788498,0.0102536557028163,0.00325933666320983,0.0663327262324747
379,0.683527259508078,0.218869000442091,0.10927039715417,1.2269387459795,60,41.9092762173736,0.0199479534924496,0.0118819965246553,0.372008811009116
380,0.21307236086987,0.447212755161223,0.175182507980114,1.14465422607239,76,84.6121477234061,0.00755506715820637,0.00142277248970233,0.638568727450445
381,0.152245947937341,0.0863064442624664,0.0240947742479737,1.4346686594282,44,75.0676517575281,0.0012544432975119,0.0061871744614467,0.423725751035614
382,0.584198811630951,0.277700065220383,0.189907950885873,0.430261403984646,61,119.884546388558,0.00467347718468867,0.00821075703773648,0.89976056718966
383,0.777731270757387,0.480227058994358,0.0317379201089498,1.56682094406297,32,129.007784980105,0.00388680192844011,0.0093352719827788,0.633616315516178
384,0.544942048760364,0.350393186372274,0.114623596337927,0.303496378226648,98,111.976173719508,6.07571009080857e-06,0.00112882109203376,0.263640518439934
385,0.125542774266261,0.122971696604721,0.0909180315390322,1.74648693927822,94,133.108520720678,0.000871554630086757,0.0135136224131146,0.109033447788097
386,0.24265105038574,0.429537619049286,0.179348929311505,0.12884336042793,98,43.5265334321419,0.0150841484008031,0.00965384204223286,0.247367208667099
387,0.961109700111858,0.388577207389004,0.142745353667988,1.46228374429108,39,63.2224370948737,0.00520722807596903,0.0196356565130269,0.762344247464556
388,0.812351499473024,0.212544513379242,0.0529098659422318,0.254802506740252,41,39.1373932625167,0.016777040786501,0.0169657421720633,0.47432035353221
389,0.163616150646308,0.224057070853822,0.0462476813105214,0.743387890955736,96,134.730280488438,0.00459283241892234,0.0152646642030776,0.453975741835777
390,0.313268609762145,0.40998069527877,0.0380342719861958,1.8344330341222,20,38.4114535409259,0.00633528473821934,0.00790017847828101,0.628458354837028
391,0.71287990344984,0.424540837339596,0.0188278993289708,0.867703066241881,82,86.8206731527462,0.0140455335474992,0.0149781256613787,0.556598469608929
392,0.699554127716692,0.267202632816969,0.086608288312566,0.12758064487637,91,35.8974031369435,0.0133118210880598,0.00840532315917313,0.97194719343097
393,0.75452361030099,0.322490439942502,0.144363627669225,1.8699668764893,97,29.6391129549709,0.00522186123102903,0.0191658438406093,0.66191156988102
394,0.481445308228163,0.440895175042655,0.0425565679379436,1.19303020063415,85,96.6503535739146,0.0125869192640344,0.0155782208910445,0.0516018536405172
395,0.299076711518667,0.208799321785681,0.159800115043309,0.820998585855798,75,104.205423593579,0.00601749574012589,0.00456043350779917,0.924652493498288
396,0.33141340599719,0.231498630683993,0.123762037430573,1.34188231510383,82,122.790482322418,0.011926003150437,0.00363479372875299,0.162243250117637
397,0.391265769468201,0.471354875262666,0.0523430980620184,1.0200832794243,69,137.430243759463,0.0148559463516669,0.00374699409172405,0.712652906224597
398,0.585435596762947,0.084254908701228,0.123147303787139,0.224284817513241,47,46.7263892896241,0.0128304390110914,0.00421585102171171,0.362715046274243
399,0.624729480711231,0.283132288131928,0.178405909731039,0.679950844107894,65,92.8407340016915,0.00809114254918881,0.000269748711991124,0.473854685238097
400,0.631554568560212,0.437099177735215,0.151640292040901,0.508130608847877,76,110.927578752127,0.0164866276611341,0.00527851473511197,0.695323034470668
401,0.668615384073811,0.407673916460832,0.11472307089217,0.685722579670371,99,87.0680808590026,0.00827782800076064,0.0021929090835806,0.273244453864405
402,0.403751801187592,0.409679648309518,0.0428211105280905,0.361482972480077,34,38.1169279869762,0.0193165405059466,0.0147601681788824,0.0781802305080928
403,0.740171853556088,0.460735822093654,0.111406958979846,1.73507393208353,94,142.484128076071,0.0143950052254694,0.000915699884700589,0.465020846590865
404,0.701969644571259,0.291983196928627,0.0386594463337911,0.590938076251349,86,63.4879284299095,0.000466621863683686,0.0138085163462255,0.327194015882211
405,0.137850292738969,0.180343816687129,0.139994544766615,1.93686225971193,22,37.1891305208788,0.00360689345171675,0.00230753590916749,0.388408546688035
406,0.78394466191649,0.35086596860497,0.0184633984409855,0.554160809420678,29,105.231387622585,0.000899462360348552,0.0176042484019417,0.286309794348432
407,0.698602318009362,0.480609966696664,0.145050241332196,1.72630819610648,24,73.3508864660282,0.0162386911253398,0.0197248240684904,0.304021511447383
408,0.72421590918703,0.194098952282367,0.12761286632356,0.450170912597165,31,4.53941456299508,0.00252447411519941,0.010662134028622,0.908574197946116
409,0.390697305965587,0.252051676976653,0.194815235017533,0.576952930161543,95,39.8543682318181,0.00505168763099238,0.00438443931408226,0.194622549089836
410,0.397167550232611,0.34898037654168,0.0999003246181155,0.328463381645107,36,12.5377717826399,0.0196770600259025,0.00138280700461008,0.930742557056015
411,0.997997851910978,0.0373853478439944,0.0605536020691344,1.86049788531156,72,36.2970665362081,0.00140886308484245,0.00274308527697809,0.29028461073339
412,0.616447801464866,0.0285092132885428,0.0653216453013616,1.45682415054657,45,95.9089877987048,0.0119748982535349,0.00710666067651473,0.356155495944666
413,0.110579208496166,0.038718677599621,0.0551477304182178,1.65149135585853,22,4.49010758302175,0.00474653378245886,0.00217650219104253,0.886573817214696
414,0.61156471463039,0.448420919669161,0.152659294154444,1.87180180850492,42,112.905358555913,0.0111080157664139,0.0116104739306727,0.338304571130546
415,0.284459906106629,0.0928618815003568,0.0686519381717965,0.944388531032461,95,16.9659834043239,0.0120885403306596,0.0078283015170088,0.417029562465381
416,0.330910480987746,0.042982004934412,0.134442731066963,0.888226554104057,66,78.7725447808276,0.00963803313961718,0.00986344211466145,0.59371153680631
417,0.663370474443701,0.139100311571148,0.0248008350843447,0.38216592751604,36,2.10883207912557,0.00136814825250302,0.00131119569950737,0.175550866368925
418,0.509415410610614,0.21329570300349,0.0751417084483709,0.952876292072749,92,34.7270596467541,0.0109961686244141,0.0144846757062944,0.925797968635801
419,0.769764242309704,0.058343770941454,0.0921094555343781,1.63083122965079,67,148.508004739915,0.0114468367678253,0.0110516783020506,0.878859294265741
420,0.50420501436682,0.440007308665712,0.194654030847114,0.447325897475565,73,53.8044778371113,0.0169507409015996,0.00638591301533859,0.151899636733579
421,0.238944651515433,0.352251256183912,0.101642258987192,0.227031499289628,58,126.164932868897,0.0160855834339885,0.00646477366910782,0.803077585299499
422,0.899066824258654,0.0211321026404807,0.168845487859962,1.20376963482758,49,4.11135303518968,0.0100825244654436,0.0114846451646229,0.342586651670048
423,0.485187370803556,0.266068647178637,0.0986939050271083,0.377255039376509,87,112.509767448774,0.0131529340429557,0.0105953707423015,0.946285391543293
424,0.799121942996653,0.193062101615497,0.100847611855671,0.91639395615214,24,97.4550884898752,0.0010276093195891,0.0139320550000248,0.901887854420114
425,0.24498416593438,0.413864220698196,0.0233505056206323,0.416782181772962,71,12.4420516200364,0.000940822164453566,0.00906182398338336,0.337005369693739
426,0.71478167435918,0.202460232474171,0.0243590087248734,1.22315745191523,27,46.3366383773508,0.00615901227569208,0.00994669552098028,0.298273742391728
427,0.676043481854443,0.369258275596534,0.19011115889966,1.00255746789465,39,68.7113776449929,0.00506959081584122,0.00857059369411785,0.483453378675971
428,0.965951124406816,0.393281128729931,0.136292434004925,1.96178157364847,51,91.3048290813924,0.0033694468186656,0.00280782287627924,0.95027340678079
429,0.826428821594734,0.371846861408672,0.0578136164122983,0.86294462906993,34,96.4367580687976,0.0119937886651652,0.00202585999948438,0.187133789214306
430,0.924018777084956,0.48146085532252,0.175665718958904,1.37566104345238,79,132.492354887305,0.011254475533748,0.00422261520324741,0.772946681668051
431,0.767042712653382,0.27427326176537,0.157556994221536,1.64208054128217,98,28.434603088838,0.017389686585106,0.00923257282030769,0.296507038830547
432,0.83152395343238,0.283635995167503,0.120575383271943,1.55396869284778,30,72.417778341996,0.0101348703664448,0.00738250574016478,0.917111128088785
433,0.918543295194744,0.476992863612883,0.0341712090255995,1.92672374743521,99,18.8480105153401,0.00420771706571337,0.0181733569694962,0.418416175976396
434,0.454403448678087,0.371186852213433,0.16378632328605,1.82874040112903,23,63.0324099021032,0.0092060600732686,0.0193687124630669,0.624447390292771
435,0.778812815865851,0.331776982648401,0.136831132434141,1.65692167782134,62,120.918477248889,0.00582156453881413,0.0146261046425113,0.48582565963082
436,0.621801839624671,0.280527762027923,0.0576749383549695,1.29839638736981,83,47.8467527420609,0.00804276843927335,0.0195230474651651,0.571857727373252
437,0.447089643006818,0.130390696047156,0.18374312104014,1.11593114836246,26,91.4294972416246,0.000387870639897883,0.00327918966012076,0.227641199426493
438,0.456520769287902,0.443058000818542,0.165461713757652,0.293279507646151,24,19.7634198039304,0.0169354575230274,0.0120272458431032,0.460751327614067
439,0.56327803426173,0.360960792365519,0.149391257258649,0.641169443363021,77,134.365981453867,0.0187546857372718,0.0140255355826626,0.135489901749417
440,0.300770188175212,0.0234733310063346,0.0618962492652284,0.523747418131982,69,65.3451343696564,0.00555784136242233,0.000189692480531521,0.559101403302746
441,0.535809223562153,0.348413495666233,0.0497761680082558,0.228309347503539,21,127.069765965105,0.017151234942642,0.0191918559743697,0.781185800452251
442,0.459591528464272,0.466316343078956,0.0968026635396806,0.502153600438079,38,140.328428611765,0.0141981257657707,0.0119792621963006,0.252730962164933
443,0.830335010124766,0.476119573497975,0.0284766411569645,1.53019275951714,37,14.4803356433753,0.00718254141533747,0.00195944365297444,0.851367103593424
444,0.200611102078413,0.0901522624807898,0.0880509743423387,0.175250003638281,49,74.3514706997084,0.00634075947223231,0.0177916593738366,0.80078874979238
445,0.920231773191434,0.214021434436315,0.190864610988183,1.89147207111209,83,61.7781820479431,0.00889915383961983,0.00124758986309636,0.347300659074215
446,0.776098414226295,0.251291899598124,0.177628541134493,1.30576003848042,79,148.147666978603,0.011277323228186,0.00504824245280586,0.374226310025435
447,0.886419209783967,0.171252919498112,0.05966094149485,0.395952312630997,90,137.915449269698,0.00717499420671724,0.0152583898196695,0.978147272310685
448,0.69688708358279,0.433326856999516,0.137627231469878,0.551469378744508,62,44.6458638521028,0.00241530026674736,0.00721129854809493,0.145688974727178
449,0.235688084539142,0.13118323705022,0.0491251015302027,1.55935354115076,47,9.01500868073199,0.000484789324970916,0.0101003434939636,0.618416426030686
450,0.275947396146064,0.351528705905736,0.0964794289084733,0.207641352771409,21,21.5708638568642,0.0134911684157792,0.00182290780371521,0.383628159896703
451,0.526452626573225,0.482057913057895,0.0154897810641257,0.31099955001229,32,70.6811957744882,0.00392475372898392,0.0180289126453269,0.031040842483053
452,0.766031189830741,0.390731169514551,0.199575443871268,1.79856756993684,22,5.26372626830125,0.00925182475053705,0.0142486791045498,0.938281499338336
453,0.895488933076407,0.195850008418807,0.199300333234097,0.259830678304401,28,81.8731563123409,0.01557587022366,0.00976903440588154,0.467390318151331
454,0.589910863486445,0.294402752455585,0.0976454064109828,0.242760746804858,53,117.001652625308,0.0159770008039055,0.00501651068038773,0.775446239129407
455,0.150760084837978,0.180752036418621,0.0433975475805579,0.306970020108041,58,50.7795206885319,0.0157206921459595,0.0060735772909876,0.11878797244397
456,0.68730775247186,0.0301816865211772,0.147623585765613,0.351554895286029,95,52.1281705120113,0.00972617359523196,0.00594546745557804,0.266384484260809
457,0.781833039180702,0.0220454708158714,0.0328233882755996,1.18325265484143,24,19.9144297672086,0.0115637739721872,0.0173851388160698,0.321720867316239
458,0.914822649609065,0.0825745235843887,0.101974875303423,0.831107896654448,26,135.326299703715,0.00502118477129843,0.00382963535374496,0.534234206122579
459,0.558522525436524,0.366364568639705,0.156726267127681,0.474219001912558,34,132.29195633753,0.00510928550456185,0.0136661025791802,0.209051017457386
460,0.876746173712495,0.487027185436857,0.118648266285944,1.25808466753436,49,25.5396610177704,0.0177980832506623,0.0111274571026256,0.0650011731111445
461,0.267045971193723,0.387809390746977,0.0300565873717843,0.418708265387453,88,5.56455531647662,0.00284173395010643,0.00812174883159809,0.0472085580800194
462,0.340572882364923,0.0357785435681418,0.188012499625662,1.81237050032115,30,14.6946530261077,0.0113165198022267,0.0167716391865024,0.335865189040778
463,0.269930387992086,0.0585885006587044,0.0942061417466029,1.56498559652457,98,4.72030387694249,0.0180521747848019,0.0162498218069552,0.702013884859858
464,0.72552796369635,0.0248169471403584,0.165948192962962,1.03416798878447,86,143.633230673941,0.0178053358887881,0.0173421642077388,0.367614418494748
465,0.895837732003,0.397223768407458,0.137192900146714,1.94563543583818,91,51.4487055223086,0.00314092247386463,0.0128697884769039,0.297517929415219
466,0.651653328029462,0.469341442072685,0.144877724803262,1.07927638675312,84,81.5032265823218,0.0190229468120169,0.00673387835937087,0.747181717634201
467,0.588619459451013,0.291621679000163,0.170560110782199,1.29424423554044,59,119.221443294932,0.0131319190870272,0.00497479790470563,0.941181561504491
468,0.64783039273906,0.490937177442415,0.127546482150105,1.16967214450766,34,70.915095051995,0.0184407760753064,0.0142007460262487,0.724538979406469
469,0.476668017605157,0.0633691233026865,0.188718054074601,0.53064696199235,40,60.3430589667521,0.00236673721374478,0.00244901366379578,0.106551476926776
470,0.105992011749418,0.475651800410391,0.161576036405312,1.9442770206583,92,71.9519082369749,0.014035090996041,0.000824893748564646,0.0946480634924956
471,0.993876439026976,0.205159057456872,0.0616189771045791,1.7965945669373,69,108.006729574932,0.0168070016973931,0.00839860917863436,0.578737992058042
472,0.954633023492294,0.394089515524877,0.0345682538851164,0.804763240650715,49,120.377958234446,0.0144075421170425,0.0174766103108134,0.645980392426485
473,0.897144911443209,0.26900407586264,0.0195337522360752,1.73955574948778,85,140.671045689576,0.00416352927548345,0.00522869913066272,0.949892205363605
474,0.108756627736404,0.241125693979659,0.195967348215999,1.24745781068674,91,8.46880577331176,0.000429621800994501,0.0107688246978493,0.411744206767529
475,0.704747408006503,0.230307418003788,0.0218417607402708,1.85074006703903,68,8.73654378427891,0.00152799756233115,0.00300468204710167,0.265772247230168
476,0.612834204298584,0.123905456728609,0.0112727448660042,0.861370960222045,70,87.7707219961798,0.0107416027878225,0.0110171384432819,0.591453031891026
477,0.912487672816706,0.289315909871364,0.0270954928907892,0.421691700690403,29,133.034391636809,0.0104018412394216,0.0159421276100911,0.857250560008222
478,0.359984012191603,0.24782344793749,0.0728991835633712,0.425924166752421,93,115.271519877389,0.0163985791312484,0.0177095926516782,0.344281779872486
479,0.969749193873908,0.0685512898375513,0.0474623297132924,1.16039083392029,43,104.34288052643,0.00978131290806458,0.00372603674175683,0.3070377176865
480,0.344962312253495,0.386859981978589,0.0916883394509391,0.670541670200881,55,145.798104747583,0.00525940339031164,0.0129884773349715,0.956147772612283
481,0.594552802183386,0.498307444099183,0.0430913715929305,0.9669665758471,73,43.4269726476981,0.00567854738526046,0.0191332870960329,0.898552527202992
482,0.297467952790926,0.456272838494817,0.0913080078351102,1.03831063155548,63,27.1909326174413,0.00848699899720959,0.00988697084640618,0.00635714522656053
483,0.642912314629299,0.0819711256668926,0.124938146665739,1.4539947469821,86,62.249136533495,0.0150689777942561,0.0125845529029146,0.778784546971554
484,0.319503146889247,0.382778019041182,0.136350000790264,0.545193047794024,52,65.547925715195,0.00908004611780401,0.00345364673472475,0.575058341110358
485,0.178951523160725,0.497227628715814,0.180919251723452,1.66843683200039,43,136.495737066795,0.0184386922921101,0.00154623865267262,0.995373936310643
486,0.145499188747397,0.322061803881775,0.0104055110313068,1.97299697909125,24,24.8630611275206,0.0126780449055741,0.000922253439258784,0.291468680842314
487,0.221390939006233,0.483993709293478,0.0151920290195267,1.77495491477326,71,20.6103890842292,0.019351961854836,0.0138353885864187,0.873162057728507
488,0.847901194307418,0.182583772809573,0.135430584921956,0.323196601303294,39,8.93026431463659,0.0144710419940529,0.0112563279247051,0.121577704952797
489,0.81741050152001,0.307226256455453,0.0707332118145912,0.88937489404853,52,114.654222039005,0.00527506116703618,0.0105086948582483,0.351327161942143
490,0.967743553745514,0.345641467936155,0.171842128619708,0.770065555856866,85,16.5014064001967,0.00866155315313954,0.0188075573494053,0.111435596206225
491,0.804592758285953,0.113938669931274,0.152481832852236,1.62203193048618,74,18.7183103825315,0.013266101423474,0.0160911178909475,0.00321201495244168
492,0.667798942877608,0.437551733941408,0.0610302540377528,0.454434142280486,79,48.1505458407803,0.0042650281574903,0.00827583247648552,0.564054570720764
493,0.567082799046184,0.373051921803553,0.117366961237823,0.701315011591022,27,82.1441410286003,0.0111822867922159,0.00584806024970487,0.212934533864958
494,0.708839518326987,0.16498735274327,0.148436128813343,0.18032479617903,88,11.7269017741783,0.0188815367606189,0.00998894752261695,0.253802491354989
495,0.5686580971119,0.129138148523632,0.191215544566461,0.219623799369903,89,148.486254125764,0.00759575748329982,0.00847816622290295,0.587007025062572
496,0.76454989253697,0.347025080028169,0.0429170690066018,0.766530522721703,85,12.7527444248437,0.0051791314765811,0.00622633493307047,0.853736466249218
497,0.215712199888309,0.449348520230753,0.177513756131267,1.19713305863063,48,124.924722525605,0.0162950727217644,0.0155123825717624,0.179394607485738
498,0.506153453803621,0.0224492304226244,0.174524216364159,0.904161806233623,24,113.737590589968,0.00693303084571846,0.000546056069522165,0.544032699590782
499,0.364072850585473,0.303952631242455,0.120973565998543,0.856238326420309,59,73.1533945826814,0.0180048972582491,0.00337931166125927,0.975318916130112
500,0.368685268310807,0.154740205410006,0.139811157442397,1.50406862607149,45,103.252510528278,0.0194859254155494,0.0151942252664501,0.16423986965185
501,0.372869317362225,0.117809352033806,0.15968143579215,1.46751572597541,78,69.0600796884159,0.00404770652717445,0.00731720632726792,0.958024621242424
502,0.603779018469201,0.325714129338686,0.178851642735384,0.594198249924486,87,14.9021833008388,0.0145688626505714,0.00320692513524555,0.403793648932362
503,0.225326756321569,0.394731735434022,0.184859031845266,1.30737155026372,52,17.9392124728532,0.00386652561306022,0.0192910616468824,0.4558285186633
504,0.706484732665843,0.0604033352312818,0.0500693955224357,1.91440665462939,90,63.3193454888184,0.0118760775083862,0.00914319050734863,0.313998035256751
505,0.753156952367932,0.233182291820659,0.162616871853226,0.62972484553908,28,142.860024096316,0.00855683511853684,0.00145853688814212,0.588501826253952
506,0.439739870513603,0.23909169512111,0.0367489087729529,1.77383097602625,50,68.6349343546084,0.00819732500493992,0.0180621596152754,0.082835150281433
507,0.890837282775156,0.470310171627952,0.0816021919629909,0.906275354329194,43,11.4650684274151,0.0130231955571147,0.00712552569066174,0.515489888830576
508,0.679007017985568,0.17626637862158,0.0417406052854494,1.99765189017439,96,127.998299722618,0.0171934127525287,0.0123668473968841,0.00169692664267495
509,0.926017155104573,0.444101053440047,0.0804812938598776,0.301018059797771,37,32.1342976553366,0.00846938822746277,0.00548664448190946,0.585981299493229
510,0.927233776760474,0.452970842924977,0.0531224112253403,1.94919726471945,89,55.9465677264263,0.0188002447259706,0.00356007045297418,0.283622314340202
511,0.721616078667133,0.31331132104561,0.192610253079687,1.84024947499856,58,58.9998899842263,0.00684978288625367,0.011927874766211,0.204663162789075
512,0.739563133417699,0.1973423256206,0.191579763172902,1.81087703055309,39,50.8849040854024,0.00584139051743317,0.0157271422109706,0.481809688585578
513,0.633439832864003,0.0227591053135856,0.175786352875317,1.99136101112412,59,30.3627121920465,0.0092399173484603,0.000394571660161018,0.149882422019262
514,0.76029333212967,0.430867967214009,0.0410395549832913,1.26767241975917,42,73.2906973514822,0.0160785197629547,0.0129081807435583,0.680182646817295
515,0.412625116993464,0.203973489780056,0.0177489075726923,0.878788502135943,92,10.4618545873789,0.00795605097157881,0.00636683088242542,0.280080090085045
516,0.217793285139697,0.0451793046971364,0.11963177969812,1.33330418434783,38,29.4882242403924,0.000251523716119118,0.0148365586278308,0.867217971693026
517,0.560629519765638,0.489380650672049,0.130659190048592,0.602996474917349,92,17.8232694378239,0.00119501497874036,0.00650083210921846,0.244256458370481
518,0.787883486610907,0.46875055397406,0.0719006831758935,0.61925380912302,99,7.47400313678663,0.0105903244539211,0.0177732313495968,0.117318298431579
519,0.765647968821484,0.242634090146201,0.116800587587829,1.56952068627391,60,18.9841205927543,0.0111549792092619,0.00354277417018078,0.498209268850973
520,0.100261629259051,0.0673564426720096,0.134245263567816,1.00710670936846,36,36.7114755001967,0.00190898981399368,0.00822245234643575,0.987017441323958
521,0.303192335799569,0.374517736450203,0.193619611121251,1.87602969719497,41,121.408963214129,0.0198829726774013,0.00380482098916546,0.0685128391573671
522,0.962215435533272,0.453535334890652,0.0336828705079807,0.83498055487501,97,21.0743136708043,0.0060662979583256,0.00419469449013472,0.904348685649224
523,0.782677453356003,0.252553421915672,0.0375501294281892,1.4055005359666,38,98.8712690975983,0.00154818818361033,0.0108528643481852,0.31449309047265
524,0.350201707536378,0.112099560252246,0.146662229871419,0.355522775738919,42,81.342887762608,0.010773680226109,0.0124991088386485,0.243078590424964
525,0.6264694921077,0.199859072474584,0.133927629698128,1.2824997580376,90,91.1383709823363,0.0103274771349784,0.011706904179547,0.466019001496956
526,0.115278986342857,0.127779505251695,0.141825384995977,1.67682060807699,32,130.809756145324,0.00443444459659979,0.00407130421596579,0.141021401828388
527,0.45248329788202,0.428254805598671,0.162897452334063,1.34757456747433,57,138.622676738701,0.00651142181082163,0.00799057493976317,0.615348881993908
528,0.219868871529424,0.20301496854177,0.138763752617266,1.6869326057978,79,115.851006511739,0.00741233142232522,0.0126535027560592,0.506996450790437
529,0.618794862685283,0.125510240116813,0.0318655651198886,0.678792570555117,96,133.949009171384,0.0138900201569637,0.010457617936153,0.0528381817627233
530,0.70981190991553,0.0738106786277005,0.164137981940417,1.55199032471878,22,26.3339622813393,0.0146788840076746,0.0018899985983409,0.3606192647852
531,0.508416001052712,0.0577079232314671,0.0245341010082653,1.04460520259796,35,110.658548348886,0.0163557293759147,0.0067557682339428,0.0153619748495985
532,0.318406566488417,0.206300270268959,0.18739268392771,0.881175144857913,38,28.3476813423447,0.000120559067055583,0.00859940465423744,0.738513875105651
533,0.784489700645069,0.468602079314368,0.0409332802017103,0.10858708519151,88,95.1470356209786,0.0064326629900327,0.00925942032318097,0.626188832899323
534,0.871368125754921,0.497579895293175,0.15800511689018,0.518165754326526,45,30.878552661615,0.0162018735783081,0.00540624170778785,0.553733635491692
535,0.357844668523897,0.15057226331637,0.16015843977802,1.75160032476597,26,82.6720197146293,0.0114004471000005,0.0147480768272793,0.0608631865261123
536,0.467708694861806,0.089378423724852,0.130366989998268,0.288034936160711,27,55.0434316826519,0.00212320742346812,0.0100419740476925,0.238981469599064
537,0.663952936715982,0.268042497860261,0.047790719999827,1.27828123302362,92,33.38147548571,0.0194218888529809,0.0166045507319365,0.371424754881067
538,0.774394498839113,0.377180314284796,0.107569660340268,1.36360255506234,83,131.575671683822,0.0192251060071308,0.00984296824376565,0.598444427644368
539,0.421032522589248,0.178211150789433,0.0402754885936063,0.699614569817251,56,28.756301004882,0.0170819751968188,0.00691428972792346,0.450644697416108
540,0.326868768522842,0.0455076724406006,0.132019903704866,0.338351632292615,26,8.56580073894002,0.00663336047074758,0.0151044848659867,0.0392895971401595
541,0.117916458555334,0.1115293683002,0.0603258058136888,1.63858689605731,81,106.270137928845,0.0159538844628213,0.00825108992191963,0.602065750844544
542,0.26016534588174,0.123514170644856,0.160741588861365,1.91960230664893,23,102.669644128508,0.00159136727735866,0.014532613764056,0.345324903030414
543,0.524994268873101,0.399285808333952,0.141063786087397,0.751567361825448,50,149.966086369625,0.0196163795604324,0.0185691788413562,0.568148557416629
544,0.303572670692205,0.120039872996591,0.143436633018386,1.66210462653348,43,89.218066837918,0.0110963870408991,0.00106728998958133,0.387972139740363
545,0.874906951675145,0.37700051977209,0.033217738473285,0.921811969030695,99,19.1131982707302,0.0164185189761128,0.0140675688351924,0.155626769391587
546,0.859019533831021,0.204323263177134,0.0802194230712252,0.90955034467259,66,104.552936202649,0.0131970605684305,0.015687186810337,0.579447316844715
547,0.432043264302867,0.304247836642324,0.185803561077339,1.23802758578996,74,67.9990436260588,0.0113692424115026,0.000475715933362953,0.616712991690729
548,0.474262324805255,0.359466299294229,0.157304031045674,0.331847321094107,61,16.339508980047,0.0164433054612903,0.0109890227464726,0.804845601810841
549,0.401329738482181,0.163434452231426,0.10844056929226,1.57885603354878,74,9.94884940087795,0.0102828551456332,0.0155229327472625,0.697264958104119
550,0.435378406857117,0.152583287723078,0.0888700178898801,1.32693180056496,94,7.1846904939157,0.00959793417454232,0.0134470312877186,0.640333180294372
551,0.177762890851474,0.235436731885469,0.0265147256843816,1.29188218770637,41,5.49101648235228,0.00354457276748493,0.00474951546208002,0.27123231480713
552,0.821161994081386,0.423851301552693,0.0781323737767059,0.478646433426114,40,30.0711261622491,0.00911167639977299,0.0189562375661638,0.0429805497121997
553,0.449668472979707,0.17055043603664,0.0138387436364125,1.54289972647997,29,149.819060329883,0.0142269891409669,0.0151746886460437,0.83365931489435
554,0.261411605440988,0.27309085841822,0.034052842533146,0.476146395297931,84,121.627109733608,0.0176425901740836,0.0189638013972808,0.78367749741883
555,0.682172162880958,0.0327259821712109,0.120839688565279,0.880367682812991,48,58.5850243247696,0.00249083895669784,0.00753228497768752,0.475081051432062
556,0.362571146820253,0.270264518795747,0.121424406532685,0.655493325802498,32,9.77610270112054,0.0156474950047396,0.0126054910176666,0.246136445335811
557,0.148823419088195,0.302209990142137,0.132182729929669,0.164721872326732,48,63.68860687993,0.0141254536547558,0.0153336372023029,0.126071853455389
558,0.863100572754815,0.0405276837999443,0.175062419397449,0.441437743486092,79,39.285464953375,0.00919060137222055,0.0161260283429828,0.188332214578055
559,0.50365241777841,0.173115156467361,0.0684245945593854,1.64547880443239,97,40.3071662413655,0.0071337285345234,0.00904271207681857,0.25692659808998
560,0.404289755319757,0.321166382761928,0.0893133888154826,1.21807970102099,94,120.11293361974,0.010141399439415,0.00032281254239846,0.639764419173356
561,0.878333046062477,0.144043053388544,0.094929451055075,1.46550180916188,40,109.930258276791,0.0157844147404237,0.0103784121147171,0.590440062813926
562,0.49132328833905,0.102996251678749,0.199134809937652,1.36347240228278,88,149.313258749375,0.000571104780551977,0.000890497091403231,0.254443688590778
563,0.428886044264957,0.187366684615109,0.0142474590872414,1.23926142452881,95,138.547690722928,0.0129481120960647,0.00829341229148675,0.758363673761487
564,0.392944527735584,0.461052220721336,0.0117395772086061,1.50895373278686,58,80.8092123847338,0.00912281303212512,0.0123279327117838,0.825877028861316
565,0.320482310101483,0.104580124927016,0.0655872663488775,1.6316237744428,48,109.617841735762,0.0148261786869634,0.0177284663538588,0.897677053663647
566,0.899815804006625,0.430008277733931,0.165241737265983,1.86282244323245,97,55.9727114522131,0.0119561069037346,0.00780317104750313,0.789556916024769
567,0.487337491069082,0.282221151910299,0.168479383790775,0.70573039731367,23,61.6247071456164,0.0117253361841338,0.00572222052504774,0.359234101816779
568,0.512427893715654,0.289176286610663,0.110690426324331,1.84325713022079,24,42.7562971832464,0.0128876399002317,0.00331203284833115,0.230166974607389
569,0.904676948149945,0.187757002968304,0.155396775988759,1.16440198838825,66,143.863382016344,0.0160413714544941,0.0101852973383525,0.799269085685955
570,0.645955399276176,0.0117175971059105,0.108798058754068,1.72389157545657,95,66.477400604845,0.00588695841384586,0.00885122440525331,0.4282167028822
571,0.361466086898092,0.470724233104179,0.0891273010158306,1.19047011784886,72,137.201890304207,0.00281572833195794,0.0188500848464761,0.00518992108642124
572,0.24775425810935,0.106513681811094,0.0796346655335301,0.611944208364095,33,64.055559863965,0.00104299514866434,0.000764719676487148,0.706678906728281
573,0.849010654399125,0.355719964990974,0.0671400176842278,0.933135740290559,76,47.9496428286075,0.0195919294090383,0.0135606313237734,0.749599231649656
574,0.619576205392648,0.39174769181316,0.0833482268260163,1.33867556964818,35,145.423919086112,0.0186466317836568,0.0182835165027995,0.791872436812846
575,0.315944527202542,0.330575425394126,0.0406377834053617,1.48544081485888,89,146.216233753518,0.0175414316655975,0.0195138672349695,0.195443176883738
576,0.276480725673796,0.478816315713143,0.166882527010876,1.29599710281112,75,20.1895958224428,0.0109080096983584,0.0055907476030197,0.883237642968539
577,0.281548960380419,0.115828366611614,0.176181403921407,0.818964003819134,72,65.0007396301953,0.0197929943889752,0.0120870151587622,0.981472436546115
578,0.87267541888475,0.364322803109984,0.123319897867409,1.79962636179822,48,56.9380915117334,0.00822550878694281,0.014728281970094,0.621198177163489
579,0.551226591506857,0.49011403450957,0.0631242123003351,0.525778768883273,79,69.8981873094337,0.00714798723903019,0.0127740360012976,0.288019362841267
580,0.838627211435698,0.37953227136882,0.131829434152234,0.413321016764129,83,40.6318459448987,0.00108512095754966,0.00894076919380575,0.682619868214242
581,0.53113301578979,0.237736195093847,0.0248948446496692,1.24762691391462,49,57.4517760850838,0.0154757783416193,0.0180998184808297,0.708751488074195
582,0.908877937226114,0.0620577264761762,0.176775815918962,0.690314306575828,59,58.4694203397841,0.0191890152215306,0.0113982742063981,0.622260474806884
583,0.843731615515263,0.221697107387204,0.196858118095929,0.460775763252051,55,127.413842241804,0.0087010311595723,0.00842339815173298,0.968449530394748
584,0.889683440259937,0.159752831373343,0.117340063260985,0.673591970141884,59,4.89961212698836,0.00463131474994123,0.018655066913371,0.017443482292816
585,0.121758940200438,0.0296066970313597,0.151283359140223,0.927360289722471,45,99.773592570168,0.00898838623523246,0.000751827156245708,0.500133051919518
586,0.168295065224799,0.199105696369263,0.196293818078947,0.40060900791185,98,8.31266867083032,0.0062964900970785,0.0026812586333137,0.650951520734932
587,0.534895351960626,0.386494537844062,0.0468830400106451,1.05532480175912,37,14.1857312733424,0.016463559308527,0.0154153444674751,0.764603585027857
588,0.134380506677832,0.185199113838978,0.0314571874217805,1.76378030009167,60,130.621374956926,0.00701571650482714,0.00589292816027999,0.0922014826817904
589,0.113781753210281,0.47307016850383,0.0721466993472166,1.26521078326576,63,32.4286029866198,0.0121137888905499,0.00754707839233335,0.217023122906219
590,0.841599644977367,0.337339358171939,0.187535849701052,1.17516920000929,68,105.49764737027,0.00400268654792104,0.00728979991693515,0.999172369063599
591,0.46976882836353,0.148600238363093,0.0843151493542851,1.14840673425435,21,29.758009223768,0.0129302207872784,0.0126830469402531,0.104096288632601
592,0.554291060214304,0.449695008157834,0.092281520983465,1.54127436828616,88,54.855948784179,0.000784629736961797,0.0169194184378954,0.393091580304783
593,0.713650075447536,0.418500775950255,0.175323383979532,1.19993701059443,59,125.477054861875,0.0156041126185562,0.01698735351271,0.99422654395015
594,0.863571843725699,0.465908567348686,0.0987593370980932,1.53964845091256,32,45.861743018555,0.0134459390839795,0.00267561781512108,0.0741689371631946
595,0.240882243519579,0.242809939990712,0.19443303016824,0.423726952262083,88,136.094174806774,0.00725150126070716,0.00562632544863503,0.448097013060236
596,0.219053830768191,0.364226437156652,0.132581047815469,1.62907537567946,76,138.359885558335,0.0194707675334672,0.00996476434573531,0.2360909769102
597,0.196705062335124,0.143655810668408,0.17647868506673,1.31709173325582,38,118.213668500225,0.014355491525135,0.0159721256880183,0.165012620629976
598,0.165123833460896,0.396117884674428,0.0435193492210889,1.0396932006235,86,93.5197353709722,0.0112952613075729,0.00408567905220203,0.765615192552563
599,0.720415764601482,0.0733358780512679,0.107804041079881,0.188559636772238,20,66.7953237804933,0.0130651790119708,0.00789156253090594,0.961910614295863
600,0.204987535616569,0.0532366963515431,0.0712002042545355,0.156649700034875,45,136.715796027705,0.0188593326504529,0.00545009441956412,0.834235358768608
601,0.662483091806783,0.331002603856099,0.0482179719565436,0.285888706692657,68,129.613364462683,0.01536038453124,0.0195450116555998,0.0961700713424943
602,0.901134851989755,0.0712658045504522,0.0724294868940604,0.186869304307899,38,7.62847933941521,0.0123882909181388,0.00114503545665182,0.237418207566254
603,0.944719863889855,0.121516375137437,0.180776426783022,1.98655294622856,56,31.7583863045904,0.0164258758483781,0.00191469711794052,0.320120524061378
604,0.479526974206255,0.418026465976397,0.103114130792597,0.707120965507184,37,37.9279473328264,0.00228276491836179,5.13689144514501e-05,0.432124320812523
605,0.976513233004534,0.416273774613652,0.199811349035709,0.585601007145038,89,44.0477734584245,0.00301459388904273,0.00494411806125194,0.0563904605719727
606,0.374966255736654,0.372337384553996,0.077710614752525,1.7597340990389,94,64.0125738476403,0.00664306756912731,0.0145947145126294,0.842187790792203
607,0.176679650729615,0.48459585359832,0.0193059053945472,1.27270079244925,75,96.7551751780906,0.0053757780360477,0.00401486719563603,0.577981747525046
608,0.489673822078179,0.133821946630571,0.0480789320574515,1.12210108478011,31,135.681378948502,0.000972906577317044,0.0122294883111632,0.0114086252329871
609,0.203014608946908,0.427547128546012,0.0572122852325649,0.308272922613891,79,74.8210799241671,0.0142574521402037,0.00766851153397001,0.148959084634436
610,0.157117145304941,0.107634033067429,0.066152041775668,0.510481661818456,39,108.909311564115,0.00777078483729158,0.016399156032363,0.795759768379154
611,0.910585337124253,0.184557051148014,0.0279207929379307,0.276957205605228,30,130.25552416672,0.00676952080757823,0.010153338431539,0.545401622457197
612,0.661360963053908,0.0389741911637131,0.155588072539477,1.61639711582509,63,142.218761491694,0.0166651595296571,0.00128949046555907,0.876626604616409
613,0.347762106782361,0.155981700805824,0.0128767419505259,1.39754570361406,69,73.6157127118204,0.00297177640120033,0.0112781974885194,0.597551876061596
614,0.727002771153231,0.190776889124936,0.194883665491086,0.434102245622873,99,37.6190997463767,0.0110716425682325,0.0121522464086814,0.37885655213194
615,0.1433119475869,0.234312147599163,0.102846806884829,1.47589649020792,71,106.739540043671,0.0134655170525284,0.00207521994138137,0.241237877269043
616,0.791406623423076,0.0839854366459069,0.0690376440211036,0.786092886247346,93,101.691326682817,0.0089589561981801,0.0140828008956276,0.376687547871145
617,0.128640914937854,0.341583685127529,0.103035455868195,0.402968482887,84,23.9519498865819,0.00546180602527224,0.0113609175239038,0.0132615101365373
618,0.141903197589982,0.25465709546644,0.073403292373952,0.10502440137451,21,119.60513347144,0.000161416476909071,0.0110690222718753,0.581791598455515
619,0.273741891333833,0.494688832891274,0.147498673313721,1.6943928831833,48,2.06997379175154,0.0135591925955145,0.00684288439809345,0.525924679989228
620,0.451406010115263,0.219675753052575,0.0374806915766094,1.73394394212356,52,128.829230724578,0.00211372767649125,0.00187156988874543,0.095541350632906
621,0.547175316647463,0.291080563774486,0.125633769052087,1.90446669362388,71,113.076937926037,0.0114398271947121,0.00273387791616377,0.033522096664412
622,0.226329814683064,0.147023344173394,0.0330086469595903,0.272480302745663,87,10.2277180482983,0.00448522038456984,0.00432552491928916,0.488719430591213
623,0.777094701629411,0.252223071032986,0.120704359579179,1.65257892157529,64,101.440125729691,0.000763468707948923,0.00648206536738202,0.812546818623785
624,0.524740086979023,0.0764130634593242,0.0704142175090639,1.11986857150293,62,62.6370796408039,0.00150418661217205,0.0124444005691586,0.272637045253301
625,0.747666260152985,0.20905660005925,0.101907030733284,1.39985294400416,75,1.90936036814237,0.0175379920688923,0.00532813801579177,0.0297949196866248
626,0.16573470264005,0.205739182732839,0.153266944311429,0.506076693089912,43,100.925334151159,0.00928703936435282,0.00215421863120981,0.287745750073111
627,0.908174653054401,0.454865521112052,0.0397555808748282,1.51812670323323,23,143.77511706166,0.0199906346172001,0.0198061516839406,0.177566118281335
628,0.306177337780828,0.119442061784475,0.0812104682478052,0.965445989426901,85,129.187611414422,0.0050890417421516,0.00570302805184387,0.673449871323071
629,0.719882842201646,0.248759020851688,0.178039779888587,1.4454960746825,70,93.2570636174641,0.00730518914914224,0.0120121472021472,0.357359682285693
630,0.655645249653072,0.467768881744202,0.174549825385914,0.102131697300961,40,109.411149616807,0.0173464469200792,0.00484787148581352,0.13748982871254
631,0.926269185634842,0.013982947949064,0.0507163985201484,0.101431964574475,84,31.8859684459632,0.0111383640589984,0.016781904912563,0.674538972307229
632,0.751179617243423,0.105829763221152,0.166694442594978,1.51579654179409,50,102.962632848707,0.00926174688937608,0.0128018769756239,0.258056982049718
633,0.884287869408238,0.0640840185625455,0.173671715511007,0.153253112323605,72,140.218682867708,0.0128497394138854,0.0128334997900017,0.18967814930249
634,0.787021309585404,0.147247574558998,0.0735791874553938,1.82925504657344,28,22.7787494238932,0.00968996069680434,0.0086627236336004,0.551359640929848
635,0.29336248528182,0.310480724545328,0.022181078319673,1.84530385015858,65,24.401046073297,0.0181501355406223,0.0163210887625301,0.970684124032036
636,0.565143863054365,0.137417118478515,0.182467167653812,1.67470576109437,53,71.3354615096818,0.0156223716631532,0.00978637853383552,0.176879865103168
637,0.37117804632932,0.0725289623154048,0.191336037805758,1.8018862405706,44,56.3319966511801,0.0145186427079793,0.0133920676655415,0.501157466406934
638,0.263577365284017,0.0367406944460329,0.178932774874088,0.477763993937499,81,15.0490649444517,0.000657013711272739,0.0168701177379489,0.843388066047803
639,0.209110662104399,0.479103533924532,0.111664114114849,0.972980539352936,33,111.512063878484,0.00370804138397798,0.00704013842013199,0.736449155049864
640,0.496842390270275,0.471645371350991,0.0605149177683378,0.806580444183433,84,92.3366585768759,0.00694886973383836,9.60314504103735e-05,0.108676139848307
641,0.441054589979886,0.0434713195028179,0.0732496223763772,1.48459010662758,95,64.828371631878,0.007497618863713,0.00671355993331876,0.260128440508153
642,0.294538941449905,0.0509886382547068,0.0299135210094997,1.13877714971802,64,81.1231850466924,0.0146503942708531,0.00816125905714464,0.380464519048808
643,0.387673612960661,0.0103860124088428,0.162353165685723,1.74287461946646,70,95.4596149096498,0.0128011809193762,0.0146019656545576,0.560118404721376
644,0.341543059188733,0.196981142124531,0.0272464805460582,0.12270459835676,25,21.9085426746053,0.0151164661120716,0.0171252997262171,0.410843537986511
645,0.46994688390214,0.0727225255060405,0.189455037853685,1.0238855435563,87,84.1785315186717,0.00539082073118072,0.00284819612990599,0.914095489170868
646,0.160322946853633,0.257576656206399,0.0665370232682815,0.193007739661075,35,144.937204682641,0.0123767819406884,0.00815143584647682,0.0450601059063338
647,0.353684548286186,0.271252411589771,0.0525101583260414,0.111815784359677,39,18.0389921025373,0.00816144018004183,0.0164593989457004,0.521057575273793
648,0.199176772677433,0.0832056142023904,0.11818451141102,1.44485035144477,51,96.4618536279886,0.0158914086370589,0.017640130570801,0.264154432239244
649,0.795441960876039,0.0350191934355604,0.144211654109012,0.385512364476826,31,113.999983553065,0.00551323699344415,0.00765689904901665,0.456385685734917
650,0.23101436898089,0.114995314599823,0.188569086460655,0.836135784112685,47,72.4566521647386,0.0085798839281965,0.00176961002200376,0.159726175438613
651,0.203657533681463,0.277300970055093,0.0580831634880207,1.42608760296844,37,140.0707761297,0.000522044339873828,0.019103644929342,0.381665734339738
652,0.411950764304586,0.399958356812061,0.172712692060859,0.543118207747838,65,83.1969902806683,0.016557972182543,0.0187994706756761,0.228063290744787
653,0.22856604210618,0.189343722306099,0.186661677245325,1.10533771878434,67,56.8305995368981,0.0183231827804912,0.0170101478831703,0.715317825539969
654,0.879788182568713,0.136428873219274,0.124227497034178,1.76896649774185,89,44.1191950868815,0.00215573097408284,0.00193815861933865,0.887231603747234
655,0.797515001404961,0.0261435475697857,0.133753031039513,0.753183040117961,61,13.7440165500739,0.00961901010415982,0.0132541251864703,0.398725892364047
656,0.135749696291611,0.198596060687732,0.171355485671593,0.731584069862636,36,55.3599573556683,0.000211501755975187,0.0133200712403329,0.120075615997892
657,0.526914567371085,0.498684876601221,0.128480378699184,1.06267843623145,82,43.036252919957,0.0178410700494843,0.0130331230758922,0.844881260629743
658,0.862059047066723,0.226415260275679,0.140413335669416,1.11778154647064,58,24.9281372165889,0.0182123583257571,0.0181063466617465,0.757901353591122
659,0.510368555104593,0.139700341639265,0.0478217790147197,1.64450148269592,56,60.6088466815534,0.00885011681826785,0.00787901122755371,0.659966217966052
660,0.703620091755572,0.0606351139062294,0.0395588150053704,0.900414020718774,48,124.35845665721,0.00704561210968066,0.0192400245421426,0.11983027951722
661,0.312162597823841,0.343358805242928,0.164039062518997,1.51357859362171,21,79.6444076667074,0.000150778821129352,0.00151772677263711,0.8503849777414
662,0.161427249852428,0.209441427334573,0.0107182293844922,0.490389165746421,73,8.21879547092831,0.00903322901389562,0.00295443048438057,0.493434340933338
663,0.840625658338633,0.282883088966634,0.0940425184045499,1.81891120792076,88,78.9816792247002,0.00876717686073389,0.00887050915447529,0.12273997067241
664,0.641601279355632,0.343987439843237,0.0549800391493482,0.484091993171838,93,86.6402952767909,0.0115012633013213,0.00560533997928724,0.377309132050956
665,0.732548276279145,0.406093480600375,0.149584385238709,1.66966785728496,76,34.0574377696845,0.00166729921634775,0.00498014186338987,0.301069389801472
666,0.964824568976834,0.126103439162821,0.0148882636978826,1.14635422775813,94,12.0881810437306,0.0103639338124217,0.0119452929010522,0.993225400523283
667,0.81990670623614,0.437965297079734,0.159981061862912,1.89961925736552,99,143.421353950293,0.00661870174578391,0.0178871824538335,0.416871766425902
668,0.909102099549817,0.0760626429628627,0.0568562848408939,1.36898008734125,96,85.6862896270934,0.00840920719509944,0.0131460053079622,0.306925368658733
669,0.328577449106006,0.357290798341294,0.114368150797852,1.3399130416553,40,16.3655622650287,0.0198153084315592,0.0156789656612184,0.0733336787761655
670,0.140720597330132,0.186269299999762,0.0659020191834518,1.80882589059726,36,117.36569013081,0.0142019489232823,0.00223199279297143,0.191238162227673
671,0.218052865167172,0.1689811663115,0.0413694535332057,1.54621346561091,86,61.0098241864471,0.0109544440859929,0.0184682228837162,0.350271516230889
672,0.983088504023897,0.133229496213975,0.0920162960981671,1.36133779691965,57,104.79475427263,0.00976024267357774,0.0193267348329071,0.77407464665384
673,0.512148037297581,0.332084722842157,0.0124676873034518,0.930249458109308,39,77.1134877896402,0.00431153555428609,0.0102514543858403,0.912721611647401
674,0.290726032936992,0.441696351871705,0.0486542559005995,1.65454310235067,99,45.2681171564385,0.00328888008929789,0.00737752060722094,0.113759674492525
675,0.972228521006484,0.0801776034871559,0.174794777361611,1.94273632893574,45,75.3163580220658,0.0063664564021118,0.0115549981089728,0.922745780775091
676,0.118311622342048,0.428563471771588,0.0745406645840919,1.20893717466171,56,142.595122273697,0.00121177105336916,0.00909766025424469,0.436308367871912
677,0.24380114798334,0.216750920311133,0.189022187959945,0.61313757541501,44,26.5836556950118,0.00488336598096415,0.0137702558362763,0.463513622640632
678,0.455954573931848,0.232669004579529,0.145967826139443,0.780951209172583,99,144.809577128466,0.00844645138680935,0.000795154067417607,0.601152017553803
679,0.60510010815654,0.195200739421174,0.104549298425927,0.131979328315915,31,145.511622037541,0.016685079118046,0.00317532535857521,0.232154476533178
680,0.567351498412271,0.259627625071306,0.134833918495611,0.80914579597516,62,1.21771826951299,0.012286511194054,0.0135212694202829,0.0181877487108577
681,0.548409761207807,0.114474884832825,0.0371848233518959,0.669133616617927,36,52.3606026261812,0.00223576792934909,0.0121065763774002,0.714188981514424
682,0.646991494446341,0.241987917289224,0.0214513321432495,1.17669633926929,45,79.7285384042538,0.00112192326444667,0.0178700720677152,0.730287751997355
683,0.882353234687471,0.328687089588314,0.0322091215242469,0.747742474387516,46,92.6178656898905,0.00100753613794688,0.000943150226227008,0.0103805345119908
684,0.835171964238863,0.113371691553071,0.0202983329245076,1.26149536537062,94,15.8721169847064,0.014498943885928,0.00429187757688575,0.221094776130514
685,0.492913933968917,0.157900167213501,0.0839047402313561,0.39932334301807,36,145.079679110844,0.00185043920982163,0.0111142902003461,0.892864874087973
686,0.702136352328304,0.0610501395330788,0.0352383460696973,1.32995464314916,71,2.67257547498448,0.0142659370983485,0.00966812892150134,0.323606885040412
687,0.591978408686468,0.0569545308877993,0.0503954441120964,0.560695399658941,55,87.5421661442611,0.0118060179300746,0.0180181466880767,0.486411761946743
688,0.283367915213527,0.483739162463623,0.0474072531482275,1.8047620739649,76,131.421597592521,0.00202003593478818,0.0123114533686219,0.439656594004016
689,0.644580187173607,0.197945075399266,0.0166946078883996,1.21467850898099,64,67.5449856902123,0.00721715824567247,0.0090190849011112,0.193312514088582
690,0.253065377873695,0.301132430004419,0.0394483756396314,1.4730495364394,82,31.180661026889,0.00247706848606467,0.00247517586564645,0.063200123274466
691,0.934379002111428,0.0146133673292655,0.0809135880943201,1.49411673314057,81,83.5877382305218,0.0138578209992126,0.013729429980251,0.405853118205443
692,0.212430819715746,0.228246703951978,0.0720184071042016,1.4294730530621,41,6.97700635408983,0.00201620724672917,0.0182021288219746,0.760758838128997
693,0.743094550912129,0.456410912744429,0.193157123473429,1.31446896113483,91,10.6486062845914,0.00699699905158952,0.00805917735256255,0.59468470495753
694,0.637260342014208,0.290138171209574,0.0853926323703886,0.800916862682649,25,95.649840955704,0.00469481977554504,0.0160662287300406,0.268079932608409
695,0.694199155136454,0.425624410920953,0.0688002775831404,0.536033986145444,38,145.921762310551,0.0109303643696615,0.0154337903571874,0.036972936066566
696,0.866774722133228,0.413471321094905,0.154266401353448,0.736740654142131,77,59.2326674541109,0.0172842820184398,0.0158472626032028,0.869628145111259
697,0.291693506941735,0.0484363137299381,0.146070033136962,1.60608689470745,41,107.927520818193,0.0112345508795558,0.00941221652740613,0.402128317300929
698,0.593929583629244,0.146551659382032,0.0353515359422099,1.75840307725058,41,32.2536421639728,0.0117981665001251,0.00660985408524983,0.322405804127222
699,0.665010373112466,0.056514577948011,0.142405336515512,1.66654793343102,56,51.0341362526407,0.0177705163572496,0.00104483413059264,0.992800671193749
700,0.665272957095853,0.419213687472849,0.154092649832319,0.913742549153324,59,119.277934669156,0.0127842715344671,0.00205055734048132,0.605747443552828
701,0.671132933651702,0.308309337141088,0.135951244026958,0.514034460145957,100,0.843997480720282,0.0173232457479509,0.0143136925010895,0.421323996476829
702,0.383812197103398,0.079888190030416,0.0904640287687862,0.522383714401396,96,99.1074905203655,0.00646137751081958,0.00641658444060944,0.185618747100001
703,0.700303007112327,0.28877722571871,0.108282299174126,0.397074365742598,44,26.5490701085539,0.0121223815725418,0.0185382502083154,0.67795327756065
704,0.257785110385879,0.134348545107932,0.158282661197709,1.44807517061883,67,82.0426715107751,0.0105062811753526,0.006549290016382,0.754779277815716
705,0.828948016425176,0.0657322295666439,0.0417180888188141,1.37211439153764,22,53.3740926802042,0.00134546331617516,0.00243587050838862,0.780806996103143
706,0.749352011846611,0.461682414055685,0.0182216982337902,0.448325797336991,83,105.620317330607,0.0139152357378695,0.00102085237137973,0.0200188761183526
707,0.329921321099531,0.119158039784597,0.164346425598636,1.39229340778193,54,5.06486003104364,0.00385615890969988,0.00555969543960411,0.309191450120881
708,0.527665764160315,0.140775961574295,0.0952693077767873,1.88433010217357,25,123.404209579958,0.0025577692028787,0.011511168935257,0.157192407267634
709,0.597390841598646,0.191110625721659,0.0645033814817574,1.96344667615735,67,34.5609796057222,0.0091700365719432,0.0133687253411347,0.401572852152167
710,0.634488251817948,0.16441791573615,0.131349455691902,0.69391717083354,65,106.647808489599,0.00947612236813176,0.00100450508621987,0.536343006865121
711,0.420300988550857,0.10835758631787,0.0369220217934903,1.19526636376304,46,108.398665210954,0.00955181372411549,0.00379598079913762,0.32476577507914
712,0.475388116844813,0.311224046060673,0.142096824013738,1.88196371777258,77,114.184157765319,0.0171774721538881,0.00844364705872256,0.496394105599262
713,0.692649567509722,0.397042397556971,0.0792649715668778,0.850990233440977,94,4.28774789969903,0.00706145197802223,0.00431002895960119,0.675571405270137
714,0.993123979983898,0.188251381466065,0.0739170863575186,1.62696334112259,42,90.4917337681283,0.0106281715414673,0.00519208844766952,0.944800781748025
715,0.258550199187198,0.231166654772784,0.162532543597599,1.32145940255041,75,127.294436161977,0.0147134041544609,0.0184830515262997,0.879120815307833
716,0.988936910282331,0.324519273236708,0.1289493005771,1.52494250299332,84,123.656396270706,0.0155975133902859,0.0092958801300684,0.407214469525963
717,0.409254802789143,0.383185998622815,0.188845806131691,1.35147034473252,25,130.493347644084,0.0055632398922462,0.00624392122073565,0.502986083809054
718,0.40313273760383,0.244646531363844,0.124977685587159,1.27592950684009,34,55.1229434328969,0.00165163109880406,0.0156247021746542,0.334362992972834
719,0.868885859858571,0.149153360833803,0.147062742090961,1.57583848223502,46,49.6618337026681,0.00390171586649492,0.0179248550559673,0.186197469407227
720,0.654630186235742,0.0857961645713705,0.0570026881016628,0.333708559868648,69,76.6158408378716,0.0180982707594847,0.000877896804711781,0.967682716157287
721,0.57424307017799,0.0523798464422883,0.173186208050821,1.68516108033196,73,56.5635728677386,0.00945683180857916,0.00184909013249911,0.346094417595305
722,0.876281560924416,0.0938142563851131,0.095666756903776,1.76700065228748,26,122.06420032169,0.00340124872619752,0.0188787732286565,0.552229283433407
723,0.780491735337139,0.410499398254252,0.0484420515863015,1.42691564617003,78,2.54419713128591,0.0104282956812344,0.0117871680895239,0.340250990839442
724,0.31340603529478,0.0959073277145415,0.138989400578155,0.352738901529252,33,41.6215947816032,0.00495591886204202,0.0187156378288614,0.222286583503475
725,0.413534988047136,0.305407200910761,0.0456434274674417,1.28375704863777,33,40.9105789139983,0.0105619484692486,0.00744015769555233,0.737554235023214
726,0.637643557902123,0.0888857398152654,0.053987432379853,1.36578858177292,54,125.905360946862,0.00353778024632018,0.00968846211588941,0.630519286535215
727,0.307303491340042,0.443501292852305,0.0755833291557175,1.91169968729869,24,141.70533824045,0.00737757195756771,0.00293076087650377,0.257583709740546
728,0.335789634174528,0.455443424212427,0.124101585785379,1.1569390492758,73,46.1007917292416,0.00226498682863079,0.000852242205999792,0.0911785492706113
729,0.214056842137105,0.262283911344926,0.145447572060369,1.34444031039211,85,71.4648810849641,0.00230359046346508,0.00552277384477202,0.868906898260117
730,0.697766512032901,0.145944126547116,0.150815661307056,1.37916634601406,83,127.015764111013,0.00265050272891298,0.0125538614442432,0.7319920026334
731,0.232879431962827,0.472617783127655,0.0308986652332009,0.797261131055443,75,50.2645107679535,0.0192415878306096,0.0172492624880373,0.717540522761643
732,0.953409669787856,0.308583953433896,0.109810310750091,1.71573922736417,74,13.9986500715371,0.017421674980158,0.0165276489133248,0.623250096303644
733,0.561408370867209,0.347321415797053,0.0108525677292817,0.149858065003832,54,41.7409253752325,0.00983999635760672,0.0187680957648298,0.732838417527499
734,0.860001076259883,0.0412938159936224,0.14113629009323,1.09744858009426,51,135.937006301363,0.0148689728037035,0.00871519194129389,0.657878392230719
735,0.372327566313208,0.0987950334993866,0.0506319433633285,1.75344923057358,49,111.882377557538,0.00657066912018694,0.0042678196033882,0.820896601160988
736,0.791153881951724,0.432009920196184,0.137418274491364,0.451547040118906,52,95.7173810587032,0.0181317109040124,0.019662873847275,0.415286484962795
737,0.936925107184914,0.0292015751878801,0.181152453306124,1.46841636299437,55,123.888449939294,0.00480261365746614,0.0042536630156124,0.245959225284401
738,0.272482266472071,0.064414445375388,0.0532716752466746,0.616986226535169,90,22.3163683911902,0.0168237121151574,0.00948276076669805,0.648374555439455
739,0.801944644642854,0.162884583346588,0.0513903320531175,1.43776676693913,25,68.1116687429021,0.0143308333817916,0.00762059177719988,0.444583541459404
740,0.528795313437004,0.0136596036452451,0.139758421238754,0.408829043449881,56,103.864462067827,0.00161990679248236,0.000619107412435114,0.523237579404609
741,0.269072441040282,0.433778474738926,0.0160501429316052,0.592157742536766,59,39.4087516171276,0.00290553017756436,0.0121925504296832,0.631627027048264
742,0.53690104788316,0.492405135583975,0.16737569235502,0.601487689106562,96,119.545068909007,0.0137808795604995,0.0150213736473629,0.299707681453787
743,0.104518205811153,0.400232536068659,0.0794852916997205,0.13332405100239,36,128.147243826475,0.00836649519296829,0.0122523539377004,0.728409484269097
744,0.83307761546222,0.203262259669271,0.184138635096133,0.221495261736983,25,10.8479641122627,0.00544754788471852,0.0116789209659677,0.976821081748698
745,0.310061132347258,0.211514131789776,0.139254774475594,1.97950489802484,97,78.5747530573863,0.00144897718108259,0.0138621290374221,0.384649248725502
746,0.448363242027932,0.397995821996976,0.110299182657821,0.528135290607763,53,112.060410883615,0.00217051569792908,0.0168108702659979,0.734271134509239
747,0.174230927616777,0.26403621242546,0.154718788238319,0.250143429613649,28,124.950266819797,0.00942124504799489,0.0173060756885493,0.50961723754392
748,0.54456322586101,0.16196578205432,0.186412128720963,0.999795710211713,34,102.424343989219,0.0155148013987346,0.0143627991824038,0.404542732108617
749,0.62354670869445,0.15343415595029,0.0906017394377524,0.35998396533241,60,34.3998724754783,0.018918411452095,0.00610642236731947,0.192630471239099
750,0.126387249884475,0.253695369396799,0.0131848195826076,0.432158229935938,81,10.9930087471381,0.0127041526054218,0.0167397802848648,0.679024059556192
751,0.322123599145678,0.3525396027962,0.0938480940450612,0.75756952232949,38,55.7310030425317,0.0136215245597251,0.00658449600254186,0.838016863276716
752,0.753715931545314,0.151841895841856,0.14138490217133,0.516371806971775,89,124.782562735223,0.00950623568151612,0.0131946131464373,0.218298720363993
753,0.222098989301384,0.321026721971049,0.170834497331996,1.50178559869071,96,132.013594769302,0.0190851402595732,0.00696760567216668,0.721038342248183
754,0.354067323168856,0.305491530969986,0.123882460745932,1.56279005946876,42,25.9237782277632,0.0107917528349767,0.0172333689702442,0.790015950053697
755,0.521870452089561,0.407894491969985,0.112695369265312,1.99857099165251,61,56.4237438504235,0.00233268480739091,0.00708064175309148,0.554500294788973
756,0.587705944916885,0.416715497823062,0.165736205965374,1.8861000766525,81,15.2894824641407,0.00418326593704987,0.0164959849399514,0.769429731949698
757,0.28918428893243,0.110474781507908,0.1261503050604,0.301551699156407,86,6.54446365629556,0.00941287939235568,0.0138599647056963,0.770128551376751
758,0.752214263199712,0.0551037061956897,0.151532784001071,1.26421390122585,94,65.7849392813514,0.0169125297120307,0.000236978956032544,0.646256585402647
759,0.174775951492623,0.424448679996936,0.0206213657293213,0.822864181432966,70,117.635153015528,0.00896126918033697,0.000620164693407714,0.134565273263957
760,0.167376486677537,0.373165473485703,0.0586057979752473,0.46861393057208,24,12.2299028186244,0.0133776852647355,0.00270272613191511,0.103038143066689
761,0.869692187186377,0.324907713006411,0.0574334806966316,1.16725911048874,74,102.754478619201,0.00788000604239292,0.00312510849763174,0.379202997304266
762,0.554666268526251,0.0773443825962557,0.127022170859633,1.13202096375767,43,55.5890069621033,0.0022556853263313,0.0185145895294566,0.0998251541948412
763,0.38181799644453,0.0252059836212033,0.0359422029130859,0.73859705827788,42,75.9183920823969,0.014777639028104,0.0150765814631851,0.753171858319547
764,0.407338170133485,0.237932697830556,0.152745275226906,0.871139885767247,63,63.8842364857206,0.0195373162733251,0.000319660722720437,0.364179824222578
765,0.992709732445586,0.418827534479711,0.0314772374643735,0.754762241532816,27,30.2339229780016,0.00599178333803546,0.0198738827551669,0.10147691397462
766,0.405731505138101,0.175101558512528,0.0114227627265058,1.14990643715104,97,90.1258301208029,0.00625378719887696,0.00751035391647369,0.541541417928878
767,0.81676695070779,0.29231558264028,0.106093176980773,0.487742639698973,60,104.910706904135,0.0166196596167702,0.00981930789794307,0.891963331557345
768,0.687889635576005,0.478350045928371,0.113356861134605,0.410475623978488,57,61.1253655122011,0.0122047715690406,0.00773971933117136,0.0282999519857112
769,0.19399722567664,0.256191410161178,0.0896303290454065,1.21295883143332,44,32.7244546169881,0.00267822756401263,0.00261317516108509,0.893558179080253
770,0.458022594950511,0.279482890861332,0.138163174734698,0.68802861257894,27,140.917591121758,0.00319418976319488,0.00642774375094101,0.471968285121256
771,0.797184140668553,0.287729232081207,0.0514271487923572,1.60102847879131,72,70.0509550190647,0.0102301948968507,0.000412520116274245,0.928093195021153
772,0.737101142143994,0.189893260296381,0.125782274301117,0.865902885224996,77,137.264299524785,0.00562394443437457,0.00608115802237764,0.530225202131318
773,0.32396754889912,0.35772982533535,0.0390118874426046,0.358343188149156,25,109.756142813957,0.0076687565378705,0.016541847377019,0.690556483093184
774,0.206256320383889,0.3660358383641,0.157058982239268,0.837560751727503,89,39.9816182581242,0.0146954922006233,0.0145559114411986,0.875765267499024
775,0.333175606541685,0.14299552886487,0.0255214327307441,0.370876847817865,21,135.243441014341,0.0137278669614159,0.00461508537114598,0.612194780578604
776,0.183608794217464,0.438449927400486,0.17098087866642,0.563617839753418,23,82.2525165001745,0.0126484640302835,0.015867353728707,0.55785186051717
777,0.497291427723947,0.0702450996655598,0.192835467086872,0.873008060063957,75,128.428574854648,0.00110045612195507,0.0176349173994362,0.92644628177816
778,0.629409692323231,0.398683258404364,0.150330309123751,0.491631318644667,41,60.0823220138205,0.00891535218118224,0.0183633160747169,0.632333806038136
779,0.602466547146277,0.404181942145189,0.0695830835116934,1.95510437573455,43,116.954303157795,0.0157090783397248,0.00369736882409546,0.595885434146505
780,0.657487766806199,0.378294437184934,0.167586709416457,0.727416438288474,66,0.634424826619215,0.00376138598184567,0.00339804681946058,0.392317923772149
781,0.162662222355534,0.208027527359307,0.0747662162855151,0.695963895322964,80,30.6266588507686,0.00149274484116584,0.00352601539851166,0.495981122531462
782,0.892394302894012,0.405573154020633,0.0667333370189671,0.390862611317728,43,80.4152514188318,0.0107352061723825,0.0183279005924892,0.516518623667769
783,0.836996366817853,0.0846903957585338,0.166168411512095,0.969534886785061,48,35.1147686598706,0.0149037291280506,0.00398975124755409,0.0491620225009974
784,0.84785789224857,0.276099563242688,0.129864767263436,0.625504177430877,65,99.6778527843417,0.000221003326377831,0.00911562105376273,0.688157650654903
785,0.507338166469871,0.0591103435225342,0.197002158021159,1.69655392255764,26,9.40012160078622,0.0135272952108225,0.00854730321847368,0.358831143839983
786,0.38164309178947,0.398375124769099,0.0861883894714271,1.23288801776355,70,7.76501881261356,0.00276169638057705,0.00958529151206836,0.2255176833265
787,0.935658337783767,0.446940114134948,0.16697106372392,1.69392281098606,58,3.92619214374572,0.00274867928750813,0.0139624003184168,0.927443964812206
788,0.820885290013067,0.263584406897111,0.0301657581334747,1.9180966909603,73,33.2777594799525,0.0188665488824854,0.0109471010549413,0.293789386684774
789,0.37021550799422,0.392232828138347,0.0357030183821125,0.32750044012412,94,11.8765743750148,0.000580621281615458,0.00466253216757439,0.503770969812991
790,0.485318714601593,0.186630198220222,0.178157484973087,0.951016998280422,55,85.944708108448,0.0138160971814161,0.0069242679637624,0.82853463412961
791,0.305224710055906,0.0810193438962288,0.0453079412244353,1.25506893136082,72,107.602330927562,0.00348088714302052,0.00742780053252354,0.255112486976664
792,0.520005885311263,0.340439531901053,0.0761146723874798,1.5221294344814,37,24.4755797391292,0.0152405980372941,0.0086364083038643,0.563554408155847
793,0.630461840461125,0.183919164533415,0.090273945948726,1.10957364112176,68,115.642841113801,0.0100787487756927,0.000490158774037845,0.932907843169523
794,0.352548558824696,0.323278954798137,0.166504160436105,0.289200192255597,98,13.2138707946986,0.0136823947112029,0.00179369589527603,0.773549022060353
795,0.255140481327917,0.466922902868227,0.148774102355468,0.240783927847678,78,137.029245938652,0.00994822536387946,0.0099279275718052,0.528452062531374
796,0.973670675343228,0.165992678284808,0.0813878482301906,1.99580012840393,71,126.053501466138,0.0165777862781333,0.00480760800772347,0.942559091114905
797,0.95521192382914,0.0133840167873865,0.149162313748589,1.83554145067912,81,74.1722642138251,0.00893444460825529,0.00134647535451688,0.0899482631650753
798,0.711383798235399,0.110973627906237,0.106424148179321,1.18760578685503,44,2.76527300152229,0.0132263076812029,0.0168950992789865,0.153194150495576
799,0.750676909424597,0.319147296904535,0.0862901014569169,1.41109256541578,33,24.0759955352987,0.0085195055136038,0.00239804627256002,0.969538000044646
800,0.965525050786627,0.0344304599360493,0.117787291348891,0.649794120332808,58,51.5132719103945,0.0028682400942361,0.00315164315902162,0.668491782529047
801,0.41468432958764,0.268436063743588,0.17210044496313,1.60796370634872,78,108.483433084656,0.00187817551902495,0.0127973632784234,0.6897699014307
802,0.671615190990735,0.446269872275533,0.0657721862978023,0.789496150265727,76,59.4372292115819,0.0069607859319821,0.0130623000918888,0.184206728795543
803,0.171112239836506,0.097783244023032,0.0323976373499539,0.537402730093291,67,72.7795366861741,0.0184686066246638,0.00621327834692784,0.399090826731874
804,0.233302012671507,0.314690575100684,0.0741890828574845,0.841934821241838,44,2.91896101841703,0.00839230661104899,0.00306973498011474,0.796088643517578
805,0.71832453735203,0.129842968653061,0.105022793997568,1.93320859883905,93,89.3898113052361,0.0181006484668562,0.0190137143221544,0.413701565222116
806,0.864527936820872,0.279953826689806,0.106714920593766,0.930443660772941,90,64.4648057367071,0.0158254551289091,0.0068280173677858,0.250909993147012
807,0.887790048950212,0.0558445873485901,0.0347704036253947,1.77995589112244,79,76.0671063896734,0.0068951564201666,0.00891116427766159,0.0642650659498759
808,0.850140493318555,0.403518361346182,0.199789912974145,1.41922478870403,55,16.1769803391304,0.0131647053258447,0.0113357875236403,0.130059367613867
809,0.417340913486923,0.36276255615588,0.135038708973054,1.49684236442707,51,149.437696381181,0.00825045204259455,0.0158872079136875,0.806861636937596
810,0.364994569598418,0.151293405838355,0.0929174414652237,0.603744561341172,87,20.992424088344,0.00858896281780675,0.00208166019930039,0.660173634031788
811,0.439168756610667,0.314853604563556,0.0682009568466712,1.31000266238165,78,126.315062366019,0.00303091328552458,0.0150086313208798,0.26254992143577
812,0.164639320295025,0.199182716643983,0.124665945908732,0.503545327000297,56,54.6115142396651,0.018961807094207,6.72274889657274e-05,0.666631214066409
813,0.829703378798999,0.0161507905914728,0.170020523745767,1.21023237357328,91,146.436700424482,0.00441031638636719,0.0121673471875116,0.408567486881278
814,0.197539981827885,0.415421979952415,0.177283988811739,0.212177986801625,33,74.6992749544443,0.0133973358741123,0.0056406576767331,0.998291664505145
815,0.640899883261253,0.376090638790566,0.196176467450573,0.714185202698572,83,46.8042458364973,0.00687263828626368,0.00990174221833237,0.213257572843693
816,0.543556619362789,0.254220968989746,0.110891292068984,0.444719707904477,97,52.6648824738222,0.00011213506187778,0.00283281516083051,0.0407061141526792
817,0.224833636356844,0.457842426052236,0.182796318136046,0.778278856171411,81,128.391382347315,0.0191159865068831,0.00476310404098593,0.100487411149545
818,0.429541606861376,0.333694774712487,0.172263990451614,1.73663959117248,51,139.355275490438,0.0174166660905117,0.0175758669600589,0.150067170650465
819,0.733090331419837,0.377588922400204,0.101553881299829,0.190641891331808,64,58.2539164690766,0.0152159192956612,0.00200301188049838,0.07571912668203
820,0.340068810498226,0.215508208065834,0.132816630071544,0.954224509379081,61,83.9308652590262,0.00234813504807185,0.0174316300945915,0.832597936065635
821,0.266487878565001,0.085249292528017,0.166218473302354,1.09273939340524,63,17.2329132692073,0.0134287380283093,0.00800831693381537,0.328192745797336
822,0.675280909486953,0.171073581466151,0.1301081766741,1.68325525704862,90,43.3479850928416,0.00067806324348785,0.0139879106101673,0.862045653486857
823,0.513613645309582,0.0278780545130186,0.134513304853097,1.70608751068914,50,107.312435962132,0.00570221653995104,0.0179827087843837,0.953839728911174
824,0.946219475420564,0.441239124209865,0.164486579342259,1.06986570726624,66,121.770524834725,0.00311519411103334,0.0105336068425747,0.219335618060548
825,0.982860391134676,0.220282850309769,0.11836539018166,0.178158144414099,90,125.77426912993,0.0120703397817723,0.00529471481293906,0.433598664864199
826,0.707096500821714,0.36504538395846,0.0564357201528014,1.29920674585828,96,0.906098702712916,0.0176797290149657,0.0143520634994376,0.549894639055477
827,0.947488474106626,0.107411105988843,0.112958175776806,1.66099190420138,28,110.716269760451,0.011583102509412,0.000718592371908016,0.809148256753106
828,0.956589958938048,0.485276016271331,0.187731853578798,0.793593212940264,35,138.086728586478,0.00869275999324396,0.00954199810590595,0.818481350397225
829,0.744029148259969,0.403268597832466,0.0259264512506523,1.48860372467996,97,94.4716365716653,0.00356476886888966,0.00108430899446365,0.197939535587095
830,0.95866912571555,0.181157282807131,0.153169146495799,0.934581879982469,34,70.2602280395455,0.015872796335821,0.00869037809512112,0.854783357531531
831,0.570353806885565,0.351699397910279,0.0949426724189077,0.343350712631294,43,94.2319624303607,0.018076414376013,0.00402195838374551,0.8240999574936
832,0.418116014347738,0.217030808123634,0.0699201570636802,0.791780585581553,77,14.7873915709555,0.0167851609517587,0.0124260284965206,0.168724714365322
833,0.355744980352768,0.222530141512547,0.122947874459485,0.665148953853501,89,73.0352057736833,0.0190590771854902,0.0127504078831105,0.989048800586024
834,0.903038402367709,0.342248837930951,0.124430550483447,1.27630971177039,39,57.339388799679,0.0199780748875998,0.00250584296083543,0.0801093622522894
835,0.761406123544043,0.488639204001678,0.128076268994815,1.97500599458013,38,138.287101100141,0.00331442279374693,0.00546661153941415,0.482762030481827
836,0.355056886773952,0.168716356628218,0.0826531358603109,1.87735605956963,60,146.379741746024,0.00966202269638889,0.019916004077876,0.490578560106223
837,0.961488693965576,0.0399639889727952,0.130070557957643,0.575504635849246,75,19.9884230819182,0.0190712395286374,0.0146713805834809,0.550002722452627
838,0.680453667213442,0.309427443519428,0.0221202078288142,1.48268967170918,100,20.7101612177677,0.00565715741126798,0.0177567667949246,0.14450899238023
839,0.95820978337347,0.0497202813647757,0.192264779615409,0.144095014975057,22,111.056228535587,0.00775491353956051,0.0133587046235055,0.326649914242793
840,0.989471142914239,0.0908584804285178,0.191911964152164,1.26979147876685,27,6.37523572321516,0.0175150651629223,0.0079350159265846,0.683440030267695
841,0.577797826927784,0.1639993127252,0.017124337224788,1.47802426841473,93,88.4440943278489,0.000629666659757495,0.0103270784018422,0.95731482077809
842,0.606667534150439,0.373869131683374,0.105229525983892,0.611081009942433,70,24.1647368425154,0.00471866226800717,0.00876172208462842,0.870627901248401
843,0.491909741969476,0.200728089909719,0.108832856080339,1.0806249223528,98,95.3941630368121,0.00590299349512439,0.010064632075089,0.527784664511913
844,0.677609611233091,0.452123716342184,0.0327459284561919,1.75570736221874,83,11.1393704587128,0.0196981300002197,0.00602696606198326,0.208711781990714
845,0.378452802277985,0.117168983882531,0.0467808199746022,0.23905392625886,99,128.985401015973,0.0186142244935269,0.00212734305155929,0.814661811553873
846,0.453394684528373,0.300357448079246,0.0412622860669647,0.141000599532877,86,28.1912576007424,0.0192959135828679,0.000430432623317465,0.723303616189165
847,0.322725765762944,0.426448225024629,0.0526835794884036,0.118091920629237,81,9.73735161116347,0.0125763845667383,0.00896154080693144,0.136190702063264
848,0.394458422025316,0.319660077552199,0.0693842275938066,1.05063273438227,98,84.4739937068545,0.0157469270374579,0.0161887609715015,0.63619778318191
849,0.839242948737461,0.097141679151901,0.151102424129508,1.59431857428094,26,28.6465874660877,0.0103505962399114,0.00072539813159965,0.0240162553868722
850,0.979929488556134,0.316502655899182,0.136115183078512,0.874725208887458,88,43.0607021579985,0.00238842223610263,0.0185558645418147,0.333637939806562
851,0.478881263784948,0.206714717570245,0.122631243730062,1.28896066735205,65,145.978863416961,0.00738707391352393,0.00489551484799013,0.174739022853319
852,0.443918060097331,0.378945778717408,0.115086267660789,1.58753225392038,57,0.509728653612547,0.000749508919967338,0.0162390483985795,0.210148186269449
853,0.460367160089826,0.458567733745349,0.103842631128251,1.07286377382192,47,39.5033784378902,0.00344547627223656,0.0189976413328713,0.22626273744693
854,0.878803883935395,0.462656135355399,0.18833449810812,0.198393614151911,61,92.4380676249275,0.0159256278627459,0.0105664646984264,0.607995461435523
855,0.715696586570214,0.0416177380015724,0.0121400361988554,1.27133104722961,49,92.0180348522379,0.00409907296692021,0.00287165915844031,0.586167867686134
856,0.865847063162853,0.499316349092764,0.104364841385069,1.00851777396605,24,147.13147752767,0.00834504645990673,0.0186389264800353,0.641192933106096
857,0.325164908592217,0.0108159553641686,0.0501108385181613,0.231701590263494,64,23.4877948347945,0.0173137548950408,0.000524715298037045,0.722626507213339
858,0.518259045895771,0.162844296342011,0.14644627487154,1.86795310100853,61,43.9342802775325,0.00874307152222842,0.0137151678124955,0.822067087354371
859,0.494767812933447,0.431311227653085,0.0580039057494211,0.152020817442727,52,141.880167945055,0.0103078431009175,0.000360948491701856,0.427501706873067
860,0.995628241912159,0.0173024477768433,0.114154016058503,1.47045099904498,49,99.9178586080321,0.00549418801887427,0.0190389813018171,0.777141622802243
861,0.529411224459996,0.140137790066735,0.0190538483497407,1.85492138899735,22,66.9878685148316,0.0128725791673828,0.0149270099668019,0.161341668437002
862,0.19848808508236,0.249864259400854,0.107868332514849,1.34574101196942,98,148.002338231786,0.0179977517367946,0.014114085471523,0.526140731021995
863,0.484035827418603,0.336617850612006,0.179109676309805,1.95319612415398,57,53.654245417309,0.000693350026407279,0.0132866784782615,0.741820314653218
864,0.762725581482914,0.195264137262001,0.0306738373389933,1.85814420278156,30,7.93029853143962,0.0189548394563189,0.0152364293085365,0.470407723954646
865,0.975027924770606,0.432761690344794,0.167239501896743,0.598925277111889,70,59.3997067243326,0.0102055935450504,0.0194675460260641,0.479835371891269
866,0.205663475677394,0.298149480858515,0.088193982470308,1.90616541448929,89,46.4349101485102,0.0057334413779946,0.0189310112219211,0.80793799174251
867,0.609892241474008,0.0395056862299913,0.192058045184503,0.540762191496207,50,147.475572442543,0.0106650184626319,0.00483494743085932,0.703815903189126
868,0.437604208509275,0.263201696358502,0.0751830205116002,0.654507614069735,61,84.7670435247361,0.0182471333176317,0.00581955466211308,0.569500028791139
869,0.666520806167996,0.0571555845646793,0.0884112288658717,1.84881707716479,50,131.808002255496,0.0191349784898851,0.00443103564391844,0.784441959087504
870,0.116798640164523,0.384190075019917,0.190564257942424,0.510183890545578,40,71.6403499167413,0.0161889741634578,0.00435189588419162,0.125998763844371
871,0.184689739356632,0.278800073117195,0.107134794981563,0.378667273693346,74,51.1955568826874,0.0156993386104889,0.0182597778790398,0.330753444493515
872,0.416087174699525,0.135746640217751,0.0992031487766211,1.2069730768756,27,91.929400482215,0.0136662710556481,0.00517844075744506,0.128655661467696
873,0.821920039851312,0.307687711931206,0.119933452183777,1.01237787528252,100,126.606022899016,0.0163707695017429,0.00930871674316004,0.752338112793164
874,0.415729825087986,0.34770340282764,0.197296727841899,1.39948809217594,63,83.7161596574821,0.0161315404232545,0.0173334173027473,0.199122636738466
875,0.653006505648978,0.0261970976698655,0.173250958062708,0.827132479878887,26,131.123967210576,0.0144389754459355,0.0143379932829784,0.863100010707509
876,0.852907248155167,0.136331573621046,0.0378874802117958,1.23491088434772,88,43.7431060528499,0.0017414630599739,0.00726780593290925,0.710710762367118
877,0.632388289202354,0.103512108255641,0.0140868080306752,1.08796174499989,67,127.867417962779,0.00450677444805391,0.0150433329133596,0.570549624877749
878,0.971075822941237,0.0881673820557888,0.0583947387689236,0.675271292180754,43,1.41826961059123,0.0113373512609862,0.0101223945611203,0.60847101509152
879,0.650225206716498,0.345740102664833,0.0621880674811243,0.811008002697583,73,107.17949610427,0.00645545174107421,0.0114645312150847,0.504625212901738
880,0.981708406976657,0.445012512488228,0.0275985115627386,0.436246619109903,54,101.859897675156,0.00342640187276062,0.000969701849319972,0.071757724984549
881,0.239791266458528,0.188589239867616,0.129367917841051,1.65901737608081,84,11.5536172479624,0.013201573014902,0.0181848924955539,0.152126708269818
882,0.398218504722952,0.257199284808226,0.131697150698705,1.48943480943621,30,76.246817919868,0.00162567465285771,0.00835346746240742,0.426170638228301
883,0.658676902388176,0.320619439803911,0.150427201453268,0.72319838363491,72,113.36067764964,0.0185119100232795,0.00388782731217332,0.713330015939428
884,0.154170511200884,0.402087994277463,0.0267485705593973,0.562426000149129,50,99.321617764968,0.00263158436393831,0.0126798568188539,0.561035738691222
885,0.738919774061348,0.311747270389227,0.181799785572717,1.9577982712944,25,3.40795828270493,0.00791769768096972,0.0141959682197403,0.239525194054004
886,0.613197234079894,0.0549205843890295,0.0900758416140987,0.270510385260801,26,117.788572597958,0.0170665787656885,0.00784730477705132,0.859167388661532
887,0.620571963358508,0.293573079508382,0.105697863281416,1.18495359095782,27,84.3243417935329,0.0137405269874958,0.00524906086566392,0.694887042269576
888,0.334280881747371,0.410967166980631,0.0677395343904896,0.894123258345318,62,116.843056692963,0.0109665690154955,0.000169674944574945,0.275469620039454
889,0.351183746253955,0.426988595510805,0.0624854367530555,1.15153247598843,57,98.7673834367422,0.00880869535743724,0.0129743859828869,0.373787850473076
890,0.386463570642355,0.122527865332975,0.098493654304354,0.294166481756186,56,59.8463661752176,0.0124711486479267,0.0157899206409883,0.988634334496455
891,0.915677928430936,0.160809848429896,0.170450878413413,1.74926453370827,51,36.1414449603064,0.00460790956089739,0.00612007887666579,0.0489958041883074
892,0.582864890287956,0.188855084556174,0.133079862915848,1.79050570102485,29,6.64262507952517,0.00586064556302968,0.0134753492867807,0.913004262231523
893,0.28051503610306,0.240008225884286,0.169769092690256,0.350305959032662,79,133.283972948953,0.00307587227985263,0.00116118652350735,0.0444543038660195
894,0.468397943120915,0.134837638571481,0.0136400761873974,1.00188838628074,57,124.639737003332,0.00992502549382392,0.00732242271340918,0.16016792509472
895,0.142931164457952,0.401313197588304,0.193959768522133,1.88245731852537,33,85.4896907205926,0.0172017922119144,0.00626680364732165,0.491953435866395
896,0.850643376832129,0.095249637626987,0.0820519726651697,0.843208760688035,56,37.7667346771108,0.00269733536702115,0.01122785079177,0.276244320553029
897,0.256050621152134,0.413066037586816,0.169288056564375,1.48023021879999,97,31.2100747756544,0.0108772410347499,0.00236127576828469,0.308628857068019
898,0.458305383016542,0.332839030990249,0.0832698261954449,1.59308151266987,53,135.486103339819,0.00491828251301311,0.0197558865054697,0.459660767740337
899,0.139517348464928,0.204820544263278,0.0864810359126097,0.748584294536058,66,44.9540175314876,0.0181731693991879,0.0161542599357106,0.477564544952009
900,0.147559230322903,0.420053661031374,0.0989527552420367,1.25038006203657,35,118.965578426491,0.0125415724994149,0.00376364417139441,0.476859420416178
901,0.321183893010463,0.488106277293153,0.168685805316283,0.569593082419387,40,105.336399625707,0.000270920857992023,0.011756439319388,0.249719033497619
902,0.756059166726167,0.21475846296072,0.0669836771777435,0.627383591971197,21,98.4472611899022,0.00612036586686503,0.0199298381551402,0.295598225655733
903,0.834104893789324,0.344933139398608,0.173955763103738,1.10015689194908,53,89.534914418729,0.0194417711290903,0.000641251458986662,0.816448589796899
904,0.994965931262588,0.408756664338328,0.0144046462214598,1.22264959812141,58,71.8428903257009,0.0100038028255478,0.00340898481417447,0.348608979575103
905,0.745404737268016,0.116794710783311,0.0297019783606194,1.72216688759597,34,18.3880270810914,0.0129946775906626,0.0119874577490985,0.836192820287775
906,0.522913631306915,0.0681367766637914,0.147182620144724,1.15980141398159,28,140.425777396979,0.0163334195185872,0.017592308425298,0.437992820591666
907,0.152193749086536,0.393114358272937,0.12154378041073,0.816652204849734,96,3.60375340048922,0.00630799915271811,0.0161699493762944,0.369398310729768
908,0.589168561788276,0.404860866089908,0.144657246701713,1.24048095202514,23,29.8997004269971,0.0126055099595385,0.0120679191140411,0.619072151298402
909,0.900804514631117,0.0919739551928197,0.113019386557247,0.182291954275756,71,82.9850289769121,0.0130123833206156,0.0117399713419005,0.566486288850661
910,0.472490056748688,0.406895116179816,0.10353824551479,0.937129578771186,58,37.4924283061526,0.0103913625945197,0.0107257203354407,0.882535684436094
911,0.904569269471779,0.287013951317444,0.0110699431172921,0.41400363869688,20,122.640203906887,0.00518594687892124,0.0095098133972846,0.880833996673813
912,0.15968134677955,0.269646772189236,0.0546375349963596,1.07657965636814,45,47.157464479201,0.0108560751621053,0.0130484361839481,0.667993463070132
913,0.234310561142489,0.0916770546134631,0.140258019908639,0.716387291958486,53,35.690976525424,0.0178261023664195,0.00748141157538164,0.110242604458472
914,0.349330198448151,0.29544335410364,0.181972961086698,1.24354428492361,67,31.5248512227321,0.00616033917654306,0.00688275801334996,0.532145508420886
915,0.617378322591772,0.184059609312124,0.022543921973058,0.828625311947241,65,88.8224561121664,0.00886927220411133,0.00741992219014093,0.0850918267010711
916,0.284774662604881,0.396220698293084,0.152251211276692,1.98725904506478,24,82.470396910992,0.0138335303998971,0.00169837295834441,0.767050712403376
917,0.571240487772576,0.155365408820966,0.0594397008950659,0.783253794483002,57,138.817093071656,0.0151710136111081,0.0132171217466751,0.270868055883795
918,0.796455517639359,0.228927718235273,0.0856173592867236,1.80696388927237,32,21.7284569740528,0.0126885096911341,0.013274943467821,0.492844314678339
919,0.622111211518547,0.496937129121595,0.0178135440840852,1.12430654539429,52,57.8415260842536,0.00801822525760159,0.00604619177461136,0.207656673862599
920,0.894299263192946,0.353993603668404,0.0350013209714787,0.634417620957317,41,6.11947199514834,0.000445901021310128,0.00902961748858914,0.974853769969894
921,0.564350008708634,0.158732026890828,0.180516678598518,0.587493742403225,66,90.9293115284876,0.00397146025053691,0.010359668686972,0.906229887961177
922,0.928298685994744,0.314069994457369,0.158974222381788,1.92989583346485,50,149.080460987217,0.0136138740952127,0.0188319145146059,0.90547815987491
923,0.987526725062402,0.052992172322229,0.0384578669831203,1.24544082389663,57,129.806311321375,0.0179399144418538,0.00310845228836872,0.670992504343856
924,0.395396025117976,0.319943657900819,0.0453644423541683,1.78867737561346,39,85.0400085136062,0.0197166838122439,0.0146826878046384,0.088391848067753
925,0.673716712432448,0.455245894317576,0.0290205714523932,1.35323203923993,83,108.830978734978,0.0106882143301982,0.0115798669105582,0.0078251735996455
926,0.891968124912214,0.128985242716162,0.0402089850252331,1.18278195526118,29,27.9626949920319,0.0133521746520372,0.0110959693865152,0.480591803676682
927,0.802382979301573,0.0307086475903471,0.131129647352619,0.864712063873629,77,97.9716281123576,0.0100467794937454,0.0102854462374421,0.127106409824686
928,0.489735774198477,0.103817440072389,0.0561355916002765,0.940815684819757,66,69.7487961368286,0.00146411467639729,0.0107151861853292,0.733266242106678
929,0.725171270634048,0.486247835685622,0.0709313723815512,1.93479877596197,28,45.3317557918956,0.00363682304673363,0.00680385828373488,0.267506176537601
930,0.906035138006322,0.246260128000912,0.186259802831402,1.90762550848511,61,66.6127292694524,0.0160077068758337,0.00809255962796509,0.489470796477282
931,0.441224649600708,0.135361900548707,0.185015939295895,0.499795193236112,31,122.381678338582,0.00139169324644376,0.00779547199140303,0.499666469019139
932,0.155860970095475,0.0418703989851568,0.0947215600961121,0.244441310373344,51,47.4902662200504,0.00434324429152533,0.00550305537082721,0.019586340028327
933,0.649765721872426,0.124855834529973,0.0994651130533288,1.05761199162169,97,21.8263996130554,0.0154082340499759,0.00391520391249564,0.620691873881966
934,0.25244926131994,0.207256814914108,0.143648390263438,1.58505662540281,78,38.0245462253108,0.0171309037802927,0.0139055919531733,0.424926391136134
935,0.555586536967242,0.423154751507954,0.0868234672971675,0.461252881749161,74,79.0950980708934,0.00957606107044965,0.00148785724368412,0.124744375592563
936,0.686581085310737,0.0110765906496486,0.09625417625756,0.691784264998627,38,64.5340465626097,0.00750213305961341,0.0174066129991366,0.464249527046224
937,0.317306952695688,0.174446558061044,0.0100343286266318,1.04728611487809,51,26.7120737063116,0.00786785894970875,0.00328290972310118,0.0811021701258142
938,0.188786168851075,0.401605501248026,0.127844120821084,0.223494671214116,59,86.3130870933761,0.00860906362450216,0.00759644033062272,0.72539788234164
939,0.728677611440793,0.349510283796673,0.190221661395205,1.49252769383301,66,70.4730620786897,0.0153350270632096,0.00796061398332938,0.538252948980313
940,0.951126116452995,0.070669806675578,0.155782298111268,1.06873638626132,94,30.9120606334414,0.0182205802749842,0.00873261442400515,0.856649048506515
941,0.793233981453371,0.36989178523575,0.0262242487474461,0.195038814747473,86,75.7831716354238,0.00484743581992574,0.0174973079098249,0.755575256593758
942,0.264407016565185,0.141499811819592,0.128889922169328,1.77874109342347,33,32.9390237072948,0.0025766207408905,0.0145613582522608,0.449983573358972
943,0.779807003921154,0.0360478234019014,0.176006739952769,0.658357243938441,27,85.3335043639177,0.0171031350473221,0.00972959133456927,0.248325233598007
944,0.196088613506174,0.0972835777360853,0.0974028745673667,1.25162092185132,62,141.22878149118,0.0148174515435891,0.00771302841580007,0.0840753546860069
945,0.572106054738117,0.39545168848353,0.14978481026503,0.33123404617738,83,111.664674458862,0.0176971332856221,0.0120434285566025,0.514072567237774
946,0.534007473549224,0.30304516527381,0.148077155713448,1.71455737163296,32,29.2103737846948,0.00454756950055249,0.00014353166537825,0.17217402948672
947,0.332292012762208,0.445215246997583,0.0611778190003685,0.211882505458919,55,97.8478552212124,0.000908086350704543,0.0011161940215202,0.458532949730288
948,0.746279064739123,0.147746995814531,0.0255952641674178,1.45542603054405,33,96.276886196842,0.0167363283734722,0.0191485215245932,0.915237800412113
949,0.427049221930443,0.232327202191453,0.197990523937924,1.40981918741434,80,35.0066682993667,0.00497646309902891,0.0195820572704589,0.787322534049628
950,0.2628056279724,0.32847754933374,0.12923227599242,1.92852921411716,97,72.741300595575,0.0187934508088138,0.00614321270981804,0.841200228455244
951,0.132123688520747,0.221451684474624,0.0236155322432471,1.67711556946647,91,112.782240411511,0.0115413793488778,0.000503147477102466,0.65119052437949
952,0.643705617002607,0.227782710810904,0.161786271811768,1.74796104818597,72,139.878221337742,0.00395249684388284,0.0124178956964659,0.115884692756692
953,0.155574276885879,0.016399870664184,0.112309911171212,1.68106058051665,25,93.0251905916026,0.0186768039775826,0.01042521335294,0.310328557342058
954,0.825666655296297,0.222933321197887,0.0312534626181261,1.88806404559508,67,98.3323015416157,0.0141119846266182,0.0167024975443212,0.211305661222432
955,0.91770663055894,0.138783455722183,0.067233617633197,1.43651440718484,69,35.3028927716659,0.0183956695829052,0.0134370215258887,0.80257560593728
956,0.871146362064313,0.171709118692889,0.0266196251472808,0.981027955136215,29,98.1754833169864,0.00830842491609044,0.0103938287958875,0.943925490337424
957,0.516359664658015,0.344668656263738,0.085757890470454,1.0156777547241,99,50.2411881349864,0.0179743148687715,0.00386738483462948,0.016742869813228
958,0.250569263495831,0.322648165451884,0.107019010766391,1.51428180624836,75,67.8197434715694,0.00183156557525974,0.0154940729341004,0.518848994333996
959,0.888697830033535,0.236185276587086,0.117983158587816,1.02671300366388,76,115.079404778837,0.00181622614551336,0.0125156400079327,0.829103351633763
960,0.584285639076284,0.144701483022131,0.0212498311986774,1.01586123193789,91,31.4598698492395,0.00261696417653002,0.0129561379816197,0.555232063111616
961,0.120151174102724,0.33605382645352,0.123552642920488,0.608297226616717,74,82.5807914641919,0.00309053320160601,0.00454305311465636,0.510872292331187
962,0.55748767001878,0.137359771726734,0.0762603102320433,0.64282782045682,25,144.403841466189,0.00990001349205151,0.0193109625730105,0.771171622417634
963,0.608144137944304,0.261500351911057,0.163544544596667,0.728988958040788,50,118.004969666479,0.0139604436430894,0.0168479265867267,0.461740906092804
964,0.133067010872182,0.463837920987075,0.0874970141830761,0.296103696151776,90,69.9875475336565,0.0177381919018133,0.0174511609374918,0.300585514609935
965,0.462258764267573,0.339614649367344,0.18686104430475,0.267204262711434,87,94.1476701894309,0.00710306338910945,0.00349266418370418,0.653377183457836
966,0.590661055252585,0.318675283917231,0.198629363360063,1.77736374283079,97,139.730844912026,0.0108325187403988,0.00493239192543086,0.565026206013514
967,0.94184511204171,0.0495329240100156,0.179853379075369,1.83264267648933,64,53.4510454854928,0.00333253830025438,0.0125311579232803,0.529126165466849
968,0.855325440002559,0.0377008583865175,0.137032295509912,0.137237604429643,35,147.340378102229,0.016314870579401,0.00515711836657021,0.42273969114502
969,0.853614749614615,0.264562459367642,0.0382704963248875,0.259460166733875,53,146.869454413641,0.00452089369172696,0.0140400322320871,0.0261524074531626
970,0.675008905738057,0.10863986353277,0.158532750233631,1.53293298544118,90,33.6951974360738,0.0145991398147354,0.00323355532601941,0.669794562801719
971,0.707530096364114,0.248400615776486,0.146244394515534,1.61381785614733,81,38.3926979057374,0.00423836116131861,0.0146562000808259,0.385018005558755
972,0.376945364562818,0.46365440477567,0.121784250116753,1.7401844269366,85,97.0679755386896,0.0150196560869412,0.0153943885089643,0.132036099137506
973,0.366465333171329,0.28114025742223,0.0201985199462785,0.853975923943426,91,115.746701960766,0.00415145598013885,0.00695239759049378,0.215595976185752
974,0.179532910112571,0.491896382140187,0.183586044015454,1.45254359372666,28,60.7966150925495,0.00553483702081721,0.00396771350457333,0.00839793301909231
975,0.24959292725604,0.0335633080163086,0.0465799512448697,0.789980061943177,22,3.11287167974515,0.00764877484931145,0.0182318891232321,0.751275098119397
976,0.311165224449616,0.0708117957713804,0.0460408845914342,1.64815474621009,20,13.8056760438136,0.00195029244031757,0.0173743474769266,0.354538648870308
977,0.931128774179076,0.362882992784737,0.102583224501919,0.798275988679682,74,134.45180205151,0.00667941051244736,0.00513329979486764,0.911679809827823
978,0.472874898542464,0.092361049399043,0.0537742599961069,0.348299929026118,68,101.196674791106,0.00770064686068334,0.00521621491376776,0.718581161508104
979,0.27982581107188,0.260585494214566,0.0831145990834595,0.162857608465943,31,149.627305747604,0.0122233836048981,0.00860085541293491,0.977980258428026
980,0.792133323930344,0.46538578026284,0.0535940925968997,0.342985651043244,77,74.0314452193212,0.00772288097944111,0.0172157243090542,0.156788155752001
981,0.96759925650612,0.358028225746877,0.0280957199091371,1.60037647307015,77,86.2145545035135,0.0047283061985625,0.016670400128956,0.801922495691106
982,0.761713439307199,0.444553427315338,0.0632878223496745,1.84165408742484,64,69.5711588721606,0.00949305636953097,0.017066817461364,0.827574765577214
983,0.868563846405572,0.415145877006426,0.0749004493779968,1.02834921391043,99,104.061396925896,0.016020650748047,0.0163695019182144,0.644779642965179
984,0.786153169884789,0.0347180751886196,0.0216243556135171,0.580986969699478,66,93.7077342719072,0.00250317141476087,0.0109349693904817,0.53785716270213
985,0.338219122081902,0.460197872065161,0.0599000334986579,1.33584692701583,56,67.452955404832,0.0187291392193362,0.0100311734978668,0.0460397875208873
986,0.69087103168997,0.260977926695077,0.112190813651797,1.355672085189,82,17.3793920680066,0.00619969805540051,0.00465699789377861,0.99769450350944
987,0.409738330572401,0.194335867534657,0.0715836688996851,1.40303431665113,40,79.4976573985652,0.0198392016483471,0.0155465354338335,0.642797396928538
988,0.308296023894451,0.177714151060807,0.11877184754302,0.908051394238696,75,14.3532100168406,0.0121996966793714,0.0152877495815279,0.531396101072663
989,0.38326948893324,0.0214724747206713,0.095690202623338,0.437785778775811,43,32.583724248677,0.0165088200981915,0.0158006023768801,0.16913053108193
990,0.596517038339516,0.458333704765516,0.0978705523396539,1.55153680787447,32,1.75412169070914,0.0192654866565531,0.0157717172824033,0.274556911098538
991,0.672824816403026,0.0776789361089445,0.131424217188754,0.237568758666166,68,19.3415007783333,0.0144529456303501,0.00795041573205497,0.864124752586475
992,0.893293299756642,0.253286894966615,0.163321841889301,1.62091629921822,77,134.999234812323,0.00132087057523429,0.00290234515511896,0.610063229561783
993,0.418881339490227,0.293980219442325,0.118904870694831,0.340670903301821,57,126.767808983533,0.0105357195336698,0.00587069121811073,0.696793755041435
994,0.844461562813492,0.280472026501619,0.122186928329077,0.733257569050812,34,51.6056445342489,0.0123437605566252,0.0184390640175622,0.629465633065673
995,0.238146824311046,0.260190832701949,0.100628617289797,1.0845775223983,26,88.5762476000469,0.0125069406996993,0.0141643961926596,0.511683937542373
996,0.723581835681037,0.451213635972037,0.0848671947565605,0.26400622740651,52,62.4632456392748,0.014796162022585,0.016591908243061,0.375411721108016
997,0.450183050176501,0.275189434814185,0.0362836867512274,0.839878783462336,82,113.52912132988,0.00579202838970814,0.017908365785731,0.865943830032367
998,0.912829378623539,0.354479473838923,0.127266358297025,1.58150106277589,91,102.066950294736,0.00347266760978382,0.0181201929905405,0.782250142265577
999,0.681244695828087,0.0426227063405444,0.0211046945903613,1.74510230702939,30,80.367470166448,0.0166456858778372,0.00437551519600209,0.178023316082545
1000,0.103135711031454,0.390175055370955,0.187079611305082,0.126276933369134,47,120.567899562651,0.0173748667859705,0.01103320367245,0.837981550435536
