"combo_id","seed","design_group","lac_0","mu_0","gam_0","laa_0","K_0","K_1","mu_1","laa_1","lambda0"
1,1014729,"broad_lhs",0.296217408962066,0.655755296206209,0.0209087667423838,1.12248616182063,126.078478967926,55.6109144153778,0.0133003115893031,0.073015720458546,0.461796997444471
2,1119458,"broad_lhs",0.140111248359825,0.333953530376192,0.0295853961019007,0.326219660211342,60.033648214303,32.2536468455527,0.0512002967086931,0.134594091831305,1.02831895663558
3,1224187,"broad_lhs",0.874681123317751,0.216249482758285,0.0241185547305717,1.30384167842437,92.1220630066172,52.4005220939101,0.0496822026669591,0.143321336332333,0.917937735400628
4,1328916,"broad_lhs",0.151884556431216,0.288436724727486,0.0629373819263053,0.158550530223058,94.910223182556,36.3452637086149,0.0612201187909037,0.113976990084953,0.960623440575243
5,1433645,"broad_lhs",0.0347282725840113,0.0211296386202616,0.289045580549924,2.37753091437988,139.302579340583,8.10775888829762,0.0931303787818178,0.0335535883325954,0.582437593586898
6,1538374,"broad_lhs",0.265547134895787,0.147056677212895,0.157591483032652,0.0896972459381292,120.243725502256,35.7030561731363,0.0618581285196512,0.194486393016543,0.16184685866038
7,1643103,"broad_lhs",0.19704018793444,0.543258327720157,0.00736764406314797,2.15685393159493,62.4186826963948,12.1922869017807,0.123687411382329,0.00281188041831936,0.13189467051959
8,1747832,"broad_lhs",0.472859525605772,0.0472365037358054,0.02899025082061,0.0825263181484819,116.963196029246,3.01434609303444,0.0725300246711122,0.0723029857785958,0.820030825001498
9,1852561,"mu1_only",0.670676487357249,0.0855003613353371,0.0390916456619193,0.289761897286445,22.8888439724687,0,0.0899931314532878,0,0
10,1957290,"broad_lhs",0.773102233995123,0.346574264702541,0.0414735124059598,0.495358509852524,28.5445545312379,59.1737207875585,0.072398310742923,0.118705939870561,0.671147432792932
11,2062019,"broad_lhs",1.13146100701529,0.0257713537836388,0.00948681852615409,2.47136730652496,127.304514630523,7.15634002966283,0.14242817176894,0.241562029202469,0.565452249770751
12,2166748,"broad_lhs",0.107466918039414,0.0806084370798892,0.165297375576157,0.763606927697535,52.4930517047243,0.000306995221112559,0.100241897724336,0.122276605172083,0.835347723527812
13,2271477,"broad_lhs",0.539982122443888,0.124744197219492,0.0387636699818135,0.0463266740770653,99.3792792112799,48.9534763308543,0.00315341933222953,0.0840151741959724,1.1422982750965
14,2376206,"broad_lhs",0.525379537090178,0.335343341036436,0.00633850643516272,0.0493208368040936,85.5297343299349,58.1938972086719,0.132672777598336,0.136626308248702,0.881780351946751
15,2480935,"broad_lhs",0.203739521185374,0.0235524558845477,0.022050082466131,2.28099996231627,92.6438338179529,13.965110976803,0.0118138223309458,0.125232257609087,1.13671391156657
16,2585664,"broad_lhs",0.0825335633979008,0.0778005202387581,0.0131377456730187,1.47416064756985,125.297052807129,1.08375810278029,0.0210548224043644,0.21257369208266,1.18161393982824
17,2690393,"broad_lhs",0.101739731548889,0.274860726361459,0.0138404218014827,0.0898296497048798,105.836277542306,30.1483965032845,0.0888226351488847,0.0770766562376715,0.56076539224751
18,2795122,"broad_lhs",0.105383953586557,0.110910054864322,0.0597204793242611,0.157844744441287,68.030654078951,2.57786315753656,0.116370843876114,0.131959703682029,0.333103512978802
19,2899851,"broad_lhs",0.107096247300553,0.0723236178737002,0.0763458869542787,0.122795054306257,87.6426231518336,22.4169752797737,0.110808174956978,0.111989182239696,0.694601034765753
20,3004580,"broad_lhs",0.177829354338703,0.0534182043652502,0.0807247068189,1.66945833253161,43.6839201338201,22.771512727943,0.0166908436821541,0.103882077004592,1.00938986432583
21,3109309,"K1_only",0.567562632289271,0.178574818712953,0.00719341795705293,1.06661265745737,97.5880264068837,0.280649608004849,0,0,0
22,3214038,"broad_lhs",0.0366471837773615,0.727182391033575,0.0663145514651806,0.0445830338413535,109.108530426812,0.0425728891447983,0.0135694487365739,0.0446372509532375,1.09074722955741
23,3318767,"broad_lhs",0.907474466357465,0.0282277068887614,0.0108023185078867,0.180091438843712,135.354532906915,73.8060998201754,0.0462071997191912,0.00559749562746017,1.21140248875832
24,3423496,"broad_lhs",0.118733311082455,0.305315995419504,0.111267637180807,0.0849278653368827,97.6910291938434,0.033419309684974,0.0366496775953177,0.057707406505813,0.456457381388949
25,3528225,"no_mutualism",0.582623796884915,0.078259497386927,0.0795074598499057,0.256794165132009,78.7701163353631,0,0,0,0
26,3632954,"broad_lhs",0.13070861099998,0.367511800292551,0.173756551051328,1.8696436285434,136.872077148518,64.3295725635913,0.0324293321916678,0.00899943661817815,0.575507453478252
27,3737683,"broad_lhs",0.0507947319206328,0.0444828458432638,0.166476041928244,0.0625495929350763,34.1314592313009,24.3306962245512,0.0764882250921025,0.0231268234843931,1.26318162721776
28,3842412,"broad_lhs",0.80298103681069,0.231140809967123,0.0865834691840499,1.82112043900496,104.259769338726,0.0986625850923312,0.0732677608535547,0.225495820924213,0.351506263661431
29,3947141,"broad_lhs",0.654788215541315,0.445806861225561,0.190510816792047,1.73542098307948,24.2856720328887,31.0000443013864,0.149263653173305,0.140848069920256,0.141542546039758
30,4051870,"broad_lhs",0.842198057234988,0.0346921517176116,0.0330899575378663,1.48488170913203,50.6804452698755,69.2640940218372,0.057512984468524,0.157190356157177,0.756532400253927
31,4156599,"K1_only",0.0758855273846719,0.0986224756736253,0.182516391742302,0.160131128433248,44.260197194526,1.4203219361386,0,0,0
32,4261328,"no_mutualism",0.307375735082123,0.0464315443753131,0.0162634351924485,0.135070786779068,75.6017113249982,0,0,0,0
33,4366057,"broad_lhs",0.0914963003867952,0.0437309425900968,0.0278382727066916,0.238880767628938,39.1192830334249,21.2809855969498,0.0731464994830312,0.219886422420386,0.523947912345563
34,4470786,"broad_lhs",0.257613168637352,0.615556153280737,0.0236867475897575,0.0634081341391695,35.5771564222717,1.18330732907077,0.0543205617784988,0.0719292040061878,1.22967986060694
35,4575515,"broad_lhs",0.310963042173746,0.0229535135924086,0.00858406738002584,0.0310745384922571,28.1784008591138,85.6469473808012,0.0710592905286855,0.183960685018683,1.17226713010188
36,4680244,"broad_lhs",0.137948939770024,0.0418309523231712,0.0100714765613189,0.0376934518409829,32.0836891313471,0.00174152178276962,0.109963265720367,0.0533203322045867,0.0913350272217455
37,4784973,"broad_lhs",0.528337079422949,0.109618916986333,0.274355691566476,0.156561906469269,27.9738606997287,56.862412563052,0.110099200619579,0.182684882434098,0.898064659048881
38,4889702,"broad_lhs",0.0666263962659226,0.140905602045559,0.0749057167399078,1.10453857221068,93.0193812563731,37.9448040641638,0.114837843642337,0.145380010228449,0.915190846374026
39,4994431,"broad_lhs",0.0796242204928687,0.0297618962158813,0.21320796217573,0.284465724827044,31.4841653734523,31.1413426562706,0.0736814165534063,0.194045553928655,0.221044761696442
40,5099160,"broad_lhs",0.779425640941,0.650179887080927,0.105245013189219,1.39318590455773,138.532848681077,0.0077983229596483,0.000140595469352168,0.106894111149401,0.0770467852649745
41,5203889,"mu1_only",0.100323979033047,0.640779656779044,0.266534149169381,1.62036549243779,105.941822424647,0,0.110940305149416,0,0
42,5308618,"broad_lhs",1.01723847672138,0.623499879241171,0.0270386514749226,0.397539787348386,113.181608526663,0.000414512312675993,0.101769078651133,0.147772788862607,1.3111656565483
43,5413347,"broad_lhs",0.324088514719814,0.242728305241148,0.287954135294256,0.0408705101212139,18.0688203335093,1.14906124027019,0.11571615196489,0.196448673880724,0.259374235188588
44,5518076,"broad_lhs",0.359754448391041,0.0215917217194199,0.194051370160643,0.263002160487599,21.2483008720705,2.50557123816297,0.0262037354793477,0.0903313744972952,0.497266450936828
45,5622805,"broad_lhs",0.202856032913774,0.171630369026766,0.192680141909997,0.0459016530773894,77.189747155353,1.92385177661321,0.0851466104544233,0.246767791720211,0.823337350029033
46,5727534,"broad_lhs",0.843982913020163,0.0305178540158383,0.148843777551078,1.64653620360139,133.639569638245,12.521346091782,0.140747141262982,0.193761768167218,0.677325186400364
47,5832263,"broad_lhs",0.240081394048931,0.115617786768726,0.236815291580997,0.098893879310077,134.106295518771,0.00271056376957044,0.132834529699796,0.146677814074663,1.45716023107176
48,5936992,"broad_lhs",0.402354067423885,0.197211000576193,0.0354254248523092,0.351838998980043,85.0267848089506,9.74931723110661,0.0846204058488753,0.155208372973656,0.923875249826039
49,6041721,"broad_lhs",0.218571875188775,0.331463166037961,0.0273378239976725,0.36323631266587,36.654218072201,16.0197191491687,0.0480469970204091,0.0213555678345599,1.12158019875564
50,6146450,"broad_lhs",0.133388332363787,0.0535418548729861,0.271857634344491,0.754578912674743,107.699247894699,4.91041284820367,0.0320371236722373,0.022549129256513,0.728770329241718
51,6251179,"broad_lhs",0.163560038566542,0.262606449202011,0.170746898294575,1.36587108029677,100.973203207541,4.4263070616694,0.0802558048643793,0.222925381537061,1.26114376810263
52,6355908,"broad_lhs",0.160324080517713,0.0577259588582909,0.0221574179394606,0.195360239529573,110.295128404525,24.5630517755875,0.106377473348635,0.175140135225633,0.50559970726259
53,6460637,"broad_lhs",0.12309277851075,0.106100741449047,0.0340758941697095,0.217667935652597,90.5160338199089,19.8015057549226,0.0373585614895759,0.139421084480645,0.967946283516552
54,6565366,"broad_lhs",0.116748839894163,0.0676749229163975,0.00765345081793473,0.0568145196773803,109.004606599758,9.09626900673296,0.136458446123016,0.125999582588492,0.621768288806003
55,6670095,"broad_lhs",0.370749142804812,0.0992664206895638,0.0200806512911262,0.152708830433007,62.9210244721617,30.3482686687703,0.0678849058716247,0.0674977175352655,1.15256698570137
56,6774824,"broad_lhs",0.143318774115654,0.562128911826476,0.005531087469414,0.10007882201682,44.7740906574311,0.0014775400647979,0.00173671437179049,0.0106026426918106,1.39673808054067
57,6879553,"broad_lhs",0.579762874382205,0.228540764243155,0.267629216480626,0.102602753587038,18.5850532861918,3.1255672522404,0.14290880441328,0.0427210626813919,1.1151868925069
58,6984282,"broad_lhs",0.406155015855727,0.374500149321162,0.29054087534971,0.0511726000055513,139.14288172964,7.42726063262056,0.0106732567125388,0.0391689495219099,0.0533752061345149
59,7089011,"broad_lhs",0.0323863819500144,0.0204597329294063,0.0205379294514895,0.570447497868576,88.998511914526,26.9279540798641,0.0558827949503514,0.185367984006686,0.248248138806472
60,7193740,"mu1_only",0.0697177559764287,0.288956351880754,0.0322596183963813,0.0336952153348898,91.4825155818835,0,0.0619371485640295,0,0
61,7298469,"broad_lhs",0.326424198448532,0.121915186046228,0.0250064621836209,0.641623013325016,48.8126211141288,22.2755958552907,0.0915676414881988,0.109669428363494,0.602600030310374
62,7403198,"broad_lhs",0.497117199638841,0.477879326863768,0.0983576308009705,0.188903392618286,73.0615949448677,12.3356200280142,0.126243844293485,0.240976607141654,1.32848440936767
63,7507927,"broad_lhs",0.217507911361241,0.0221612667605605,0.00630379810979586,0.0326482310138997,137.525900524051,0.0244776628405797,0.135694530705068,0.231820148337348,1.25740009304873
64,7612656,"lambda0_only",0.513725520742149,0.0483608826553348,0.175350934305778,0.0402715736617714,137.966403434111,0,0,0,1.1155929251737
65,7717385,"broad_lhs",0.0714391116133807,0.278330720636238,0.0296238151355963,0.2237281832893,33.9190957752807,1.49215936056763,0.0485014801082822,0.222243893590316,0.701415193809274
66,7822114,"broad_lhs",0.0303794355694142,0.345028090182821,0.206270307036604,1.27338683772467,46.7083205889018,0.0944439699650408,0.134521889164307,0.203112386113757,0.787831945643217
67,7926843,"broad_lhs",0.0485381474851983,0.235044792912435,0.0375958977301751,0.613839569089424,92.5078890972266,1.00939114099104,0.064401087924644,0.205958550088496,0.905780670928458
68,8031572,"broad_lhs",0.832790184892767,0.554334242132734,0.0659617187058935,0.11500914975475,22.8782517838408,49.8657861460801,0.075622439429358,0.00790066573839997,0.430187154162365
69,8136301,"broad_lhs",0.088389043239422,0.0220144426766802,0.0925940507301267,0.680714822863678,37.4492348994439,78.7237156827567,0.00261422291176859,0.112263144197059,0.192691722391173
70,8241030,"lambda0_only",0.424416332826204,0.0317081648424354,0.00750276296328593,0.188733561228681,119.322150586231,0,0,0,1.30033088793629
71,8345759,"no_mutualism",0.0525209489589143,0.106577449559412,0.103267126777502,1.24780478641859,102.246505703661,0,0,0,0
72,8450488,"broad_lhs",0.0338049812391441,0.0878799292007063,0.0803015430790112,1.57441075298188,56.6320728076001,0.94464746769429,0.0331742179177236,0.08364944591672,0.400260934242591
73,8555217,"broad_lhs",0.172914139410235,0.0864273888068284,0.0869235714286032,0.461082928199754,76.135558251699,1.69628633515466,0.0855794263119654,0.122687495061416,0.952247708803431
74,8659946,"broad_lhs",0.0679033670515984,0.135420644499697,0.0672543204955278,1.02864661171753,136.706100611255,1.36970146999173,0.104884443100581,0.111488533156678,0.739328252261039
75,8764675,"broad_lhs",0.142222804760904,0.0562450702767543,0.0311563612094868,0.0304211569214716,72.5653058636817,89.258457207941,0.0111370830963133,0.120201178910081,0.227757706794267
76,8869404,"broad_lhs",1.06586168987466,0.388305298476802,0.188556607650352,1.43369964565587,53.9320059930388,0.929840377661482,0.133655804516437,0.0100421447347617,1.30760620122349
77,8974133,"broad_lhs",0.369584563788671,0.134499353464421,0.059067250703222,0.372223070590967,112.976734130191,0.0677217987532067,0.130678651388463,0.137906948600365,0.807422760105692
78,9078862,"broad_lhs",0.11509955167594,0.438773379614197,0.0360984432569212,0.286865703892457,123.662872020569,0.282065559238175,0.0933608037550778,0.0917139239673917,0.218491910067387
79,9183591,"broad_lhs",0.127458156317993,0.0304676356859738,0.0229438038320686,0.612722682527677,40.8251986681393,0.114554003587699,0.059091655330034,0.0742260861156845,0.488039788349609
80,9288320,"broad_lhs",1.05155836517806,0.433873871242118,0.00932738981322663,0.437837367956638,98.3024376850679,0.0159930103378997,0.0215950731872193,0.245156971380283,0.679618354093594
81,9393049,"broad_lhs",0.116255206096768,0.38100452520967,0.0269106480282954,0.0785449841398046,130.816498850408,30.1384381118549,0.129298610347207,0.227412286749653,0.295600010423999
82,9497778,"broad_lhs",1.03458293398706,0.118161289536382,0.0334310462067321,0.636800147100894,58.5248866815042,0.158562677008451,0.00946572362394848,0.11534022108186,0.925508742851283
83,9602507,"lambda0_only",1.03361060550537,0.765473548145864,0.242994707378916,0.329135375585099,25.3003283462021,0,0,0,1.1809178831277
84,9707236,"broad_lhs",0.201453266116374,0.026331962735447,0.115684137745872,2.27627075821802,52.2612956701131,54.4889249714238,0.100954788885972,0.0169204915383468,0.181454656214531
85,9811965,"broad_lhs",0.0949750195289379,0.127408325025067,0.179443268277327,0.321462398390996,58.247232866674,11.4472768226361,0.10541423319156,0.0374308027392383,0.749744753967971
86,9916694,"broad_lhs",0.0337164625136398,0.596101370869653,0.0560142384327932,1.13222726127592,74.5163828155556,72.8046692296316,0.125134767474801,0.146286668440573,0.210712082892812
87,10021423,"broad_lhs",0.33028618077839,0.403155507476155,0.0288722487745198,0.366049267664344,57.2767698897062,8.19457035116851,0.0943550561344018,0.17623229690213,0.618952882403974
88,10126152,"broad_lhs",0.184049958777054,0.053163338549334,0.0425683705425405,1.9744379619116,118.702166862301,0.589530191752477,0.0836571362961549,0.194724495615357,0.61776473720364
89,10230881,"broad_lhs",0.557337535456422,0.0415545938142073,0.193143725832094,0.710677947618836,16.0875282054379,87.2903550403274,0.00524391092577328,0.133592298253142,1.11865389613784
90,10335610,"broad_lhs",0.367982939137397,0.124368235118352,0.0113004156250308,0.519548370209296,47.323717312247,0.332614489001683,0.0523618481617887,0.189900074485017,1.20076133510059
91,10440339,"broad_lhs",0.501533603483711,0.0507344891546929,0.0936053279329383,2.41902722611582,35.0520771343791,0.288008354205832,0.0852967311586641,0.0482588705573127,0.765870049515506
92,10545068,"broad_lhs",0.416575211127326,0.490400688764331,0.00573500163767015,0.691161007387739,132.728461793514,6.50165205454883,0.0499184457220836,0.0594920930050365,0.399905286067709
93,10649797,"broad_lhs",0.107837011785131,0.143963720744712,0.00770728564058533,0.0411909251603019,138.000112281653,0.152092427986541,0.143463015044651,0.201720333224318,0.0346252731606364
94,10754526,"broad_lhs",1.06179751719692,0.105973741821388,0.0138765535047957,1.88289137572901,25.5002350418039,14.2026257743045,0.0694566872191693,0.0974550512816576,0.411472109612465
95,10859255,"broad_lhs",0.256705229080103,0.155626034686792,0.0977913491754895,0.309018657898688,29.3274102758086,7.15212677299049,0.0874067510689298,0.129824960513635,1.24173856715361
96,10963984,"broad_lhs",0.551859048261557,0.457631780202905,0.160981649083504,0.226898732642012,59.2906933378739,18.2336478132109,0.0519915678788675,0.0462272897356241,0.994841741216757
97,11068713,"broad_lhs",0.0413855078683351,0.513711884666074,0.0359813423607755,1.03895138559214,41.2637254218053,16.5404473438922,0.0674148437358672,0.0024726614921302,0.357758206037882
98,11173442,"broad_lhs",0.15226796926695,0.0206303142331261,0.0536041187815528,0.260633467210682,36.7909344837729,10.662978860515,0.101597409577419,0.0415203945616829,1.17995283753999
99,11278171,"broad_lhs",1.10001808373634,0.0273430702921014,0.0363813256688231,0.697728553731001,117.974589462845,0.160327950057122,0.0106410594774255,0.219548645069655,0.51162491381828
100,11382900,"broad_lhs",0.46074518453617,0.0303038718175182,0.0251647062438146,0.549714115684496,111.987852561902,45.9747647812548,0.091884300473379,0.197310305893964,0.349762548427097
101,11487629,"broad_lhs",0.685721673113901,0.327258551594219,0.240132498578081,0.0402328864597271,67.0107431831032,5.16347809221622,0.0295893279254281,0.0970261700318143,1.29590322265751
102,11592358,"broad_lhs",0.0899916029662255,0.029145777969076,0.00742943066151122,0.205780061969992,77.0594563767534,89.6416043182952,0.146668974640779,0.231073951406805,1.10766660573504
103,11697087,"broad_lhs",0.857981245980873,0.365091338207649,0.00666398501223712,0.603580777972508,16.354040557441,0.0116561293566425,0.0228225220774378,0.047884345559869,0.499514548275232
104,11801816,"broad_lhs",0.0812736447764661,0.409671723734233,0.0271990816865465,0.153682106720734,85.3343411745219,1.71426327172011,0.0118458811298478,0.217416740890411,0.191500987677136
105,11906545,"mu1_only",0.884301811890321,0.113161414722874,0.0461642984100629,0.346599613577395,123.841280431079,0,0.0342580099770566,0,0
106,12011274,"broad_lhs",0.535121490533208,0.259778967994309,0.00593054221336583,0.112584391747666,48.7138390820473,0.653368054607473,0.0924612383346927,0.226355146653627,0.762479592034748
107,12116003,"broad_lhs",1.08050084624442,0.0281448431066631,0.113308066576878,0.209893709682468,55.0245595547474,0.00215341446482288,0.0642890030681544,0.0371725544765488,0.873572794970435
108,12220732,"mu1_only",0.110080743738421,0.0301306328787852,0.0255665142706692,1.43273188688526,125.322999133496,0,0.0400976289220853,0,0
109,12325461,"broad_lhs",0.0582793822903021,0.0341722140142801,0.0214331430383811,0.0318590378157339,136.429240214121,0.00116201275587733,0.14031694718916,0.0177492159080511,0.422491721054151
110,12430190,"broad_lhs",0.564398640283119,0.375496797460268,0.0737889680804442,0.0636441600408608,45.9657876895896,28.2135678209283,0.0696380587088643,0.153957466754493,0.910577721595764
111,12534919,"broad_lhs",0.362614298238771,0.205426715469953,0.0516243387991311,0.290190806681149,35.7774400076273,3.76110129571975,0.0256724143331715,0.179851230172854,0.117354461097857
112,12639648,"broad_lhs",0.462556675498321,0.798662428566329,0.0237190770753596,1.70793916155858,26.1408905897083,10.5515654963027,0.0165151684047499,0.235415330902001,0.254823042408486
113,12744377,"broad_lhs",0.169600220551191,0.212505460077131,0.0710852209452116,0.208859474165212,106.082329729527,16.7907998782654,0.0548592941554186,0.161526995249054,0.511898083539369
114,12849106,"broad_lhs",0.599031087119077,0.0442560929022096,0.0938954498528954,0.27437792055056,111.820812015277,8.51929248325108,0.0396321709639548,0.174622292767745,1.14906607798999
115,12953835,"broad_lhs",0.18710826163755,0.134631730524528,0.031698711557028,1.38715205654198,71.3442567795735,0.388922149251214,0.10805113940977,0.177654750006429,1.21728170202967
116,13058564,"lambda0_only",0.249046728549343,0.558917320178471,0.00598055419245619,0.0374376095398077,127.123585670779,0,0,0,1.26132731292397
117,13163293,"lambda0_only",0.355692215872804,0.026259904769973,0.0139791491723486,0.0449141393140352,138.846489278076,0,0,0,0.199941694851732
118,13268022,"broad_lhs",0.0496641295889142,0.720156617502724,0.0112500914252863,0.0455664629566096,122.462954444604,3.99860153016982,0.0890261750256177,0.104836062315929,1.45833861423268
119,13372751,"broad_lhs",0.032972705085771,0.184566760573715,0.0170554704201845,0.0423633076728834,15.6911451324575,65.7995976916732,0.112602982351944,0.0339599969251625,0.341427815144028
120,13477480,"mu1_only",0.0619662103226204,0.0668819481224165,0.0183549787802145,0.450751079796541,68.2474968233146,0,0.134656967117102,0,0
121,13582209,"broad_lhs",0.628002765705703,0.161789961856822,0.118653825176007,0.0844434845283864,55.2671893613297,0.365674003725599,0.104367390304843,0.119291134040169,1.04942008131533
122,13686938,"broad_lhs",0.16829925750481,0.0207464126763523,0.0051908992600204,0.965732068597712,23.8148461989476,75.8974091714726,0.00687812881443339,0.249453163387176,0.00427325095515698
123,13791667,"broad_lhs",0.878316038981104,0.241280986717649,0.141281430467513,2.1862915014237,33.3267126940902,51.946004418745,0.0867060328539228,0.0628040390843914,1.46176596050345
124,13896396,"broad_lhs",0.494356112577777,0.449427896579454,0.035020478288114,0.32783888686481,115.208648905003,15.3787529414046,0.105641291417104,0.161948339302261,0.385275747798538
125,14001125,"broad_lhs",0.339342666502312,0.57781511020878,0.0173419952151236,0.0403782944029631,95.6917454231815,17.6848859813704,0.0813620633558991,0.0649994698028442,1.0335322967389
126,14105854,"broad_lhs",0.0567836837045711,0.0983736723025153,0.128324409614294,0.0505050504666632,53.0665295695589,43.3056876765685,0.0138097257375484,0.230008531055581,0.881131018868182
127,14210583,"broad_lhs",0.185630787705456,0.0780349515842022,0.0181847318810699,1.06163040839638,58.009825090121,45.274544868479,0.145474009675245,0.0690878367004269,0.596015789067218
128,14315312,"broad_lhs",0.153075025895407,0.165432187690115,0.0504589265138104,0.211194186942658,120.331229624539,0.397552338914736,0.0226444272003137,0.23805005867862,1.44301014056934
129,14420041,"mu1_only",0.0425491582648084,0.0229958547604613,0.254473202735488,0.738563020574927,53.8518336677225,0,0.031107607992366,0,0
130,14524770,"broad_lhs",0.0630904989592332,0.658261098438343,0.0279295572316688,0.0516593527235328,79.4446600783138,46.7754750420948,0.0917539849895208,0.138577171730059,0.545128986481965
131,14629499,"broad_lhs",0.104044529007359,0.170688736770928,0.0669930259733621,0.483091367917665,69.9509457447372,5.42682519479768,0.0579896580607553,0.143014426297159,1.23992972271905
132,14734228,"K1_only",0.371114604714402,0.507218730884039,0.0270368802663598,0.537839728754902,95.1329694545711,3.70074213042428,0,0,0
133,14838957,"broad_lhs",0.0719846185074245,0.652631773350473,0.00773971101906038,0.119125570719993,69.400628489966,0.270810184916231,0.046009850256533,0.116497552541874,0.770604982573229
134,14943686,"broad_lhs",0.0853128250018461,0.242675562259244,0.0154245553089419,1.6567926911663,97.9325839374603,0.182475841505205,0.0514806927548101,0.00474878270664097,0.532787907611734
135,15048415,"broad_lhs",0.33235286899455,0.210865633977828,0.0159297929163869,0.982631034695949,112.701322544793,0.0414851696857263,0.00565095205915471,0.124763191793593,0.588536266000398
136,15153144,"lambda0_only",1.06908155819511,0.0209637675543833,0.00948590782028681,0.675850713183168,17.2880600907956,0,0,0,1.47142082272796
137,15257873,"broad_lhs",0.139056021102794,0.184223413674531,0.0091765923613526,0.0859194506708558,50.5010410430906,9.19391831135902,0.120613199914767,0.0854952911900667,1.2931131512664
138,15362602,"laa1_only",0.0558344607946018,0.0360959284683075,0.0869365429119139,1.30443957483318,118.074473618472,0,0,0.209549255338497,0
139,15467331,"broad_lhs",0.894283625496502,0.0608482305221933,0.0116513901479098,0.758206886216644,71.1677829218226,77.7007217162346,0.0121334580091837,0.109329292406263,1.36767073234737
140,15572060,"broad_lhs",0.0943664346807826,0.399795197188275,0.0182244218256198,0.0563112012544115,40.6175706613188,5.89623980132236,0.0404597194341865,0.0570041511180009,0.615052995500155
141,15676789,"broad_lhs",0.037155061406772,0.0454381998427213,0.00517857742964836,2.44131654145234,26.92024039221,4.51755068426135e-05,0.0201173432049885,0.239335092018074,0.319104504774635
142,15781518,"broad_lhs",0.295065258106594,0.065763294498071,0.0385353631871375,0.142475046319534,98.5283357704692,42.8845781901687,0.0722906077889493,0.136990343024178,0.728248007993291
143,15886247,"K1_only",0.479954558213842,0.74238968774143,0.0291681992495997,0.0620326954912397,47.0022546761902,1.09868394978345,0,0,0
144,15990976,"broad_lhs",0.567195484557856,0.0227986871884073,0.165343904746468,0.249065591755906,36.0515246908956,51.8570957893527,0.0413976965326583,0.221517956335123,0.0699988235409061
145,16095705,"broad_lhs",0.0311822605295278,0.023606107523742,0.0140125479156901,1.40816209881548,120.796725920001,40.8687479584357,0.1370108719524,0.00124805817018367,0.243454509410464
146,16200434,"laa1_only",0.0906861130908563,0.650139006284371,0.103713453260571,0.90256568927418,133.134280006925,0,0,0.0107961099827662,0
147,16305163,"broad_lhs",0.608113918497568,0.153791871009663,0.243537749036011,1.3372538690663,25.2161431504646,0.107533019327386,0.127547449096766,0.207447114657326,1.47430879913426
148,16409892,"broad_lhs",0.102085182351799,0.0337685075851048,0.0883006843655957,0.10523761756779,100.823900296269,0.165232193796362,0.122028981579002,0.0741438008097207,0.953691733789941
149,16514621,"broad_lhs",0.238659468177133,0.038875194653628,0.0683985262910576,0.296550167725412,50.8235791595911,0.380742517175789,0.0837472385449024,0.225980622117705,0.396215466678453
150,16619350,"broad_lhs",1.1490002567934,0.0830875770943226,0.0512117360736262,0.0390408858390862,98.3645077530269,0.110641366256907,0.114360641964052,0.185133888583579,0.842481617723436
151,16724079,"broad_lhs",0.404461265030554,0.0789833551783673,0.00521564615253147,1.00054494569528,33.478374503029,41.5209792226509,0.05329764109198,0.0265912983103448,1.12234508180448
152,16828808,"broad_lhs",0.126639207297689,0.114253205539617,0.0161494940501202,0.165275728337537,70.9595853532018,48.2256114056906,0.116217297107719,0.184564454549303,0.564756070091777
153,16933537,"broad_lhs",0.0443311434910307,0.0242381045016206,0.0254385820360982,0.114654261666385,32.0338998290633,0.118134200377235,0.0501595453529153,0.166897039145697,0.389231258638514
154,17038266,"broad_lhs",0.0527494149318892,0.0586883609551745,0.0635156613843815,1.11092092684378,122.188613546443,2.29942336549722,0.078400858844126,0.173549391175297,1.34225331462764
155,17142995,"broad_lhs",0.144513700548571,0.101260915545471,0.00712376462140003,0.17214352682978,95.8539910879012,0.307705983251073,0.0705658066244796,0.022308148814029,0.530690543289141
156,17247724,"broad_lhs",0.103651722006739,0.073143524875301,0.00825189240356548,0.695691792943606,121.577054359465,5.35687799999185,0.126376788905938,0.0980736939589001,0.509028480652487
157,17352453,"broad_lhs",0.578438574198991,0.253173833280529,0.0203325666372969,0.136610187726788,96.0530616165811,5.97883338329866,0.0556159491044236,0.0737543080130773,0.314885201210467
158,17457182,"broad_lhs",0.166685173522985,0.0334166679439604,0.0248260722131682,1.41390363233165,23.9875260771563,5.54384290169855,0.0478290965807003,0.24393238153231,0.0369311368550795
159,17561911,"broad_lhs",0.487665218502507,0.0600083807475497,0.0578853670129459,0.94358509441142,42.7063642408595,23.8902794662235,0.0437539486116342,0.186278834618343,1.28376561852793
160,17666640,"broad_lhs",0.204340312751843,0.363936950876381,0.0540567244307435,0.086855159907249,86.4543519042652,35.0483817331544,0.0290134269049934,0.0583654482742228,0.397435432481967
161,17771369,"broad_lhs",0.290522392506794,0.473755201343033,0.00987072124865798,0.717562044033079,38.2637146868122,70.1785132661453,0.0371149323164718,0.133715460436328,0.286713541451221
162,17876098,"broad_lhs",0.27371764758811,0.118814737989179,0.0822153424249941,0.282866105321895,54.7369772784037,33.5158154963034,0.0539371409020775,0.101612729146663,0.966163809485733
163,17980827,"broad_lhs",0.17233107819734,0.112649197360465,0.00940688590832101,1.01319857145181,48.4388085508706,5.32102032855554,0.121220254563765,0.149016968227483,0.387036783169024
164,18085556,"broad_lhs",0.0318925672850127,0.257475526874831,0.0208007925363353,1.0939194739937,61.079264621011,17.8646477705652,0.00377435931377113,0.17530741531874,0.475680984553959
165,18190285,"broad_lhs",0.0698495542217591,0.0654100491662716,0.0817730098841846,0.744387168348773,92.0688825107775,0.725638950385295,0.0202770824931019,0.216837797773834,0.326743878693475
166,18295014,"laa1_only",0.177042761277109,0.0704318844726554,0.00574447784406576,2.01257379215628,52.2711849492043,0,0,0.180192145369365,0
167,18399743,"broad_lhs",0.251413550856784,0.0404567183001262,0.0125741163414393,0.258076592373349,99.7551441717789,2.65299412123356,0.0885584436591792,0.0965167246288749,0.645170588372663
168,18504472,"broad_lhs",0.0498152413522254,0.0336014255863365,0.0786254626987508,0.945309921227488,30.691103947336,75.3270265563964,0.047286865690529,0.224338721919986,1.1875084971555
169,18609201,"broad_lhs",0.0517061634858695,0.0300756154151141,0.0206985836604556,0.0309005376736523,129.996350653851,67.178093803877,0.0604686168655365,0.108243091039088,1.05877931123949
170,18713930,"broad_lhs",0.0377099860271928,0.0550111673978366,0.0056744278227952,0.0399612030761852,134.241239406886,0.045305180988639,0.0569646495215129,0.0165158511788791,1.42786186828006
171,18818659,"broad_lhs",1.1222486531762,0.0520367483211357,0.00621033065063052,0.224661842869879,106.595946355244,78.8384810677022,0.125614281311942,0.169387266745778,0.0276355176616926
172,18923388,"mu1_only",0.601498248551194,0.166672819042883,0.0314460078628925,0.712443730169603,97.2480160937994,0,0.115823194595519,0,0
173,19028117,"broad_lhs",0.6732396165329,0.0427961926421525,0.0102538987336497,0.0492295440661042,66.2956740884046,30.555513208146,0.124424508097931,0.228107127481683,1.1937423792656
174,19132846,"broad_lhs",0.319510177828167,0.138518932705528,0.0214567813992158,0.207006489314771,117.758764763777,80.3163423536903,0.0418393439317588,0.0835369967389852,0.336506391021345
175,19237575,"broad_lhs",0.12940538372261,0.0363946917013693,0.0188713527535028,0.0669896443964272,28.6569498702496,7.76734253009734,0.10118262732483,0.0879054830535056,0.550193448406256
176,19342304,"broad_lhs",0.972742833747373,0.0234606032749234,0.0149569719080825,1.94042313701848,41.6946846195626,0.000643807101113673,0.0741641948370573,0.220960363327629,0.242139427976605
177,19447033,"no_mutualism",0.212217582517758,0.442134543599134,0.0105274197438567,0.314345695233619,45.5681871148408,0,0,0,0
178,19551762,"broad_lhs",0.825488847238412,0.533682266280139,0.0327531912885228,1.15282946979791,42.8391757770765,0.257744311004558,0.0950038885821123,0.24736629190305,1.08645507448508
179,19656491,"laa1_only",0.718216040594268,0.418600536645954,0.114687703814528,1.90884575783349,65.0821079473826,0,0,0.0622585270856507,0
180,19761220,"broad_lhs",0.247708235164684,0.247615542178875,0.0483571085636912,0.793142817321134,118.086749680159,11.3932568438604,0.0805011162161439,0.143772841736209,0.84853097564696
181,19865949,"broad_lhs",0.0634226211726535,0.154107649923048,0.0389443253238058,0.855315174248946,106.987599213155,11.7483559002859,0.076897932053272,0.03092312635233,0.639650868861548
182,19970678,"broad_lhs",0.0828357318438057,0.601480082299722,0.0105927438463495,0.169766548689836,122.575543009961,26.9493909435691,0.0339578939456648,0.0758444912161859,0.204960293612288
183,20075407,"broad_lhs",0.124553003047136,0.509476928390278,0.049059799150402,0.518203863158724,88.0235336525948,47.334482007532,0.134009746209641,0.162973375307047,1.29726420385763
184,20180136,"broad_lhs",0.0544349425758628,0.360678047980292,0.00999658845759458,0.138533448103756,71.0996579239145,10.5025519746781,0.114508309912984,0.103262075339379,0.600029912484267
185,20284865,"broad_lhs",0.132332310181015,0.21145325631358,0.0190059172590425,0.0655637674157164,71.7067241009014,34.8911738892876,0.0901576567684921,0.20383239373306,1.24341169281319
186,20389594,"broad_lhs",0.0998033572298457,0.207289639797228,0.0114547692746357,0.202171656430491,113.224321872694,0.798557118719248,0.0408930683648214,0.0866808204268778,1.25382761573768
187,20494323,"broad_lhs",0.863204579199519,0.0288692978638412,0.0474148076619056,0.992412338962644,114.734168022147,0.418640793379247,0.0728026075832701,0.0529731261631241,0.612878387729482
188,20599052,"broad_lhs",0.315171512304835,0.298013307366476,0.0126758369296804,0.125359793785588,17.5524027704119,61.6428777612438,0.101389665588698,0.196377626948977,0.00622345715256718
189,20703781,"lambda0_only",0.853396718708653,0.667805254096395,0.0263677402386573,0.0582731391184108,107.608592970064,0,0,0,0.0807483315502759
190,20808510,"broad_lhs",0.423810960048089,0.0473489581194612,0.0110507694758799,0.907526705996116,84.7656204143035,5.61388383862067,0.0821478583300098,0.0363468239634272,0.226588926903205
191,20913239,"broad_lhs",0.0728961768343562,0.255415447822767,0.00583550293993131,0.0333598421185023,130.907400275367,56.0590019200827,0.136687048060276,0.0151184057131306,1.29981592505239
192,21017968,"broad_lhs",1.17963565231217,0.141430396001723,0.0588241657962551,0.524118433352162,105.200844559424,13.6828950113586,0.0377821895043987,0.213705887196767,0.00201841331203468
193,21122697,"broad_lhs",0.590879541910006,0.218723107796809,0.103851420125238,0.974000261142086,94.1662313426302,45.4149605748342,0.116090792994481,0.0966770316591202,0.746090789062825
194,21227426,"broad_lhs",0.36424747566564,0.254458574228273,0.0630942101732866,0.256630947605792,118.970492014778,2.35269383772772,0.106717521576638,0.0644947196438443,0.854826591916693
195,21332155,"broad_lhs",0.644249136730036,0.152666254431613,0.171593642735526,0.512664411112607,25.732635958767,4.1304306680442,0.0193359606910575,0.0253179196495977,0.707544476182278
196,21436884,"broad_lhs",0.0626688195435967,0.589926479138462,0.00792689395334973,0.155393020405035,59.0174360913807,10.3369017251784,0.0609753392121444,0.10737522406607,0.0384690740560958
197,21541613,"broad_lhs",0.497459040982035,0.0443435340691609,0.26804151681604,0.132087098793276,64.8847358446478,7.82035238137833,0.110299077999584,0.127184839386868,1.08455318392759
198,21646342,"laa1_only",0.474465592516783,0.208549716533517,0.120834758234864,0.122007537621471,16.0395118661108,0,0,0.0218968063860666,0
199,21751071,"broad_lhs",0.0432184598888593,0.0947857245802645,0.00719855757670897,2.21368870797016,23.2127187845698,36.0203805011742,0.0980510414387488,0.104094960051395,0.0164917286202156
200,21855800,"mu1_only",0.196281261936887,0.588057020116287,0.00891113665457238,0.504520746524785,102.554160791915,0,0.120174956765142,0,0
201,21960529,"broad_lhs",0.0541000424474132,0.0643702060650506,0.168113503506998,0.147914976579405,130.563060055817,0.352166472416971,0.00779243371833581,0.129613486530143,0.0427072629724474
202,22065258,"broad_lhs",0.283565151199857,0.050684624589856,0.0549457256533516,0.0977280155176691,91.8396219011952,26.275589180326,0.0580919080875271,0.0251411749032559,0.851203435358281
203,22169987,"broad_lhs",0.922772459502523,0.0330808637070074,0.0111266838726095,0.0654479088563273,66.1921927737421,12.0790811179795,0.0358118557211322,0.111698334756074,1.19906646270266
204,22274716,"broad_lhs",0.236957113452119,0.0736531629532333,0.0101049349091718,0.131620183701112,82.684375741131,48.2124061819535,0.0182300286398192,0.175593998285347,0.716087332426881
205,22379445,"broad_lhs",0.334302615714688,0.10328866734628,0.0282462446404121,2.40543894647509,110.643950713178,2.48233831850987,0.112096566089933,0.0132066545740236,0.863644765487018
206,22484174,"broad_lhs",0.0542154479763002,0.0709909995904751,0.0120903489923449,0.107686312674709,121.174075552101,24.9577340480277,0.0441938465236065,0.103360192032544,0.382879092625808
207,22588903,"broad_lhs",0.0331364433127759,0.669449165584094,0.153011731098112,0.0421256087287666,78.7955677697189,69.7727447142069,0.0424873983426175,0.024145483721384,0.375968600123112
208,22693632,"laa1_only",0.901444292890279,0.774291445729183,0.142099257678668,0.0726363517617961,123.706569311616,0,0,0.188273008409888,0
209,22798361,"mu1_only",0.128291149576247,0.373374053193931,0.21006172074243,0.812268960264153,31.6278969476116,0,0.0193313113795593,0,0
210,22903090,"laa1_only",0.0325825219179941,0.0529422980252843,0.00821939909031117,0.0978129503469459,104.936490363034,0,0,0.163351398632512,0
211,23007819,"broad_lhs",0.343057061762572,0.0824226611945326,0.0855999105907783,0.221372712486612,88.533136259648,1.25366739614347,0.0981968809442284,0.067078249234538,0.569866897807612
212,23112548,"broad_lhs",0.620372456885228,0.182753276006486,0.00531101782967167,2.40201983618932,16.8027698119921,58.5516230253105,0.0533410741240174,0.169880591080744,1.21260075080519
213,23217277,"broad_lhs",0.0957287362070979,0.429627129938581,0.11162318114804,0.4168481997826,99.681219306076,2.20473161921606,0.114279816117681,0.136015033368603,1.19212165775049
214,23322006,"broad_lhs",0.0609019255211632,0.349223740533197,0.0255997769075047,0.0304708548621807,15.5085899790154,0.0130159382764161,0.111034158879076,0.159974557197808,0.343101158801389
215,23426735,"broad_lhs",0.158826103478612,0.351943197538068,0.0874658097823504,0.0763810640565176,88.4695150898187,2.29278112904165,0.105762967722684,0.178144589841573,0.405813581336212
216,23531464,"broad_lhs",0.270315028397441,0.0256399552155406,0.0122010596824688,0.359380026641558,86.2095487529102,0.20460412579189,0.119506025892644,0.127780670835831,1.05116682473997
217,23636193,"broad_lhs",0.806407434453514,0.437931270550963,0.00822320015120902,0.352440311140945,93.4723373894101,42.4932448306122,0.0125696070011084,0.21311674013404,0.553928223486679
218,23740922,"K1_only",0.126046410650365,0.15743442813951,0.012064706445363,1.21902575021198,111.488938236143,4.0323142060628,0,0,0
219,23845651,"broad_lhs",0.0481812572928285,0.0774664066031239,0.0120339186198814,1.4929109261238,51.9895991487364,5.02219370724462,0.0645967965928527,0.12416458583217,0.374990038401447
220,23950380,"broad_lhs",0.0503414668930294,0.588097985657817,0.00529019988912084,0.651314020307681,132.46127480004,0.0320358637139547,0.0104426887261216,0.198333358864313,0.272453616290974
221,24055109,"broad_lhs",0.0805662678076744,0.0700249049295865,0.0260708443266565,0.487757822229811,46.1073828058822,0.962219837234679,0.0636927329515262,0.0594048015025005,1.19578214846396
222,24159838,"broad_lhs",0.207466454907577,0.0607152895974783,0.0280498360972902,0.115514824169016,49.4801863355355,1.34996555388198,0.11054165628048,0.183614148718771,0.868993903334097
223,24264567,"no_mutualism",0.0520077458853195,0.0727545183242737,0.0418477091396774,0.18017865746511,82.2675752043142,0,0,0,0
224,24369296,"broad_lhs",0.0368220064938368,0.322688874628783,0.0133193772364269,0.03481192284655,17.4266174492206,26.7343708030215,0.0217756736674346,0.0390253389394557,1.40475155235307
225,24474025,"broad_lhs",0.195116740338184,0.0666935771413858,0.0449730652303865,0.314285760371137,42.2229117922123,20.2790367662779,0.071349507897355,0.102486572902223,0.0263781660453727
226,24578754,"broad_lhs",0.769388901974335,0.0421063393989081,0.0124887925006768,0.401196145684485,32.5699780238534,0.784225952212707,0.124998562089905,0.19982232520305,1.28624904581384
227,24683483,"broad_lhs",0.076903008642926,0.771630968902209,0.280392297333261,0.0687361240327013,64.4573584725731,0.699509580953001,0.111991234642803,0.0185783417612159,0.692034152542474
228,24788212,"broad_lhs",0.0407460753967232,0.173312261939667,0.0162208258736015,0.250560570680546,136.648287031308,34.2966618068937,0.10775363405173,0.132701077997271,0.379678087155723
229,24892941,"broad_lhs",0.0709020271242894,0.0385017344014823,0.101949178372695,0.0762907150394812,44.2688656370026,1.67574190517716,0.0968300036018869,0.112901122080188,1.16192186580156
230,24997670,"broad_lhs",0.212101295205728,0.0964431495525179,0.0617078103768242,0.950851583459716,137.193737148547,12.4286684760367,0.0421221048043808,0.0769189137422169,1.31990848779717
231,25102399,"broad_lhs",0.0370144720386754,0.0286240873297376,0.00968333212970568,1.04825047735866,81.7615835501217,0.837901006975415,0.140887831833446,0.0233838700975886,1.43839282784145
232,25207128,"broad_lhs",1.19193886289711,0.0244783446299004,0.00660111289893916,0.098299385460867,109.301555507215,24.5933760780501,0.0686095485300757,0.0405175556726236,0.158146291475277
233,25311857,"broad_lhs",0.0778009283745064,0.0902857109173224,0.152088710636928,0.702187975711083,62.702296563851,3.30325718292613,0.113233463111916,0.21829426850936,1.13627182035591
234,25416586,"broad_lhs",0.180707793317753,0.059055546178761,0.0152942531426034,1.28747654866043,96.8773071642823,15.7529488774957,0.0899063997963676,0.187996923771441,0.676153508235778
235,25521315,"broad_lhs",0.382434097867844,0.0208092024587685,0.142884261601193,0.0337434569129038,98.8238450183093,0.0922992851203037,0.0905391647913105,0.0173353819459832,0.0825723912237057
236,25626044,"broad_lhs",0.61325506423697,0.0209498241266327,0.0605205089405259,0.0520641330260579,125.140009964719,87.5682369675544,0.0903048603095425,0.216077101133803,1.3088672422086
237,25730773,"K1_only",0.141140148114852,0.172469535817742,0.0424266049073802,0.0512647231498876,22.1697510188096,15.9949494108828,0,0,0
238,25835502,"broad_lhs",0.625602134602146,0.03390253554685,0.00787093264994572,0.231795391323165,21.2946223294582,40.7099282014905,0.123660966561021,0.0319079786546839,0.144736348614873
239,25940231,"broad_lhs",0.0723965742031008,0.504023177916796,0.155436353676783,0.797226056516279,115.893521289884,0.0496492326934732,0.143569154308876,0.224163893729371,1.39366017301994
240,26044960,"broad_lhs",0.279024456892092,0.0624432132417965,0.015859489501898,0.500168053264923,47.7260565499051,1.47109300372584,0.0431756143186164,0.170438136594279,0.363762979854364
241,26149689,"broad_lhs",0.0791809044850017,0.190686548242101,0.0235398548913427,1.17673020626705,68.2191674570721,10.9302686956222,0.0148880816499004,0.0987796071331508,1.16009629273826
242,26254418,"broad_lhs",0.565663987541516,0.224228579555789,0.102647416522114,0.0315829377735026,85.9546655506387,22.571189363623,0.00502244289459971,0.140385140833613,0.353994001943696
243,26359147,"broad_lhs",0.23948273441089,0.161213763517899,0.0168695295793846,0.173271546839162,103.580995774957,26.0140834609281,0.0713070885503742,0.0848455575699013,0.912512655917477
244,26463876,"broad_lhs",0.0365108494520037,0.0959021190303041,0.20804976878186,0.0344635758197404,75.1056470917279,0.177853508572332,0.138154003464617,0.222048468557639,0.0834981672007901
245,26568605,"broad_lhs",0.0512490746641719,0.0241298126473525,0.0111716974875344,1.16336583284697,91.3499890080291,15.5629543964725,0.0865729652351777,0.218884066539661,1.48737226139172
246,26673334,"broad_lhs",0.0838591283480637,0.0429730324095214,0.00706244246851531,1.70358887433372,51.604927995779,82.0098811771381,0.0142220217891348,0.0202275101180163,1.49609914985369
247,26778063,"broad_lhs",0.0464782098471576,0.180239948742522,0.00836716759159991,0.268246418057654,69.6402877423033,0.532321213571293,0.147222538593885,0.00832681486059705,0.256947469476145
248,26882792,"broad_lhs",0.0308395117172336,0.169244982279061,0.0202021170023898,0.0394543635715643,39.9019109740685,79.678994449019,0.0493363358759476,0.229302418993708,1.38710224544823
249,26987521,"broad_lhs",0.0982061765386616,0.300191298591836,0.0175777474346815,0.411716706933509,30.9826950606334,13.562052629754,0.135623609650803,0.100694574117531,0.165363510667424
250,27092250,"broad_lhs",0.0663309285399598,0.0752902534179185,0.0092588407716329,0.23429610108764,53.2520448923848,7.50951861820161,0.114829100664938,0.202630001966091,1.1826025998961
251,27196979,"broad_lhs",0.200422595880069,0.0461233575910266,0.00887371780082071,0.0507220606791684,112.332249698229,78.4444052903703,0.00674699351435993,0.202093958579741,1.38859156948087
252,27301708,"broad_lhs",0.652316579130801,0.0911250905515064,0.0123642409347272,0.415052219566649,128.335617266291,12.7093686974579,0.0872037122156471,0.149377033381995,0.492299911836938
253,27406437,"broad_lhs",0.310219587481925,0.789934257690702,0.0707086211502733,2.19551223940498,75.9426733801309,68.0921805119983,0.0147119188895061,0.0774870647601913,1.22542330780183
254,27511166,"broad_lhs",0.0428914935512504,0.179438752983514,0.260217957819183,0.45286576948878,28.7634313073876,2.04629664909223,0.0616669549517489,0.178783383493105,1.13983957953518
255,27615895,"broad_lhs",1.0399994732217,0.0230781292130287,0.0171635411928789,0.896578590459114,70.2039814753354,31.7083188976697,0.0847781608472966,0.0331159692544801,0.789393572124342
256,27720624,"broad_lhs",0.236686480340291,0.0635914944909298,0.0149991458504884,1.2505356239507,129.64748005926,0.0626978692167942,0.0554999890469092,0.059149364420381,0.0706816574426678
257,27825353,"broad_lhs",0.221705150698086,0.146330522062127,0.244948568457553,0.0631574789031501,52.6892052275232,59.3658624185522,0.13594809592977,0.220068277557859,0.137330576018818
258,27930082,"laa1_only",0.986354391025613,0.0324025083366908,0.0138499952193132,2.26063493000854,93.3341638752609,0,0,0.0710794989351416,0
259,28034811,"broad_lhs",0.0930300695296975,0.0332886845673823,0.0155505920352678,0.0695101288751572,73.000155501003,6.19000118964633,0.0288676305118327,0.0761558775536509,1.34506179694397
260,28139540,"broad_lhs",0.727905314164454,0.0554735051537776,0.0244138464675641,0.491689919930523,111.240675016306,24.4232836154107,0.0639277547776389,0.0732648257320074,1.11796413973439
261,28244269,"broad_lhs",0.687598537857667,0.0621653312834744,0.0106892402879466,1.03293198616265,126.818327415224,86.9181984229136,0.148024565534938,0.239753007623044,0.674024588340738
262,28348998,"broad_lhs",0.0335601546304033,0.234168958283016,0.141868365016492,0.26334589516678,123.994443436289,1.26796985579148,0.141711391625732,0.0558083238569088,0.255601155631787
263,28453727,"broad_lhs",1.18575353270048,0.667387657058973,0.0409620751014526,0.742446314538902,135.746569125008,39.822473398162,0.138709752477783,0.174864790223591,0.279025648373645
264,28558456,"broad_lhs",0.453257613733206,0.132462054465533,0.0165713904563802,0.160689987246523,86.9181023849524,1.63693097863914,0.0939473536739436,0.0881816904815302,0.834747972243155
265,28663185,"broad_lhs",0.0602229524719369,0.246194235045463,0.0311019535101683,0.15256990912245,68.8379727082793,0.121451531258248,0.131914751884489,0.24848911165415,0.972894197941447
266,28767914,"broad_lhs",0.227470479912612,0.410192122739161,0.136458595933923,0.0744863024857013,53.7820247518701,0.0255432481942555,0.0476332128276893,0.152310729274177,0.250917417092714
267,28872643,"laa1_only",0.330355860817518,0.150824795793126,0.280370597983865,0.0568919315939583,132.227848077018,0,0,0.000911854079458863,0
268,28977372,"broad_lhs",0.19783134120893,0.31660504771668,0.126018939756388,1.0884694802014,20.7808930993714,0.0153712623262152,0.040741054055087,0.121176669230917,0.711624178537556
269,29082101,"broad_lhs",0.286940461420121,0.063845945929495,0.0555499141364267,1.13381407104704,78.1585447810034,52.7810754219258,0.0541205944528338,0.0278142668759554,0.914388590425951
270,29186830,"broad_lhs",0.133359058129563,0.0846424168712996,0.0328906650281038,0.514613837660367,68.4214614682585,33.0820236261107,0.110400368524444,0.0656352343200059,1.08026225836094
271,29291559,"broad_lhs",0.329893749390903,0.102913861718929,0.0150753654111131,0.375083332423444,100.225134124404,1.53377117812003,0.047102542246459,0.0953104053369801,0.797360572368295
272,29396288,"broad_lhs",0.246287831309986,0.0527982634705056,0.031446957037543,0.0902276628011663,81.6047238301447,19.7371806998135,0.0505764515016926,0.200013187712822,1.06028539614868
273,29501017,"broad_lhs",0.149944177139723,0.0642045667002992,0.0243336204493345,0.120672671011537,76.656205675099,13.884498435956,0.08769061401467,0.102831919261047,1.01015164151089
274,29605746,"broad_lhs",0.0586734489147609,0.0247245451125989,0.154948545381269,0.230876664743938,130.029980228768,9.21391042150956,0.0441054139544334,0.118423206446201,1.25071529295218
275,29710475,"broad_lhs",0.542890995611396,0.107326949218301,0.0703154955682627,0.123006359222447,86.6879312567956,2.39121382576729,0.0799149388655011,0.183393087708585,0.202454025386057
276,29815204,"no_mutualism",0.752359089391754,0.0497680021106303,0.0439740577490907,0.904106776310944,80.0616165183601,0,0,0,0
277,29919933,"broad_lhs",0.421754297848535,0.117465526674001,0.159102427245259,0.189938904854106,114.385537521707,27.2773290827334,0.0670556949109693,0.097672959575947,1.28893387161933
278,30024662,"K1_only",0.934217094215446,0.407774062696852,0.0948334996550892,0.210308850891901,66.8512038580957,9.41928519759493,0,0,0
279,30129391,"broad_lhs",0.631517726612031,0.0838540813133455,0.17881451266334,1.11692024688704,89.213811276681,4.58330031230267,0.0959773656517888,0.10218050336504,1.29066315735613
280,30234120,"broad_lhs",0.443553952677109,0.426665830159814,0.0068677694456406,2.22378830081053,84.9804288772025,0.0518069001688452,0.137330698446875,0.186545482710676,0.490747856116698
281,30338849,"broad_lhs",0.034947126246851,0.0372011822894045,0.0233725203790993,0.118383871366352,30.3866893824306,46.5911115731172,0.0827452073389043,0.120706145860798,1.28672743823379
282,30443578,"broad_lhs",0.810111481792328,0.139000896334566,0.0824298644864851,0.048320460218803,108.077279764693,8.30823768447751,0.0244575999540199,0.227079328849989,1.17572457009422
283,30548307,"broad_lhs",0.333388051702767,0.0396098327659072,0.0180947235869117,0.0344063998021338,127.027427660845,27.6087130041507,0.0586860195337019,0.170121990735319,0.779573753513396
284,30653036,"broad_lhs",0.0345920614307109,0.681873905994979,0.0461014221743003,0.0593660232178926,137.438433715369,44.4374229007176,0.0280169378443388,0.181239369274699,1.47537489778789
285,30757765,"broad_lhs",0.59015640527079,0.239587406778998,0.0833170263585758,0.247693571532256,93.0858160824088,42.3073483661318,0.066112014172133,0.104286115772492,0.751948770397964
286,30862494,"broad_lhs",0.0356463492114601,0.026181569482161,0.236341597754974,0.101474808349832,57.0158626229062,74.8957409378474,0.127415242580891,0.128535494040245,0.942468413355139
287,30967223,"broad_lhs",1.00439799213176,0.400679302045303,0.00636495294737376,0.0474200435443404,20.3913967558441,0.00709472506456948,0.104725749128343,0.120406105705446,1.41705349728349
288,31071952,"broad_lhs",0.0672298214408647,0.0936786251263476,0.0337261433870752,0.051784212730123,101.770098420578,28.3053787885633,0.0765070316935501,0.189272027303232,0.473962624363679
289,31176681,"broad_lhs",0.121734930276902,0.0529809828976218,0.0563433115210401,0.177417702032325,65.4092095371905,3.83652151321397,0.0963382958938988,0.160943992937488,0.695772964293137
290,31281410,"broad_lhs",0.0801528870596591,0.0588951437461297,0.0102766601410981,1.27853510009503,57.6339455895423,0.330567901118546,0.0233070353266085,0.154809313850322,0.830623015069092
291,31386139,"broad_lhs",0.0833197425092958,0.382787468119438,0.0469218587672821,0.969709511740711,48.1958014762171,0.371351685756094,0.10188036534912,0.139142270414417,0.484820538797649
292,31490868,"broad_lhs",0.125800008560992,0.0276114248099644,0.0440846998818565,2.03730924560809,67.4967518842055,79.9796541123383,0.14130031401664,0.213487264199001,1.47720985039564
293,31595597,"broad_lhs",0.0579098809420946,0.0941888304922247,0.0304726399316805,0.475971499343854,79.7695080834092,28.8770028011912,0.0439366735573858,0.105473931339026,0.559774749447824
294,31700326,"broad_lhs",0.468551127935184,0.0804615597093832,0.0270307040360756,1.00649007715914,111.657013347883,10.2130564338653,0.0265588186184565,0.0368421916155947,0.480545768938415
295,31805055,"broad_lhs",0.51234520663074,0.192411854482715,0.0129404644182404,0.726969304228904,55.5174361223665,0.560595671704805,0.110855279571765,0.121110357272167,0.800947965360246
296,31909784,"broad_lhs",0.0881035816856441,0.0702286862897556,0.0308491380973322,0.481603464685102,62.1936237733785,3.63203085546828,0.119374479410006,0.0695701091056172,1.01323566945929
297,32014513,"lambda0_only",0.156875405849116,0.0947385132093877,0.0657335265180361,0.59773120466663,77.9294240707532,0,0,0,0.437284749891842
298,32119242,"broad_lhs",0.797158367505865,0.249865714020029,0.0299963719421515,0.0571379204528535,59.6136904538596,77.8412236260893,0.013993499695401,0.234852687601233,1.1638501213134
299,32223971,"broad_lhs",0.484680274594177,0.460025388495151,0.232707476183914,0.126631421147636,127.408775485528,81.6188438286658,0.00281938629624589,0.223469365196134,0.70239888685833
300,32328700,"broad_lhs",0.450985361020029,0.201045292995395,0.039244435101177,0.0691414083819001,128.001100892919,67.7682379410805,0.101078500334212,0.0667884667169225,0.804010058101267
301,32433429,"broad_lhs",0.345076349961733,0.279494551823535,0.0427391775066009,0.671758655484796,66.3987945922741,4.38524761868863,0.0761100017348072,0.062064162423485,0.556957697945181
302,32538158,"broad_lhs",0.0965875443201856,0.048818336827552,0.0171305636199218,0.374013628926283,79.6084550744854,16.2321481112241,0.115524710274922,0.131515826152043,0.8568943106678
303,32642887,"broad_lhs",1.02206369054698,0.203420683462545,0.0341283551574451,0.164479422907755,116.787662479748,65.8671972142004,0.0808562837771994,0.206126898904266,0.723768174767028
304,32747616,"broad_lhs",0.259450235364748,0.0810895112242237,0.0675234007028306,0.0878331765279629,78.9569966234396,4.31357749188511,0.0987718342637721,0.128737816368812,1.01892233877288
305,32852345,"broad_lhs",0.167462327318996,0.373206402622666,0.0121580176663904,0.266277363751461,37.6713407260185,2.05710680211731,0.082947650148184,0.0287062738857801,0.420067324282912
306,32957074,"broad_lhs",0.422602812040299,0.18144225521527,0.025620361242698,0.0679109904229105,77.6260245869182,13.3500326660614,0.118398058121248,0.214634853816501,0.477992746278954
307,33061803,"broad_lhs",0.900232843808644,0.102551081199128,0.0350746599587783,0.622546894817011,73.7351300796339,33.6798935659606,0.0688920677507607,0.069424685111929,0.15619236912656
308,33166532,"broad_lhs",0.122280215731482,0.0543933325199369,0.0287294825988326,0.174395104412904,101.867225290367,6.6716781855786,0.0535417475414773,0.0707111482787231,0.764453381173468
309,33271261,"broad_lhs",0.948275224334822,0.590704592229743,0.00664372861246012,0.0713770540003903,104.54843129995,73.2416552196278,0.125359094497127,0.019984261416054,0.158397073175292
310,33375990,"broad_lhs",0.0426205860265188,0.0258459385747999,0.0238222914154408,1.29419308376558,85.1594034669041,49.728883558057,0.1177965913524,0.126357612858022,0.852949097476667
311,33480719,"broad_lhs",0.201962189560099,0.314691530484232,0.149029255573836,0.995175322577537,89.842198175611,10.7390141946088,0.0607564256365877,0.190388302634302,0.377372991016212
312,33585448,"broad_lhs",0.0726897072656792,0.718788001850764,0.144261608640595,2.01992012208604,137.912565414412,8.90540110017335,0.120162989613096,0.245422662113043,0.237654434436699
313,33690177,"mu1_only",0.63970683323753,0.0924183260399935,0.194206679108823,0.410209032926083,52.9628830915317,0,0.132641878393712,0,0
314,33794906,"broad_lhs",0.0865826057734368,0.0971855501189186,0.152335932934292,0.810931807400673,96.208101228177,48.5392181660388,0.0277260815696403,0.0949292350379336,0.735929926713773
315,33899635,"broad_lhs",0.966005830223702,0.0214874758033762,0.229539588208253,0.729584561442668,98.128094292899,89.7836589603352,0.146560794412236,0.193227201627128,0.196573846131796
316,34004364,"laa1_only",0.0370584866898489,0.454778182279899,0.00639214195747569,0.777230787429525,35.6262621117639,0,0,0.173196748271585,0
317,34109093,"broad_lhs",0.42725959103171,0.0490781159178698,0.0241740700350436,0.610001149898815,34.709580819213,16.718576527251,0.0623437663072254,0.0516385154759175,1.06766188735647
318,34213822,"K1_only",0.287304910445405,0.0512306525167993,0.0713394350748532,0.0537920661736576,48.4150841837982,0.416936176404286,0,0,0
319,34318551,"broad_lhs",0.036345970851167,0.0265721139707923,0.0480158827619578,0.104322467262362,101.967369584502,16.4064916668632,0.0749327995587761,0.123676390584959,0.543443541217518
320,34423280,"K1_only",0.235042917505687,0.262009236231033,0.152665816621399,0.238034946285833,114.396587629453,49.7211820454041,0,0,0
321,34528009,"broad_lhs",0.0395086158185609,0.0250053778709955,0.00983999831097329,0.779534451880692,107.6277126075,0.188991159606266,0.0213978922814519,0.12145516665025,0.230011981794378
322,34632738,"broad_lhs",0.292668752050339,0.291361138065577,0.0234197941537007,0.113156386070416,55.7914272430288,21.0703014003744,0.106064151252542,0.0796639742318075,0.71941488367971
323,34737467,"broad_lhs",0.148755261632613,0.027428848874476,0.00563949138198996,0.033064108800735,116.102470003308,77.0941903011757,0.0379578586067461,0.244987152859879,0.299550467163014
324,34842196,"broad_lhs",0.0353319481050032,0.742131774403781,0.0614384345993334,0.676101914027836,139.936904842519,41.6308103527919,0.00391210732717688,0.0956364926274142,0.0189392803849963
325,34946925,"broad_lhs",0.0487331121252249,0.76068135431347,0.238854780793644,2.23810722947302,24.031382883194,53.4343480175715,0.1296541597641,0.225199324170632,1.23190189041314
326,35051654,"lambda0_only",0.0353962996732921,0.0205730273231421,0.125131826679247,0.0314352649457105,116.778005381348,0,0,0,1.43554903373471
327,35156383,"broad_lhs",0.910307635528504,0.0734924639382516,0.0769169393114343,0.0316811180026831,43.5916796379671,16.9097184130683,0.131394085963412,0.0237131938499968,0.17894453933967
328,35261112,"broad_lhs",0.0581551140807981,0.091903079350889,0.00562595343583516,0.434609543245382,127.183852006824,35.5287992127317,0.139296646466362,0.115659780559686,1.46647843645226
329,35365841,"broad_lhs",0.0462699463949885,0.0222884944757336,0.0649079167176729,0.339145193250549,116.245692168822,0.0819227488788828,0.0826319303421381,0.163250930984116,0.187823661105164
330,35470570,"broad_lhs",0.0423596150553213,0.281311905220401,0.213832256197782,0.0945608561882712,67.5132572411288,0.00412050477392389,0.0208776922693554,0.210144839986008,0.818431139382301
331,35575299,"broad_lhs",0.0478659960581459,0.0299071610541831,0.0173985163274811,0.0863427510384017,78.373229068594,57.4335914291307,0.0552018119943483,0.21287794404786,0.860564344858285
332,35680028,"broad_lhs",0.0522317378120311,0.108172483290537,0.187748213264437,1.1690413737503,35.9090728467951,49.3523030564391,0.136265458550459,0.098504814125287,0.22354608824205
333,35784757,"broad_lhs",0.0979851038339143,0.0242837345149891,0.00577031813818445,0.893456337675657,34.4419430771894,4.34313662872962,0.103947315032788,0.0351407361591312,0.655420369191173
334,35889486,"broad_lhs",0.190551332272794,0.142805447946874,0.0848191003216645,0.0910151570801896,103.050842009381,3.64315717709303,0.103119204390406,0.0611661863746122,1.33367809095963
335,35994215,"lambda0_only",0.649336231374081,0.0622675836140992,0.167347200608831,1.53336978789015,136.231610210671,0,0,0,1.46389812171576
336,36098944,"broad_lhs",1.08376259454661,0.0216274302550532,0.133361352518781,0.260903326381388,110.904969670454,0.00946079939817166,0.139097255157462,0.0449362173934545,1.14584087097823
337,36203673,"broad_lhs",0.312975328642736,0.491847407163734,0.0830637438817132,0.0436345108903672,130.185477615774,1.82706112258349,0.00884907705371734,0.130732574975506,1.10847972833745
338,36308402,"broad_lhs",0.247118226307387,0.0306373934884675,0.0134344406281328,0.0915076289266332,139.329097264078,0.0288575753376311,0.0140834947856298,0.241258078756121,0.131179725024073
339,36413131,"broad_lhs",0.340701287707595,0.0379221387068285,0.0251304778829889,0.251118535637112,51.0462911662115,0.692715595054806,0.04267083457772,0.092927991584616,1.34089254144191
340,36517860,"broad_lhs",0.410505903444985,0.0254769498802033,0.00906323352214171,0.985577393715283,22.2871320399119,0.73490025631538,0.0098049104983996,0.0119273769820575,0.301651687385747
341,36622589,"broad_lhs",0.14412364354004,0.331170248040432,0.00944076626515518,0.57281252474825,109.522641400852,1.10572567722541,0.0878471297691188,0.161207973773902,0.890541747167396
342,36727318,"no_mutualism",0.11899990245105,0.254851782920388,0.0476639439127311,0.17208653010313,89.3704439161229,0,0,0,0
343,36832047,"broad_lhs",0.0693164163814564,0.0485832530800814,0.0796807526429152,0.0306046197660755,90.6459037646224,20.4004417327629,0.105277080546676,0.0229740588820358,0.425789812227789
344,36936776,"broad_lhs",0.0442332034744838,0.114155240916024,0.00608180923912879,2.31620917496432,131.815301943312,0.125603688955449,0.0602613796368629,0.0961596889618603,0.83961993554801
345,37041505,"broad_lhs",0.161251325002059,0.353014256891181,0.204374116595848,1.9779021570465,93.7066366624397,7.05970289234324,0.144598086645827,0.150362412617865,0.684068993631518
346,37146234,"broad_lhs",0.0382068315961415,0.0561013040496577,0.184374768794283,0.0673747248043426,26.5140959391202,7.24834580420538,0.117428031923599,0.0819454076864188,0.047217969315825
347,37250963,"broad_lhs",0.0436250784026219,0.34790628154512,0.0940564431611566,0.111596446870536,102.474604961818,1.85912194780088,0.0759250653782316,0.164694363070755,0.0237747005016233
348,37355692,"broad_lhs",0.219366979887551,0.164013115200678,0.0495829685391076,0.0618057856614476,73.3237867975064,42.9562950547063,0.135134401643067,0.0203853370269967,1.20939973963463
349,37460421,"laa1_only",0.404381587149608,0.694178506622262,0.0177027790889874,0.15365372610055,50.6770012617926,0,0,0.227654946550028,0
350,37565150,"broad_lhs",0.0616082002244462,0.0651469236012245,0.215426762931126,0.13488455638074,128.580095413426,31.2536577663519,0.0237597308740563,0.148475680695653,0.632107247439756
351,37669879,"broad_lhs",0.0398367651160413,0.0542475823523866,0.0456917255822287,1.38425968509199,27.1377490271698,8.35158189111831,0.111417382653337,0.0545860840825157,0.75940581307242
352,37774608,"broad_lhs",0.400672224760247,0.032060029092873,0.0550385249588466,0.0880736118391743,131.478332461136,15.9145276105946,0.121891827098016,0.0938189210910221,1.00799170512202
353,37879337,"lambda0_only",1.16408705268609,0.0355676075858182,0.0100849656035086,0.0364489482634351,17.6317108250805,0,0,0,0.0928936359775253
354,37984066,"broad_lhs",0.0646944808313337,0.0249015241752867,0.107494476770829,0.356141211891007,102.557908023591,14.9936594720562,0.145717112572282,0.142771348244278,1.27003137727734
355,38088795,"broad_lhs",0.112844638602739,0.0351298190630385,0.0949544441070922,0.0966044950864863,135.186931022682,32.5556286144143,0.123081685949815,0.19553720175806,0.121316326471278
356,38193524,"broad_lhs",0.147632801716094,0.145676942855029,0.110258651185413,0.106077937799758,63.1865815182553,36.6619226205889,0.0410002722995123,0.180311534057643,0.983650258287089
357,38298253,"K1_only",0.223263629298707,0.0407609208436385,0.108015433003718,0.0811304531167294,120.154991650197,1.93944534509246,0,0,0
358,38402982,"broad_lhs",0.943243484003508,0.767260143800789,0.0128629131393994,0.0993605586149103,27.4433339616129,12.7938480382741,0.0325733581294383,0.145808203902108,0.494492821995324
359,38507711,"broad_lhs",0.0703419009478719,0.350537781536887,0.0116626533393389,2.34583400551084,27.9097648285743,15.2418232939017,0.065988702254137,0.243297585381467,0.175902548861147
360,38612440,"broad_lhs",0.165315823487293,0.0243922027194562,0.278801129231663,1.14703555978945,131.196522940655,42.1340374703282,0.0972800301713481,0.193433655444468,1.38311748485896
361,38717169,"broad_lhs",0.94184412539118,0.325953867179155,0.202917390678863,0.187259997144463,17.0446950597236,7.34347333366242,0.0238981265754749,0.234411597449927,1.05507673268168
362,38821898,"broad_lhs",0.0438286613866688,0.0450283968919918,0.0053998093132311,0.083702934774789,86.2739397225475,75.7059280242414,0.128631268887625,0.0566082007003327,0.206231875604329
363,38926627,"broad_lhs",0.0385071774423738,0.758415211764873,0.272807919954709,0.0416998440301602,97.5883527665024,0.750233192841659,0.00749490519314228,0.0992516146086079,0.174867883620318
364,39031356,"broad_lhs",0.99219518038379,0.185284536808806,0.035632219776649,2.01290104234774,33.8757108601405,5.50247024249489,0.0586119603971795,0.128144840843161,1.37287596344948
365,39136085,"broad_lhs",0.241750737863423,0.0678782152875679,0.0368618414016092,0.194161613173834,125.735471528994,22.0852863220364,0.0994124834818067,0.218461842606517,1.13289762122983
366,39240814,"broad_lhs",0.936037002049459,0.188638778086943,0.00728141763495968,0.0709586043979347,87.5870332309407,0.355357379699743,0.0488949159523084,0.12314242030384,0.718082556750548
367,39345543,"broad_lhs",0.407939069254231,0.320672570160767,0.181170036845876,0.425134132388132,86.5539872149626,2.89528827519878e-05,0.144331939577125,0.242934200944081,0.469632491598604
368,39450272,"mu1_only",0.107476753912104,0.0285075165945516,0.0524119087506602,0.0310833814830091,85.9879176484537,0,0.0680484458670253,0,0
369,39555001,"broad_lhs",0.35532930727318,0.178896766508204,0.098961638656105,0.767227146726527,51.7895441685363,1.88962545823014,0.0956452214855623,0.202780953993853,0.904060761248693
370,39659730,"no_mutualism",0.165515287554306,0.0804156639400527,0.0562940529179737,0.405280718855588,90.6418207127717,0,0,0,0
371,39764459,"broad_lhs",0.21151512684357,0.0526030224319829,0.00881479490074146,0.17899138768123,105.537249708173,37.0194515886583,0.0971353673847625,0.0845325107607318,0.235998153265488
372,39869188,"broad_lhs",0.165913767630376,0.323474644905559,0.0261930187326132,0.368651076359013,80.3947400955561,2.60745672372477,0.116568140430182,0.0946240626586627,0.993316828568156
373,39973917,"broad_lhs",0.356687819520905,0.270764163299356,0.0180143688936816,0.302648492627668,81.295478038244,0.647705896999516,0.131668152551904,0.110955227217831,0.151351735861196
374,40078646,"broad_lhs",0.747024588508882,0.580273246169192,0.00928491158340207,1.53821671210122,114.137531052305,10.2393382039163,0.0752063333806582,0.249134709230728,0.198585884950589
375,40183375,"broad_lhs",0.817842411160428,0.557530657103512,0.23969013339504,0.473103990638686,128.728692635842,14.3078635469116,0.109705457835264,0.194198144761289,0.990865939669311
376,40288104,"broad_lhs",0.0472566015428686,0.0517455761168191,0.0144051886293641,2.02924288191953,51.1875272670942,8.08771335846281e-05,0.0252638232571771,0.0550560427507541,1.27190028889609
377,40392833,"broad_lhs",0.0745721762976107,0.618821859304747,0.00508641298893661,0.460312077443395,107.146035062906,0.0120242244047089,0.0974397633901099,0.000768279920513224,1.30014280296629
378,40497562,"broad_lhs",0.196477625235013,0.119154299877418,0.010999346077031,0.099919907569207,92.3280710993115,0.909637247579398,0.128749687408951,0.165725404351122,1.21379609932541
379,40602291,"broad_lhs",0.777023421482877,0.129688855472299,0.00717555373041233,0.047651601120238,124.615581729482,84.5114065648125,0.148272767351436,0.216951324905644,1.36904053889758
380,40707020,"broad_lhs",0.231006796014328,0.150704778042485,0.221846332445087,0.457101850073076,60.84143389343,44.3070524939982,0.0204370758880783,0.049734265119898,1.26843282471295
381,40811749,"broad_lhs",0.586459472285342,0.0382630948099916,0.00600035015152681,0.316525094257617,110.214707824376,73.1707296374329,0.12090768007806,0.0655120245254107,1.42537835835363
382,40916478,"broad_lhs",0.999916328961421,0.0634353640406653,0.0172751861984537,0.108924372927186,128.777513221365,0.0888392490840012,0.0150388165092251,0.0517697675628976,0.283056503382977
383,41021207,"broad_lhs",0.964085736208568,0.276649576155006,0.201495214748809,0.0555056651308914,132.547471612246,82.2076166102181,0.146063371112337,0.00353410217218981,0.641155073128563
384,41125936,"broad_lhs",0.319254305911366,0.165981627421153,0.00544812057899767,0.163687970506161,68.5149151829925,52.7100046744319,0.0838799541744714,0.0046737361093983,0.698308396041005
385,41230665,"broad_lhs",0.2151204415243,0.737008624009082,0.00652491186461998,0.074956363108902,119.083601116888,0.603502172210183,0.147614202957523,0.187258144991033,1.20192683945604
386,41335394,"broad_lhs",0.337974788930453,0.0204103251043868,0.137643631693468,0.861805063133593,125.123238731531,45.0782731398543,0.0687556416187823,0.134233225556802,0.501463353862055
387,41440123,"broad_lhs",0.0734358360531225,0.329625553812126,0.00632506618376169,0.597510389065559,19.747789642683,0.000231360188066777,0.08980735263372,0.0931895866234683,0.955839476014953
388,41544852,"broad_lhs",0.12044230396563,0.462834025750059,0.00656031443977914,0.954924329995763,80.5940618730448,10.4389138452478,0.04128343316544,0.134860598570344,0.704206100399218
389,41649581,"broad_lhs",0.263613367301901,0.0856768326188901,0.015979600273619,2.07283940535352,92.3769535844137,62.3374535571467,0.0593914032803538,0.233523478590004,0.320266032905783
390,41754310,"broad_lhs",0.701403763583558,0.61373237624133,0.0325308170443501,0.0470124718033331,119.997742260554,0.00161280192442217,0.0100339327533341,0.0269528132371811,1.43571247693112
391,41859039,"broad_lhs",0.0535677806055396,0.0417809281634386,0.0755910557059771,1.25811253852686,38.6112317568364,13.1038597973894,0.0468576159656902,0.198910077157844,0.661349605582654
392,41963768,"broad_lhs",1.15370058434154,0.0475354078133546,0.258869984204862,0.357346085163172,134.373327327485,0.0842436986418335,0.0134536485633192,0.236813505068357,1.20509622662677
393,42068497,"broad_lhs",0.0794996318641485,0.0414648390578862,0.0313997196127642,0.137985013089597,72.3478758559536,3.37818393141851,0.102613955724131,0.0812740773181172,0.606753180410014
394,42173226,"broad_lhs",0.0510281573599049,0.074358377700728,0.00914576212961124,0.78513825221636,123.880075252835,7.67022300542181e-14,0.140586067021475,0.180647661169189,1.4160373136797
395,42277955,"broad_lhs",0.150800212718824,0.670756330394378,0.115399641058353,0.126150019399856,137.715835418171,23.4106983190935,0.0574696396559787,0.0180977295648902,0.900272023217985
396,42382684,"broad_lhs",0.379760280809262,0.261081269096216,0.20869766211656,0.736298788698344,52.9505809477349,56.6420398176737,0.108879166188184,0.0261325921826453,0.0877594732791961
397,42487413,"broad_lhs",0.106329756784326,0.144890725135485,0.101581506763775,0.926436988906183,37.177191770752,54.9629717077093,0.0453877463066019,0.0465865191841213,0.402197121458982
398,42592142,"lambda0_only",0.0322544366770008,0.54143298689495,0.23155937398975,0.0412644767838095,130.690816018032,0,0,0,0.297397297415882
399,42696871,"broad_lhs",0.60490650962438,0.243954025648787,0.144007109849815,0.9023854275562,78.0482985663305,46.9127501588311,0.0349006769511616,0.209254111563463,1.32524647619187
400,42801600,"broad_lhs",0.0417545546600796,0.73111910724236,0.0274241560910325,0.649061840990557,109.312269445412,24.2020646568144,0.0376365564089501,0.0304646907687291,1.14417186724022
401,42906329,"broad_lhs",0.119548286047013,0.233096018915924,0.168426498633734,0.0840299210147412,88.6726582175793,11.0985379836251,0.0662076931042829,0.0922404792386159,0.520695615258301
402,43011058,"broad_lhs",0.514492424351095,0.479929867732431,0.28186658529421,0.0350709044863653,16.2112282554153,0.23537782528697,0.00784709244508607,0.074489313009609,0.0124298398002672
403,43115787,"broad_lhs",0.0869637726967617,0.154922239112359,0.0333077688968445,0.835786417399393,120.026931997693,0.574886629100974,0.0394860259653845,0.116893264037078,0.253058347493255
404,43220516,"broad_lhs",0.308076199098672,0.0374368297696643,0.0184965300686703,0.568493203931299,37.8944402503031,5.73896494636962,0.019323278227627,0.237223964783803,0.9350276282647
405,43325245,"broad_lhs",0.378393635131263,0.0489228616291869,0.078279667025055,0.56611964067432,53.4346400192266,12.6188909929537,0.0774864151970639,0.0710775826888857,0.627894991325835
406,43429974,"broad_lhs",0.0740220792711251,0.036316379747439,0.0836577471405353,0.0585257349235822,120.905870923339,6.35300203467782,0.0380789987825556,0.0353761718700278,0.734906464278077
407,43534703,"broad_lhs",0.0803385158450812,0.0343119484949239,0.0793258009563039,0.148507307320677,40.1782744994206,23.7029809305248,0.0516486680349335,0.191484980865692,1.17070262531401
408,43639432,"broad_lhs",0.151226529449424,0.115317097131132,0.0386989394351489,0.107464169588289,94.3035433850795,14.6949867930697,0.0796888507530093,0.174353207548395,0.811100499272579
409,43744161,"broad_lhs",0.485977699900591,0.377889132313677,0.0199433340716772,0.0665904838345747,74.2169387303875,0.000512220748026875,0.0307854664862389,0.160181683919056,0.0666812644871728
410,43848890,"broad_lhs",0.148307817679602,0.124998250804936,0.077366647179114,0.546006099402964,42.5445459423807,21.8854608507167,0.117065968918498,0.208497147166054,0.369204935413242
411,43953619,"K1_only",0.19995651069583,0.0256271712252047,0.0664939651854054,0.201451926056015,64.1459325284814,32.8320265170449,0,0,0
412,44058348,"broad_lhs",0.37473772019636,0.485970309107406,0.104109976003734,0.150499252029962,83.633317749514,74.7104390671417,0.0728757488956132,0.101724656911942,1.36406234378577
413,44163077,"broad_lhs",0.426483536922218,0.440488130794985,0.0185750616110057,0.751390622399857,124.082555499562,47.0576653914312,0.082225742227165,0.0116435412631836,1.36633301069456
414,44267806,"broad_lhs",0.303089900642907,0.123826505257317,0.0318667927572878,0.112172075727484,56.1227872201643,21.929216065239,0.0794225402941617,0.172529107087951,0.537473148241794
415,44372535,"K1_only",0.101382516181797,0.241580175648661,0.0192541679090395,0.14537783062416,82.9175061438582,0.0318442003257695,0,0,0
416,44477264,"no_mutualism",0.283787309315904,0.0830248312041666,0.0220454980321097,0.228242943055554,87.0687411198742,0,0,0,0
417,44581993,"broad_lhs",0.214202245608786,0.137566931176387,0.052936807745997,1.78355311589808,133.21339465529,19.2619871536229,0.0173746081549519,0.144072175569211,0.367282211531419
418,44686722,"broad_lhs",0.169082394811556,0.0784300390107978,0.0679991836975286,0.497908505475952,48.1137481464086,2.77412873000778,0.0354174902955613,0.137563994543291,0.714455957493046
419,44791451,"broad_lhs",0.0863672103577663,0.0672762479080178,0.00843569288414269,1.45498285505049,46.9563247321963,13.6127673187965,0.0233345642070829,0.0384234587292627,0.552317800526119
420,44896180,"broad_lhs",0.316060059478276,0.142035903396543,0.103015085399153,0.108253411653402,59.3992776948855,1.12238984453714,0.0625816025870542,0.118226769937189,0.427481449407448
421,45000909,"broad_lhs",0.20667388535898,0.468057334550952,0.0953612188733397,0.310335077498458,62.8414863752874,45.5346838646124,0.113735128618854,0.1687684040948,0.549169404614562
422,45105638,"broad_lhs",0.596580101948608,0.304016267808791,0.00820203592607519,0.0569615664397746,63.902169888962,43.8322719734681,0.0562270564353093,0.141762790241757,1.22399370088281
423,45210367,"broad_lhs",0.195618567871273,0.510537269735395,0.125167118785822,0.467189502874186,31.9070482895929,43.5909103477647,0.0267955291596785,0.169137442382053,1.12697040519716
424,45315096,"broad_lhs",0.160496903301413,0.271469533109822,0.0176725134311811,0.0733941060493511,56.8562091319796,20.5271146068718,0.0621612122568379,0.0857670351139192,1.04208655602687
425,45419825,"broad_lhs",1.02840468729033,0.0899048035300399,0.292481874986098,0.229890508672858,109.93608067847,75.0480803612883,0.0606637151654965,0.244495467975438,1.3627956502516
426,45524554,"broad_lhs",0.220685469047506,0.130510469438583,0.00994467577590217,0.167460935852934,129.742881627786,4.7758661541575,0.121347188510971,0.0500167534882591,1.45390123542282
427,45629283,"broad_lhs",0.174985050442231,0.0583873530723012,0.0089288058871528,0.0641776242467656,88.1873091648837,38.5006653084975,0.0908606403659796,0.0469331493718265,1.41153505721285
428,45734012,"broad_lhs",0.0821397452472978,0.225328926817405,0.0860945583519889,0.0487308282451906,38.1166008699802,8.58093058992558,0.129729315830783,0.211991101582535,0.866679145505186
429,45838741,"broad_lhs",0.223255629659322,0.0213444983318902,0.00854037657227025,0.271083537711079,74.3364597236763,26.4803969826048,0.0385392824381512,0.0842813221920773,0.459957028619635
430,45943470,"broad_lhs",0.136946381763684,0.63849125821492,0.034274591732068,0.0429838330047186,103.188073755753,54.3146926977304,0.136859543806214,0.17314437152294,1.38406851760267
431,46048199,"no_mutualism",0.208191461567718,0.187927158296621,0.083654609075436,0.47044497559223,76.464601601474,0,0,0,0
432,46152928,"broad_lhs",0.156072317502332,0.380618151909741,0.0206278329820986,0.0786848392624976,43.1975445863726,0.816999790063473,0.0721324726390885,0.153325916282871,0.44672005023264
433,46257657,"broad_lhs",1.16960310874398,0.386181287129515,0.0509410500948759,1.48546699809921,19.9285644772398,82.7787253165193,0.000654958148215276,0.227565137837147,1.48257087445391
434,46362386,"broad_lhs",0.171004695437969,0.198296876119435,0.0292465830817018,0.0606393176929818,39.6550912916751,0.0526392577308432,0.0195322657224412,0.162249433926449,1.44889676815248
435,46467115,"broad_lhs",1.09538104707701,0.119910015323207,0.0353213450687864,0.0941198403451697,15.3436497418766,4.03921833668715,0.0942639683207575,0.211528406319881,1.17680791603052
436,46571844,"no_mutualism",0.132332137327827,0.103854150913651,0.074927672820185,0.527080537437805,55.5110038071871,0,0,0,0
437,46676573,"broad_lhs",0.0473238332595972,0.391276230735721,0.0151640001777611,0.654550777183591,114.010443281538,13.2753940122277,0.134419295080588,0.200716081977524,0.893028895736594
438,46781302,"broad_lhs",0.0655375657340377,0.0252127699444135,0.0494749255711099,0.0300030013878301,132.084586505856,1.5752630550847,0.0478766215616294,0.215654169058738,1.01483067309173
439,46886031,"broad_lhs",0.548954493031413,0.15963758948068,0.0276518606975012,0.204755005782027,81.2290495225655,34.1492303855453,0.0504165740487709,0.187657225112004,0.859135568382529
440,46990760,"broad_lhs",0.0498880542585316,0.121455690753386,0.0106742693380569,0.345621498254354,75.2060161910615,18.7851499481341,0.0819682360521595,0.0490784196378404,1.03895535554426
441,47095489,"broad_lhs",0.0760114345163399,0.0237200427363844,0.0224759224262874,1.24235825667753,18.4345608190698,69.4177453586395,0.10233002542002,0.237053609308205,0.370589564325055
442,47200218,"broad_lhs",0.0832044471533143,0.0650716323156325,0.00810376799971259,0.816614614645866,20.2249645641617,44.7040958127861,0.123312662189283,0.157290560507034,0.927188564798562
443,47304947,"broad_lhs",0.928755510596567,0.569160615362218,0.00708568904227894,0.0413016405860587,57.1803559935264,1.19957652156355,0.00138482773016828,0.238109526993552,1.35345645973342
444,47409676,"broad_lhs",1.13817662026016,0.122498618699931,0.0726803037437029,0.325068928656848,21.938471578275,7.57109475595236,0.0995829408083033,0.19084812242085,0.286448618316402
445,47514405,"broad_lhs",0.718704534697495,0.294337753873354,0.164211570623733,0.0756107801876869,39.4002179187697,58.7040259437739,0.104167184795059,0.10914289765739,0.241259518005342
446,47619134,"broad_lhs",0.8565730988489,0.290678054724749,0.00533425024805112,1.02310679280513,112.883439498255,63.7958263025974,0.122772089777825,0.0190936850462781,0.467303541647658
447,47723863,"broad_lhs",0.0786661414212393,0.713820454594401,0.176941960859357,0.43104969554307,18.2402858412307,49.481919696423,0.00479260805272497,0.065996838083633,1.44039368691932
448,47828592,"K1_only",0.81254440888789,0.14114549193059,0.0618030800439353,0.433145938366947,58.1287149753189,0.0853558130821754,0,0,0
449,47933321,"broad_lhs",1.16182977819796,0.698905025689573,0.0122911988036185,0.0434909814958403,121.275029916271,31.9100638487935,0.00578215153301911,0.0103166130063538,0.110992328701153
450,48038050,"broad_lhs",0.0320077392861075,0.0270523589652775,0.0721533871507011,0.881529967555221,22.0956400053304,0.00674563768593744,0.133329071716677,0.0824579490876446,0.189849517156448
451,48142779,"broad_lhs",0.0392579435550478,0.498064929335506,0.0499172531750943,1.35879896747185,91.4425537626893,21.7034775813542,0.124692980220231,0.0519520181429753,0.894618222252466
452,48247508,"no_mutualism",0.0597138235388756,0.0679329440116278,0.0879735114148064,0.0882364383786454,100.733003833448,0,0,0,0
453,48352237,"broad_lhs",1.10575990174459,0.0221448062452608,0.0309010591690527,0.510844954056205,107.266641397728,69.9455400392522,0.0108685045539945,0.24587175306573,1.16815648510975
454,48456966,"broad_lhs",0.902905634683215,0.0382047341427502,0.223276342875833,0.0393080414952745,22.9387490474942,38.2332242227852,0.0369051744130362,0.0010029248293722,1.39242912698925
455,48561695,"broad_lhs",0.570326919467202,0.245653881470469,0.0880766261214655,0.242617729363256,109.810721873138,2.11839898648597,0.0276348972935618,0.00204464388674953,0.812903909223387
456,48666424,"broad_lhs",0.0588615558074093,0.284113149004018,0.0204798389174697,0.0661585930791635,82.6179218394423,37.4146722566284,0.0186510431399802,0.0359098584049692,0.873255104482329
457,48771153,"broad_lhs",0.446729169088488,0.604176613798785,0.00551645859374276,0.489447878386511,45.6715257668273,0.517713401227523,0.0293493889104575,0.150110896759692,1.25607862454257
458,48875882,"mu1_only",0.0484175780992224,0.360053933299515,0.0370592288161585,0.578068957049319,107.092380172689,0,0.0752552889321232,0,0
459,48980611,"broad_lhs",0.19364764019507,0.232311693595055,0.0600282367286633,0.245971097489224,96.4972107248549,25.435853588821,0.0962508778756407,0.101086249493269,0.445142768254348
460,49085340,"broad_lhs",0.061437479157387,0.0799051817012009,0.100970787873757,1.01865930138878,82.1474499922867,86.328649524443,0.0567417875305206,0.180222784977264,0.154842483001218
461,49190069,"broad_lhs",0.109208900851259,0.11225543863758,0.0124465912208696,0.184777691705662,89.4477947751552,33.3832570375262,0.0263385601917204,0.195824237430481,0.0814204229309689
462,49294798,"broad_lhs",0.782877600804237,0.0550725932650428,0.00607025390020239,0.0930979989191421,116.342501764755,0.465048601342073,0.130886859448161,0.0424543666038274,0.747754263140184
463,49399527,"broad_lhs",0.45967849892321,0.0566532786571688,0.0558159620709315,0.468641398768309,55.3224431874049,19.1419903161627,0.0510887420901951,0.188825647149028,0.390443577973638
464,49504256,"mu1_only",0.0804390638655953,0.298742598930448,0.0213723208074427,1.58265372708946,33.8660836793133,0,0.0170973950084299,0,0
465,49608985,"broad_lhs",0.0564649087998141,0.104546049495296,0.262235583678473,0.0813688468184606,24.3106647026919,0.236068480358987,0.0614112982330456,0.20761265505364,0.273754435153678
466,49713714,"broad_lhs",0.037306224939021,0.126477309672804,0.0437688822097077,1.82794662184945,104.090114578333,23.2628652757028,0.148439974639254,0.248738395996172,0.974487702578384
467,49818443,"broad_lhs",0.263360574183279,0.0284578639942835,0.0183310599910943,0.106728149823618,94.5859783652445,1.44343259059039,0.0818310260457219,0.11378191355894,0.123875034270265
468,49923172,"broad_lhs",0.141360324403887,0.0632498716518988,0.153883722191849,0.677134819573502,30.1314211647453,51.5528317343693,0.0175112037609409,0.19956441065691,0.586114756950798
469,50027901,"mu1_only",0.241882105060093,0.23414711282916,0.222081986813291,0.0778898476722233,71.6334970513708,0,0.0669800716142636,0,0
470,50132630,"broad_lhs",0.335929435878998,0.062982757589831,0.293626024085718,0.140817658354662,18.9868716854512,72.0798847171284,0.0350961461010156,0.016058103593726,0.0633630542612324
471,50237359,"broad_lhs",0.474950097942953,0.0758553917395619,0.0140481953564207,0.0917013235716479,108.549256299512,2.22512421165087,0.0997274791211045,0.159032134298727,0.57994076233008
472,50342088,"broad_lhs",1.127847799876,0.338874592912463,0.0104720779062016,0.17772692912975,47.9642868628273,6.96945109501745,0.139824102307747,0.0281564058727559,0.0410626128684574
473,50446817,"broad_lhs",0.827694014386492,0.0230928316156131,0.0602792593217426,0.577625653843627,127.775779037879,3.45338424983498,0.0922967120101287,0.208179408337197,1.37815767451578
474,50551546,"broad_lhs",0.581971027288038,0.25190782404243,0.125433450770623,0.049591970164462,119.69679984885,0.000735084843538811,0.132554902569818,0.177042363247343,0.113072859393045
475,50656275,"broad_lhs",0.180442830378574,0.0664395200888001,0.0576642564463198,0.292624002429336,69.5657997653406,21.4053671438262,0.0526429989180372,0.119909105656617,0.666816250114158
476,50761004,"broad_lhs",0.0597473976652355,0.268757004918259,0.00611078633293765,1.50521111885934,93.4685291808758,84.2077502153074,0.0146531964911458,0.166033985310997,1.13411951908454
477,50865733,"broad_lhs",0.431450233039028,0.0398984483550973,0.0226229394381585,0.0820434064055316,61.1627254475995,27.3556764346352,0.0771885584586998,0.0826603895211722,0.361531510762482
478,50970462,"broad_lhs",0.184732041585499,0.0271655232882865,0.00596917104703087,2.4848073742936,111.674959174933,5.14260726175796,0.00362914507677002,0.228505188774434,0.207961771761766
479,51075191,"broad_lhs",0.0465145496216297,0.516805153290731,0.0735061775492926,0.255628317804574,82.9663123077868,4.72203186546921,0.0641474087797105,0.105947317966364,0.816792666570206
480,51179920,"broad_lhs",0.450488155710583,0.236385530857771,0.00547888501664583,1.71696183116032,26.0807111308612,22.6774929271888,0.109010758015948,0.215541576316787,0.116026187369522
481,51284649,"broad_lhs",0.734310976935327,0.0218015027602481,0.257165948494431,0.0524997827817603,65.1253062302324,54.1758592676416,0.137756695909115,0.0684243388446177,1.00421041486048
482,51389378,"broad_lhs",0.260787124418173,0.367022279452656,0.231480329043836,0.398203590690475,68.9089882435898,0.0177463593944568,0.0218338916306384,0.240629223262658,0.0485334716558767
483,51494107,"broad_lhs",0.0523909159085286,0.0955758075968342,0.00674269016767625,0.217006578346522,135.989385481387,68.0505466174091,0.00539123091602232,0.0195328577561304,1.18520032121295
484,51598836,"broad_lhs",0.762766001937156,0.0326930931209399,0.00874432642175182,0.707606246590495,15.817593098133,30.5948652805972,0.123899835634395,0.226659246999641,0.681904147439248
485,51703565,"broad_lhs",0.759083016050963,0.0458141523754584,0.0168436929495084,0.166643811755092,56.3565773023098,9.98884194295773,0.100346557022616,0.205100116169326,0.620866504588242
486,51808294,"broad_lhs",0.146276598902747,0.227601076399607,0.0123110980379707,0.0539263515480307,22.4628026643121,5.8221759428947,0.143820509455128,0.249348553225152,1.3996362732281
487,51913023,"broad_lhs",0.124284612945878,0.0209076156109944,0.00647778475227934,0.0616173346372225,16.4418922416452,0.0573576537750784,0.069963859593845,0.00872713872412634,1.29348368199853
488,52017752,"broad_lhs",0.0643937432300197,0.552019135697028,0.0432602595734426,0.183331709335391,76.8583946794064,0.448466909034096,0.126685672341574,0.192119668759147,0.301682670007382
489,52122481,"lambda0_only",0.0335574153781586,0.311077188864327,0.0495571286927269,0.113692835282249,134.442916100961,0,0,0,1.39898052329198
490,52227210,"broad_lhs",0.766832349411283,0.204636130840588,0.00834603367312774,0.0588976119233713,121.094335280262,3.0622548889689,0.0739221033183858,0.204491633749955,1.33733386431549
491,52331939,"broad_lhs",0.0310032856106865,0.112836476516486,0.0379926730420362,1.76758542756105,123.282500802889,4.97436907822019,0.052844975909063,0.00991458187144922,0.0329887613817118
492,52436668,"broad_lhs",0.048028809368267,0.459429489667439,0.145442672197199,0.804803608784941,21.3896582787856,2.54694288533883,0.145980860171529,0.0538793002803706,0.20026435859579
493,52541397,"broad_lhs",1.07404210718531,0.0345613684369446,0.225942774902402,1.32874657096197,63.5697132806591,0.858544307220721,0.0283630979139125,0.00413235977240321,1.38534954960768
494,52646126,"broad_lhs",0.126405093451944,0.111346590541143,0.156676747022241,0.0460134603538139,54.9894923761409,7.71903855882675,0.14490161817125,0.126761725545318,1.3913411253877
495,52750855,"broad_lhs",1.00642005186558,0.0298550267146224,0.00963819556587384,0.0388516149262465,55.9196401881895,41.8457401441203,0.00292374572658446,0.225653734499356,0.77477234969032
496,52855584,"broad_lhs",0.0684304357228751,0.0538365537283503,0.0917583904311056,0.129704797647075,29.8572779372787,3.26633652169213,0.063157118335017,0.0357229727082368,0.580198012343996
497,52960313,"broad_lhs",0.499710561738025,0.262112625530351,0.0411788490481852,0.101903556594442,126.410349056306,11.68999203686,0.115350580598228,0.164724077548534,0.948772662347571
498,53065042,"broad_lhs",0.979535396642393,0.0478191686646955,0.029764024430743,0.747792290534407,49.202701348695,0.0295908125931185,0.121797793179906,0.00332443044993043,0.0316239205189049
499,53169771,"broad_lhs",0.0385624043722705,0.0358462137685968,0.00650028489676293,0.299528934961594,30.272670901484,79.2266006308625,0.132489222767142,0.0083437680414257,1.40746039589518
500,53274500,"broad_lhs",0.674438898948388,0.0324376901389741,0.0372498344221819,0.134157865703493,131.051815005194,62.5243087137708,0.145296781185937,0.00608362431663813,0.248854927345334
501,53379229,"broad_lhs",0.538430084171733,0.0324715967817666,0.206923672782462,1.19705513058412,67.1955626780012,0.0102396848642689,0.0457031855783037,0.215192733074202,1.03802592476248
502,53483958,"broad_lhs",0.39050831139149,0.213954611660853,0.0317536414861388,0.84762668823394,57.8505523388998,5.69825555574372,0.0463791346201518,0.135718821290001,0.998161169011146
503,53588687,"broad_lhs",1.02549796741938,0.677664678628959,0.00591124148476298,1.46385792422771,58.6572182317872,63.2840293158062,0.0179437632679862,0.0382524219291776,0.809844648964548
504,53693416,"broad_lhs",0.713645306175888,0.355373777474572,0.00992297691193385,0.0601565227888566,23.1449050745384,88.6438158478477,0.113927950902454,0.222510889757864,1.07863041130011
505,53798145,"laa1_only",0.0754024341279266,0.480508937098575,0.00501562777589548,0.361174012445463,129.057767113845,0,0,0.0266595514345681,0
506,53902874,"broad_lhs",0.537014459987468,0.43177506432352,0.0366698729105241,0.0467549326971782,36.8334256278467,36.6027986210234,0.0363767944134306,0.0581362399675547,1.43138942096576
507,54007603,"broad_lhs",0.075310533064641,0.219882091448388,0.010527862119626,0.0371126203828724,102.2071516898,76.46280408019,0.048311113802949,0.125781186761386,1.3472162593583
508,54112332,"broad_lhs",0.278285768985936,0.313249957040326,0.0212984886403419,0.103641575005878,108.690080625109,1.98904474642909,0.102815915798303,0.0907970431412105,0.35195355314451
509,54217061,"broad_lhs",0.031639375191004,0.108954821520062,0.0476057519495836,0.182406573279606,51.4719510013108,0.0403093481110955,0.0425411233767712,0.178895350619763,1.27611138791079
510,54321790,"broad_lhs",0.077165881567192,0.768393482978768,0.00503570266914217,2.11208564274131,15.8563301838715,2.96570913467821,0.140477913176951,0.185611432905684,0.0360046856776656
511,54426519,"K1_only",0.0852315409490147,0.274074144772279,0.00669169120166626,0.109874501940227,74.1197437467054,28.1582740983622,0,0,0
512,54531248,"broad_lhs",0.546391618457981,0.434478608897198,0.0451461762725152,1.0754506130964,118.580201960415,18.1088001148959,0.0718837002207292,0.0364648699380147,0.658727306925769
513,54635977,"broad_lhs",0.414407800527517,0.175673889428343,0.00976211262473822,0.323388723807967,60.5766198502129,6.5763764510715,0.0162454506956274,0.125458938610779,0.414107270000192
514,54740706,"broad_lhs",0.0605321832768632,0.302116217921862,0.26598356499042,0.0489627530132723,21.7304127033114,0.0172403984473708,0.034676441578893,0.0506557140229011,0.534713028557987
515,54845435,"broad_lhs",0.135588913922511,0.0615426253831838,0.12803970500753,1.18084901393945,44.7213638613013,2.16335100779862,0.0800720444744996,0.105796265921737,0.323803320218576
516,54950164,"broad_lhs",1.03805556593932,0.0557788875444118,0.00814349870649177,1.58182199599607,131.562416716705,0.208754991656829,0.0273658635066822,0.106319753968273,1.21649898557536
517,55054893,"broad_lhs",0.516708597060834,0.040856068467569,0.160303565146161,0.587626256383169,34.9133640858215,37.6882720728902,0.113418050572509,0.172313616011977,0.417853131343145
518,55159622,"broad_lhs",0.0348134353087482,0.0575096978957725,0.119257202659459,1.40402743764952,80.2312637422842,0.185050040247452,0.0198856777685772,0.186823983035477,1.26804875673338
519,55264351,"broad_lhs",0.155592027181803,0.539178276654939,0.126530245593081,0.192002137383121,124.451744995442,71.055694044607,0.0790505984659928,0.0193545029257398,0.0512602059694473
520,55369080,"broad_lhs",0.174405521894223,0.0673664119872805,0.114104482894594,0.154156455781255,41.1105586609402,0.102388068716838,0.149935269963889,0.0311961385585083,0.23380902782781
521,55473809,"broad_lhs",0.749316939409199,0.217731795621119,0.19897676013973,0.0426655910466502,139.651934516021,25.0643343389663,0.0977182878723446,0.136305443655777,1.37909870065399
522,55578538,"broad_lhs",0.060137382548206,0.407726608315597,0.100585985767902,0.80024952356143,49.590144350077,59.6263697589786,0.0785248660903114,0.205426808251909,0.938640666562521
523,55683267,"broad_lhs",0.662927749562306,0.405053946865513,0.191488663770572,0.229192943093125,41.5568250204928,74.2079300248516,0.00756304232042748,0.0886968349433866,0.754721710551918
524,55787996,"broad_lhs",0.127724458850119,0.0889376938218207,0.0999962385137967,2.05101718545882,28.3211036109585,1.65279499011273e-06,0.149730862747102,0.0299954231281299,1.35837588426773
525,55892725,"broad_lhs",0.210781254392357,0.151844144487533,0.00557303193607768,1.15842440469311,44.3294899273315,0.344636763486065,0.0716401365312437,0.156035712598435,0.052503553952168
526,55997454,"broad_lhs",0.739173847531834,0.794315121170759,0.0521104926258689,1.69254012607196,16.6359314390381,0.0224899122544773,0.01435224229986,0.00661772584904813,1.15723999733377
527,56102183,"broad_lhs",0.0521381465953185,0.0918477246751246,0.0247688158649243,0.176806135361441,108.244905613925,40.2296875975408,0.122222884372886,0.0678413004486356,0.856192993421961
528,56206912,"K1_only",0.0723483810606625,0.0341766858781732,0.0154748957665649,0.652288993369877,69.7878163747373,5.978715682525,0,0,0
529,56311641,"broad_lhs",0.0400049252062294,0.0203266771261901,0.00677551648185183,0.104897907531363,134.826153028375,17.063306152766,0.0990289143218736,0.220363935678421,0.943593066673105
530,56416370,"broad_lhs",0.11463739140354,0.196399877087075,0.121523196355378,0.0614316283967358,101.59523300141,38.392180324261,0.087663039469587,0.168428982990445,0.885272302873976
531,56521099,"broad_lhs",0.395701722859424,0.370397184212106,0.0888338629147803,0.0802598662454473,93.8712695672034,15.8286708992083,0.10733572787613,0.117070448554328,0.267956146723979
532,56625828,"laa1_only",0.0443776667341982,0.0236537100238657,0.00859382528756003,2.33966504120377,36.8071731526288,0,0,0.0391396451590117,0
533,56730557,"broad_lhs",0.104500537008385,0.177624389278741,0.106623246372416,0.19833038842681,73.47777967739,23.0941672864457,0.0220187735900205,0.197000544134967,0.171293929084592
534,56835286,"broad_lhs",1.11273260448151,0.194044014096258,0.00506597896273649,0.0322837007076079,38.5932744913993,40.9684941555702,0.00715277632550957,0.0484793240871255,1.42136066547207
535,56940015,"broad_lhs",0.456512414655729,0.0728120849432792,0.00687855335983902,0.102488584079113,132.898777846874,0.915500702717861,0.044906999768534,0.00950986331781476,1.30196753239259
536,57044744,"broad_lhs",0.635773125611794,0.208790713676278,0.0218001283852079,0.14426862808499,133.931820916575,4.47545683059995,0.00637965121042604,0.150748477493245,0.393267877512844
537,57149473,"broad_lhs",0.821436046112726,0.13179325650185,0.180302346029403,0.0857593047723505,90.2847313691746,8.71917416006779,0.133833202559152,0.0305833013003252,0.828520757360384
538,57254202,"broad_lhs",0.0533928048519786,0.266538574965041,0.0486546942180869,0.163446463783022,127.823249665768,18.0657114452597,0.0804242095212685,0.130187962323479,1.25848473970157
539,57358931,"broad_lhs",0.0848701745231695,0.311162477667411,0.0127860366885393,0.911222508430336,102.277614719771,9.50457984002331,0.111587554074824,0.0605202211052852,1.27990925573007
540,57463660,"broad_lhs",0.394116023186586,0.776688593564215,0.235214611715325,0.110652607125627,105.625369688302,66.9290901726492,0.0022927356401536,0.0178324812332479,1.35721575329429
541,57568389,"broad_lhs",0.0531686741133995,0.327584734554457,0.282902135041525,2.09548101707755,21.6229634116947,58.957397640933,0.038839739946144,0.135356955276349,0.094796722579825
542,57673118,"broad_lhs",0.235463723082948,0.103600285319364,0.0566737867359595,0.133223151534963,91.7373460214326,27.6879618715087,0.104614533811109,0.102643346921411,0.988617772113842
543,57777847,"broad_lhs",0.0558243318946504,0.020511885877531,0.277143370530643,0.272542463559803,22.7432583156042,0.0634443124422725,0.00625192649860401,0.230397615801,0.164832231925878
544,57882576,"broad_lhs",0.0431402625431059,0.393032749954724,0.182755975888424,0.141520559381615,75.8084777646258,22.189390512969,0.0249287665742838,0.0256546025123033,1.31387744952304
545,57987305,"broad_lhs",0.46510159871275,0.354624678162824,0.0612669653407783,0.213488287691773,29.9702810894814,11.5693706018188,0.112804790871024,0.0894606596819358,0.129502709666267
546,58092034,"broad_lhs",0.261258266273824,0.0517683900457876,0.0948781754288691,1.79155166856715,74.0889312624737,17.8584840210942,0.103373209358853,0.188074549305473,0.147386461236747
547,58196763,"broad_lhs",0.302054233107717,0.0340248230812016,0.00605159402331262,1.60088060887112,126.243754534937,60.582368532257,0.134981205335353,0.113094094753097,0.0762922583772646
548,58301492,"no_mutualism",0.390830771103654,0.191575223158456,0.0169036499998092,0.302062385896879,93.9745545451296,0,0,0,0
549,58406221,"broad_lhs",0.307291689744496,0.0438134318636127,0.0383349053941442,0.0557989884385484,40.3392546628473,53.841141752747,0.139985755477954,0.242515070833356,0.325748517561005
550,58510950,"broad_lhs",0.89231534473179,0.312460154442621,0.0136767174043294,0.769602073695051,122.713216115339,6.27367420165883,0.117637660781853,0.247218958756873,1.02891455853707
551,58615679,"broad_lhs",0.124968996846191,0.156435559419158,0.0636316254782629,0.0663065261474025,74.6856429877678,12.2963365473908,0.0557382578957671,0.152046704839902,1.45052004970222
552,58720408,"broad_lhs",0.392863802570277,0.120736654367914,0.0131075970637451,0.0328382607106904,88.2664238149624,17.6214796813445,0.0762226376398466,0.234036121614303,0.0439681962726172
553,58825137,"broad_lhs",0.573595066973683,0.114658837444743,0.0444558666092215,1.1946281332865,63.4443369496471,15.3163010223806,0.141849737974078,0.21045571572516,0.845320726475523
554,58929866,"broad_lhs",0.480589002036922,0.0483447302947078,0.09232262514641,0.0581014889078525,36.4256132354624,4.08957832138285,0.0889399344351065,0.115243579517119,0.522574080960282
555,59034595,"broad_lhs",0.154745261548623,0.747460979013832,0.00516163117077248,0.329383277581943,33.3462444589693,61.4602804598905,0.0152615487480458,0.235643337221441,1.41880961477562
556,59139324,"broad_lhs",0.078426124746141,0.26908713440231,0.0370916766843972,0.277712587144798,90.772085676112,21.1400664167505,0.0856813989836179,0.171764115384366,0.95697095187963
557,59244053,"broad_lhs",0.13634082557577,0.202173121791284,0.0189462373858148,0.841165706841621,71.432403982811,12.9578458238817,0.0474667567166422,0.0560717979938232,0.148569508146417
558,59348782,"broad_lhs",0.739934472616975,0.169939089661161,0.0095021442458267,0.116067602276026,65.4395954840907,33.2226820425753,0.0880766373596465,0.112632121602914,0.173276948527976
559,59453511,"broad_lhs",0.867123115226834,0.630786100608275,0.178479882683797,0.13540321572146,134.938490506578,1.83090282391683e-05,0.118749530788395,0.00918216619938095,0.669284169505894
560,59558240,"broad_lhs",0.128650123989994,0.160254683850148,0.0466114940515439,1.84326609150963,43.1127152862286,16.9968375411429,0.069001207955104,0.144996754985251,0.757331998098719
561,59662969,"broad_lhs",0.0305023264876842,0.0239914363791417,0.00682702994700076,0.0386679211001733,40.9043286985252,1.55777177264725,0.120698748986819,0.245824480927032,0.411755398851431
562,59767698,"broad_lhs",0.110055086250569,0.0707913302732958,0.130673229985013,0.407290079296786,106.713133408436,0.670247809856013,0.107140221684473,0.166198929560552,0.901719103809058
563,59872427,"broad_lhs",0.0577548109699801,0.294025000011182,0.218810025162975,0.159121897651409,71.5461578530247,54.6250607180215,0.0840729371264654,0.197855475763079,1.42242068404448
564,59977156,"broad_lhs",0.528761157621826,0.0319704574811139,0.089104037937004,0.0545969836546816,81.0171967595428,65.3898686235546,0.0399046834270703,0.210629973451917,0.709134921033789
565,60081885,"broad_lhs",0.149555037312787,0.0219649847281892,0.196860568734784,0.0346879908067234,27.0683717907782,86.1458123639672,0.12832242900331,0.0941036808022505,0.029475450546015
566,60186614,"broad_lhs",0.0379571035334516,0.084786421190804,0.210931440374582,0.264632398384681,98.9314893173933,25.9774227264393,0.0975377653488346,0.167075459379638,0.623811270525136
567,60291343,"broad_lhs",1.05281070539176,0.0386754798042444,0.0263836758399773,0.0357290747410251,27.6222910578104,0.27408278986507,0.00128332627242586,0.236405343862069,1.38046475350508
568,60396072,"broad_lhs",0.435008363122057,0.0913318156957549,0.0846844897919177,0.105908626392883,52.5465118169409,7.89725559783173,0.0455944150233796,0.061682170275146,1.17493315143511
569,60500801,"broad_lhs",0.0505516244934782,0.48249374872446,0.117193253162513,0.0530745605652228,37.2776887096309,11.8074669655797,0.118503607050749,0.048674169658722,0.0890928541345056
570,60605530,"broad_lhs",0.0675086053381645,0.0929550676432413,0.172569369374794,0.0439959841905199,17.2691730030864,78.2162603181915,0.149595844174308,0.241999111705874,1.22278622383446
571,60710259,"broad_lhs",0.436437528631855,0.297557004537465,0.0119604837732189,0.25193031703079,103.81005361715,6.40852059593185,0.0287372287584391,0.164322708339767,0.95939171074812
572,60814988,"broad_lhs",0.123419887406198,0.0868747062793065,0.135084841712982,0.629463618509193,103.896985993132,82.6340464294285,0.00488619940013935,0.227985811160244,1.23776024223926
573,60919717,"broad_lhs",0.05182080451675,0.0318034069934175,0.00732473027780612,1.77616072445844,56.724514646889,1.77112846121191,0.143214863723066,0.204253540081942,0.40921038608804
574,61024446,"no_mutualism",0.0928194126222443,0.0627829331964501,0.0202320161865555,0.0906829144403662,60.986464364978,0,0,0,0
575,61129175,"broad_lhs",0.115842279611352,0.0390599863839809,0.0155999512243576,0.240783770028868,100.282283409841,3.72180965788634,0.0235145728783294,0.197558797987488,0.372172268515763
576,61233904,"broad_lhs",0.0374567019318786,0.0260724482053302,0.242346872920359,0.0534698473322897,51.2824574947849,1.58865240942513,0.0509773555014205,0.117985179309875,0.688427079220613
577,61338633,"broad_lhs",0.0552082616030415,0.149056368591,0.0543765067679207,0.721883353469079,36.9661408020248,24.8043058854917,0.142031044590442,0.17968658193021,1.42347161436065
578,61443362,"broad_lhs",0.594777005754584,0.0905976555909917,0.28474520081448,1.20361176900281,129.128871193388,47.8157049981925,0.103803006444437,0.027532680469578,0.0979304833209608
579,61548091,"broad_lhs",0.0894390603368641,0.207868446821322,0.0800324201962049,0.37867211667028,65.573131175673,16.3362476355361,0.0544402227047443,0.12284082639445,0.686388267487443
580,61652820,"broad_lhs",0.14569102777538,0.258729576483001,0.0132802009372802,0.095806734266868,121.988874794204,2.5120066665813,0.0779954582784946,0.20910369081358,0.642554530207999
581,61757549,"broad_lhs",0.0354226140278507,0.084064469402091,0.00623397957316742,0.393475701809523,135.428225511795,12.1024516241581,0.0115370597520766,0.187103890381857,0.643912747335077
582,61862278,"no_mutualism",0.267971114977622,0.125386746773487,0.0127505207045165,0.991468621526964,39.2424525099341,0,0,0,0
583,61967007,"broad_lhs",0.3121416513335,0.272740259181592,0.140801157977436,0.109461138368697,49.3336592235331,9.55130751803827,0.0966255272059934,0.196871200921984,0.630032078664517
584,62071736,"broad_lhs",0.255725421500326,0.176973226521196,0.0259404048049264,0.593091405158123,38.4281356068419,18.4193653742284,0.105931548160966,0.182998890736166,1.19052029610961
585,62176465,"broad_lhs",0.0641029528744737,0.128499973250246,0.102244306851577,0.0499303845250998,129.001268294815,0.133877642485983,0.125922912777984,0.176075647248007,0.760232791703893
586,62281194,"broad_lhs",0.384678432047544,0.143457024699468,0.0152099134174607,0.280412936247792,113.406658950682,11.2686324372571,0.108433148540246,0.0258638365561556,0.606227100859784
587,62385923,"broad_lhs",1.13688194568275,0.5186206040558,0.00642956385776135,0.0332513731064387,67.2354056032944,0.0139771959315829,0.058261577305384,0.00714241387872284,0.437482136563243
588,62490652,"broad_lhs",0.0750036487126673,0.19136149215795,0.0608340495991476,0.116521519196696,39.2245296180287,28.0266209054676,0.064894269024798,0.141406885345544,0.571433115862698
589,62595381,"broad_lhs",0.0391564279408304,0.29227783869704,0.0261364539972807,0.561177509627717,28.981598853651,0.474155295540459,0.100086752161966,0.173912501449748,1.10169704613043
590,62700110,"broad_lhs",0.0562000113187598,0.0214095739192045,0.00921002475603032,0.206906214688848,72.1753237373519,0.400513924812048,0.0206482982542754,0.00387305102828476,0.598009670681398
591,62804839,"broad_lhs",0.725491504858038,0.0387031525547116,0.108769310574224,2.357760314976,38.9454860647675,1.30011373218752,0.0229944472896556,0.159702592792584,0.263740214157927
592,62909568,"broad_lhs",0.0306411020702705,0.0314742651606059,0.184548003676452,1.18694365333157,65.9233433011104,41.1317449876304,0.14403398577477,0.240099574190034,0.216512432611004
593,63014297,"broad_lhs",0.122635254923844,0.148838662648536,0.0127129374040037,1.42543967506798,31.1936836589141,0.61101384110946,0.0757222825423426,0.219038299275433,0.650831334961113
594,63119026,"broad_lhs",0.226131794552654,0.230130255997327,0.116128916859486,0.382359175946034,56.0147435234588,0.0732520258469491,0.108654916429931,0.0402203809834706,0.918957134940429
595,63223755,"broad_lhs",0.0378640823529659,0.187185237999092,0.0762112070526133,1.99168082770764,62.5590953895395,50.2483640240456,0.0313764286168152,0.034253180079783,1.02474960471697
596,63328484,"broad_lhs",0.692043415958883,0.0827330706862247,0.0284860260717747,0.0484233099758776,35.4163576825522,0.058918085954462,0.0309921234123564,0.012049441271164,1.06200778197575
597,63433213,"broad_lhs",0.281544386151615,0.301010609721828,0.177418490269413,0.0449529039797618,54.029743857326,2.64790108041432,0.136523776791873,0.0493891214195173,0.265348245952434
598,63537942,"broad_lhs",0.869175838707177,0.0349702022254473,0.0362308858102849,0.0744231757330049,121.705172846624,14.4857678864293,0.119892427418342,0.146058821292956,0.168579049563656
599,63642671,"no_mutualism",0.431314772502682,0.0887819636569795,0.130798028453998,0.984294532830441,38.732706590381,0,0,0,0
600,63747400,"broad_lhs",0.0610890309715589,0.186356154274773,0.022421363194664,0.0538040938933489,17.6553922215114,44.9337059684271,0.0246804811616894,0.0111879621818015,0.527250240099383
601,63852129,"broad_lhs",0.120093565778911,0.606128229724951,0.0142190839339829,0.18594306104068,117.55530178935,3.23516350832235e-07,0.00914988451617925,0.0418665744636544,0.359530603898068
602,63956858,"broad_lhs",0.385676681219635,0.0859066040512582,0.0115928233178157,0.851094385908846,114.242654221727,0.553617328633298,0.120278414960019,0.214867670490381,0.928842967159192
603,64061587,"broad_lhs",0.381760645442148,0.046241277874009,0.0645252948025922,0.456441552009491,54.691279009502,1.05665805454402,0.108176665873849,0.117604478086448,1.07220418529546
604,64166316,"broad_lhs",0.0766580003135805,0.105046273656321,0.0459608800293206,0.139592174089838,52.9096072697495,13.061556342373,0.0999286087200744,0.160541736310762,1.06880333940188
605,64271045,"broad_lhs",0.030018623067705,0.0817503305881396,0.026564942342827,1.54778869528125,127.591882363033,73.6856098207769,0.0299302672793856,0.0913112756426886,0.816305844243228
606,64375774,"broad_lhs",0.373669671149532,0.136315226072475,0.122440630140475,0.0969935023386894,101.340296207183,27.8176287266415,0.14635243898863,0.217522189890539,0.699045665911787
607,64480503,"broad_lhs",0.0594994486128786,0.214911535619019,0.0428468662810005,0.175246219057424,64.2418485244141,8.67653682372464,0.1124189220871,0.0569043790956493,0.415493832147137
608,64585232,"broad_lhs",0.642247489821556,0.0498329373218938,0.0136518842478433,0.210699100014816,40.0859228146793,39.9162567402552,0.0487388874099124,0.203484310824489,1.00236350883613
609,64689961,"lambda0_only",0.0485079669181764,0.595603825892929,0.019512116694984,0.0492666743873,41.7239936816623,0,0,0,0.0460410996107385
610,64794690,"broad_lhs",0.276224092661624,0.0294792542685511,0.263920821808363,0.0598208689381161,123.549232806868,40.5004828306798,0.0405146788349375,0.0274963825532339,0.0993863779741029
611,64899419,"broad_lhs",0.390148675563338,0.684754613885188,0.0582795991821104,0.149770890699164,17.1256169273531,9.587628102738e-05,0.137929858291716,0.00543149866855755,0.275629258569485
612,65004148,"broad_lhs",0.814640793949274,0.0322245810706442,0.0347774274564911,0.214220378004051,84.4274281246342,55.782623857066,0.113530180376062,0.150875679914995,0.796555174574799
613,65108877,"broad_lhs",0.0762035560384905,0.0398051021328723,0.0227692839333362,0.140214634291037,61.5819667669388,28.4896704237687,0.0673120057226236,0.0443376376160369,0.658284802399964
614,65213606,"broad_lhs",0.0639348890147658,0.0411919995343429,0.130183308453521,0.0366603238763126,25.0607047851857,0.61874260752115,0.0610439470118921,0.248001647041205,1.30410219705625
615,65318335,"broad_lhs",0.757141650942205,0.0406357109918982,0.005010993927203,1.928132188024,35.2703829006512,47.6323196883605,0.141557464149858,0.0153009591135196,1.4886199219746
616,65423064,"broad_lhs",0.681436061743647,0.0626704409163648,0.0568130436056046,0.486367016982741,107.87453466399,1.28175674498728,0.0700308621273919,0.169447661594928,0.649742573639378
617,65527793,"broad_lhs",0.157480040718226,0.0688715748856703,0.0381777200272081,0.145377328694362,83.2952288594808,2.87052190717518,0.0163340047971966,0.0721945892154084,0.345943709841619
618,65632522,"broad_lhs",0.111070967877311,0.158249675854399,0.01950617051466,0.428466134202333,53.7242620004367,2.34497165255187,0.102017822805365,0.148845941299223,0.97995817828031
619,65737251,"broad_lhs",0.0888736737736373,0.127999388859818,0.0160683802590346,0.867212463045478,21.0634864547885,0.194577922501862,0.00586193395821222,0.195038577331515,1.24860639175167
620,65841980,"broad_lhs",0.0322264065803236,0.131412026095999,0.0109128798630183,0.225379317372555,55.6685231734365,60.6425330198901,0.0681128709785795,0.0548208575346507,0.10391302539579
621,65946709,"broad_lhs",0.269013485074564,0.528522778458453,0.253563332342186,0.599850021487257,77.810919954338,60.9538569314273,0.0787522790866981,0.235005722031023,0.135969804921187
622,66051438,"broad_lhs",0.987732486477379,0.546006612179098,0.174963484699496,0.341575144034933,66.7731169939765,7.97072256925274,0.0551507155213039,0.211845455430707,0.380181722713945
623,66156167,"broad_lhs",0.25878333133664,0.237127509220689,0.0452539842680126,0.928467532920835,49.8657299668412,37.2263609433489,0.119832908957537,0.0798660776209241,1.04814663045419
624,66260896,"K1_only",0.1701798873111,0.0592125929315949,0.0234925861733814,0.197021080859405,110.052728341834,15.4487662767333,0,0,0
625,66365625,"broad_lhs",0.301029786270651,0.0933577195591387,0.0346386254348317,0.93525725015713,90.9899428971888,9.682964791892,0.109567173262282,0.092605790585383,0.806150014184726
626,66470354,"broad_lhs",0.234594063004761,0.558015255825446,0.0534350074701894,0.161973155272005,45.2547036686964,55.0860598074552,0.0502317346330577,0.232559068734861,0.504800722331662
627,66575083,"broad_lhs",0.0342004471709252,0.0248510532518537,0.00954394977626556,0.0367025516342664,70.598604522044,6.01650887235694,0.0961464592340635,0.0437111173326977,0.822514423381072
628,66679812,"broad_lhs",0.0415868613108866,0.417991907307684,0.00536796945070295,0.335896804868483,91.5354577150558,3.48099066117535,0.0254423160904553,0.214267284729285,1.3245208304325
629,66784541,"broad_lhs",0.157118305422185,0.054743603283938,0.043882424092147,0.136220515104292,109.643077122972,2.90776926003302,0.0986054415793236,0.161842391062334,0.54125714961905
630,66889270,"no_mutualism",0.458646005967625,0.218590316860438,0.0336300388521326,0.0667018422832419,109.09150603431,0,0,0,0
631,66993999,"broad_lhs",0.0988671233321396,0.221028857421126,0.0300267300623191,0.318731708837435,97.3269574898748,1.24353720309814,0.122999735051184,0.162762392390093,0.629207599544122
632,67098728,"broad_lhs",0.442021150264429,0.183100804902433,0.123822554320601,1.26694005873758,61.8351058407441,0.887959716003913,0.0206695703993319,0.21090515123234,0.614886855478398
633,67203457,"broad_lhs",0.0410309418057396,0.0368301750031911,0.014854504514733,0.0548420546381006,105.121539932184,42.6196052135857,0.138983373657839,0.155447540480268,1.42837253715533
634,67308186,"broad_lhs",0.0686886141659108,0.0883131268407012,0.116846497359234,0.125652112690972,115.731973441046,30.8100182438383,0.0537693956435736,0.0792887999378015,1.09310097825442
635,67412915,"broad_lhs",0.118302203288629,0.140530906987399,0.251759580311378,0.544321012583069,123.338687549597,59.9771859300113,0.0936391204111278,0.0777222632079308,1.09705721936266
636,67517644,"broad_lhs",0.388016088803344,0.609896689671936,0.00670468407680623,0.422622767410915,76.7573778397248,7.92555794149141,0.134234465518617,0.0681736889394233,0.832220804673464
637,67622373,"broad_lhs",0.0553445289490989,0.0431709676281402,0.16168368436701,0.0728173707809381,40.4779470284767,56.2296160140198,0.0391831297876003,0.0781424760440778,0.328741137369458
638,67727102,"broad_lhs",0.192433635421591,0.0232507116877398,0.0770131925907932,0.132930015369419,66.5690048617802,14.3691431935427,0.109304801026398,0.221770049769483,0.995004029244107
639,67831831,"broad_lhs",0.0899375564518227,0.415084303786741,0.0187776341009907,2.3303800500687,134.662726266542,87.8523956082312,0.123489289576343,0.0128607514322761,0.652365895429393
640,67936560,"broad_lhs",0.034439838070707,0.52660974829678,0.0080424056610811,1.61292672862846,106.175569447482,57.1981456825268,0.0833076228940627,0.107214562808448,0.604738876042344
641,68041289,"broad_lhs",0.190203898128294,0.0401123353384689,0.122153187871336,0.0409552286461189,99.4475503429162,0.0197530005619326,0.0102216524589264,0.0859877191899189,1.23021607873961
642,68146018,"broad_lhs",0.611166866567562,0.0293048952314469,0.00715372684014424,1.67371115743795,96.6156565174848,29.7318996286214,0.0222973847664349,0.0124495066089245,0.0916838809902159
643,68250747,"broad_lhs",0.0871860317076887,0.0789137001652265,0.00695767456388063,1.74042040740204,115.071656772763,29.1751892736125,0.0648249957072937,0.0408374831007354,0.334480165572216
644,68355476,"broad_lhs",0.249926950015722,0.647106034529582,0.131623066161432,0.604604912647878,94.5661637028873,15.4867203340555,0.0122124667668249,0.11620873295314,0.584217636904602
645,68460205,"broad_lhs",0.411704009801188,0.0480619806391378,0.155834560264323,0.354038303640734,86.0617813120997,0.00813079731044046,0.0302921744221045,0.156396982489581,0.134933471238085
646,68564934,"mu1_only",0.187528314602623,0.146289225898181,0.0280957707450514,0.0484999771969872,88.6006178200478,0,0.135838190210634,0,0
647,68669663,"broad_lhs",0.0956585997391871,0.0360893573874351,0.0624663755355319,0.916039474066895,83.954723014257,1.04246492269333,0.0991687775758716,0.039656382217072,0.11416515040289
648,68774392,"lambda0_only",1.12253557081363,0.390741880808139,0.00649467777149103,2.17112746411464,127.610347382724,0,0,0,0.813606243885588
649,68879121,"broad_lhs",0.271897354464675,0.515573556135595,0.226564687067074,0.18574009154002,30.4609218901735,3.58686986897822,0.0780585324012985,0.0851905094174435,0.592023838554354
650,68983850,"broad_lhs",0.0681517941533493,0.745005961503027,0.139298108401981,0.0702708656631662,63.8486276444746,0.0476119281937613,0.103571388703616,0.15858243768679,1.46990304203704
651,69088579,"broad_lhs",0.0404253215934071,0.711799898306965,0.0321546326546321,0.0373208165333349,32.6719392246256,3.53268677569958e-06,0.0123768952061655,0.00152351839157442,0.0727312539742949
652,69193308,"broad_lhs",0.524166681060755,0.108273549416027,0.0813219717412377,1.1146087709736,61.4513277314513,8.07985834201166,0.132189846505527,0.0522962636763825,0.289866852624109
653,69298037,"broad_lhs",0.200045541281852,0.487298935729274,0.138048542062936,0.0325387316250277,132.066279246937,2.82600914303235,0.0344072147040861,0.228806155268491,0.439219428086265
654,69402766,"broad_lhs",0.745471303874232,0.0210396456754501,0.151586959674321,2.17295850825308,27.7651422674535,31.4503129709871,0.141054255567142,0.181525937597164,1.22023428914215
655,69507495,"lambda0_only",0.0303048685064203,0.223349300342403,0.00552577042860553,1.99277673672685,122.113749430282,0,0,0,1.49296715382021
656,69612224,"broad_lhs",0.0334243469804905,0.695864164344536,0.219346961376124,0.775331337367122,125.501312886643,53.0527380207274,0.13333768289998,0.0533394277115197,1.47881984995057
657,69716953,"mu1_only",0.0661339711661583,0.116628542564932,0.260708605330555,0.107911224384412,84.3218669915223,0,0.138108739297721,0,0
658,69821682,"broad_lhs",0.934268359380419,0.784216357900016,0.00848584353374458,0.0334502921312703,132.226875377657,29.5152997365347,0.0355978380711749,0.173639379512816,1.01561990907881
659,69926411,"broad_lhs",0.103119971191037,0.105475804317501,0.00777607583334367,0.0717316165903205,44.5031382071385,8.84241530994906,0.0668965626443969,0.17741566778594,0.309817656523082
660,70031140,"broad_lhs",0.282513290553642,0.151403800236366,0.0694605967603702,0.151310954568137,95.4167975632461,2.44820401247993,0.0831131629639228,0.141188279670443,0.654145948116202
661,70135869,"broad_lhs",0.199129642957474,0.305532791496808,0.0147444704453778,0.087272818132307,80.8510027497282,20.6756682402092,0.0636638789917342,0.16811346352967,0.460459215843584
662,70240598,"broad_lhs",0.112373822018648,0.0407141743506741,0.217489941217925,0.0578830819504127,17.7903177131925,25.4936059192648,0.00956440635863692,0.138300879886115,1.43444591501456
663,70345327,"broad_lhs",0.165049804221161,0.0769161723411055,0.0913481487598815,0.160130717222982,107.41480135582,4.66409271354672,0.0703254551004308,0.145145872173727,0.950919678822393
664,70450056,"broad_lhs",0.243497999006953,0.340708655590815,0.108235775415894,0.294998588256327,76.4357586252542,5.47389335962669,0.0858761643427036,0.134134265513276,0.84672332065374
665,70554785,"broad_lhs",0.34924781137179,0.0979204143466575,0.00761036658534895,0.064528628750768,19.2494729285439,17.3237426250977,0.12728425017721,0.154325140417463,0.720123000900106
666,70659514,"broad_lhs",0.0906605763398781,0.45526520565431,0.147100904796402,0.829468154700791,98.7120792307542,25.335448628701,0.0421817202965807,0.0804264475855355,1.15132797847386
667,70764243,"broad_lhs",0.977474276847023,0.443353789850202,0.0750839422434256,0.421032810242103,124.423066907394,2.42807022668176,0.0317741970678714,0.180943042875475,0.982000009783078
668,70868972,"broad_lhs",0.182091159394252,0.416821820965494,0.0155201364663029,1.95035690618241,137.002546791272,8.96943373113075,0.132129561494066,0.156740394911095,1.27744613949442
669,70973701,"broad_lhs",0.317623534066445,0.0940285205030914,0.270740068600974,0.0338655468057344,64.7721787126567,9.65154725266059,0.0329167911606297,0.00622411394989791,0.479284439249895
670,71078430,"broad_lhs",0.0972889510537083,0.0717343942025958,0.0871853377384607,0.171129487339745,41.5089034716948,14.5953280036649,0.043009405038824,0.0624279150991545,1.10100277796
671,71183159,"broad_lhs",0.1593777392479,0.541040040480623,0.228847432228754,0.241021421434033,45.6967228742886,63.1098721861628,0.0415593683298212,0.0942042239500572,0.194142463763322
672,71287888,"broad_lhs",0.139959357610747,0.133141433959306,0.0412961520265692,0.312308164080818,24.8852544167959,0.223912687451774,0.000921823436588359,0.0544085395257247,0.128150930992948
673,71392617,"laa1_only",0.160990389225931,0.0374771702381003,0.0730730838972969,1.77493021032991,24.2253031363362,0,0,0.218736102619441,0
674,71497346,"broad_lhs",0.477705366610673,0.739980140491885,0.0367238893247503,2.2895366778391,138.396418714482,26.2393734106512,0.0360479422846887,0.2245034434918,1.05801743271605
675,71602075,"broad_lhs",0.448330189016591,0.0761196790095462,0.00788763804814998,0.0543444234472555,20.9287699620472,12.850795957529,0.142747086931447,0.00173744053418179,1.3220760652613
676,71706804,"broad_lhs",0.194145936264613,0.240597635399359,0.0163303381351337,0.465585148820345,99.865292436993,25.6649704718569,0.030610130009125,0.109785685766191,0.488516564070402
677,71811533,"broad_lhs",0.795255621348338,0.173996883739888,0.0725584109003329,0.443052712623869,68.6267830777797,53.6483207812466,0.0929718760204657,0.189509023116488,0.228882805819934
678,71916262,"broad_lhs",0.639985158575035,0.121238128552171,0.064073957740709,0.293508107375506,73.8233764393307,33.8194081154173,0.114055127650771,0.179373766102556,1.24821005484594
679,72020991,"broad_lhs",0.0340144893568641,0.621061662038376,0.149876768247547,0.25370168925042,20.0513563094298,79.4857693626263,0.133162588593395,0.00273792897719735,0.732531962203017
680,72125720,"broad_lhs",0.0529188097370914,0.160840630853171,0.209897316374043,0.734727399849481,59.7764409775846,4.88838487561807,0.0793201387580872,0.226870144076464,0.0661585396376904
681,72230449,"broad_lhs",0.265195650142408,0.0511842322630189,0.145757118910338,0.120108761713442,133.57520124377,3.41304524413591,0.131533655785296,0.0765337534947321,0.307505308698552
682,72335178,"broad_lhs",0.077532459140651,0.585374535345505,0.00558612845321209,0.0947841747649241,47.7806720655321,81.0160220432624,0.112281850087922,0.121857987653024,1.47279974679657
683,72439907,"broad_lhs",0.0405732697609962,0.32198820088255,0.00806362212014118,0.0341788263069503,101.194869823521,52.2473214439499,0.128142868622323,0.24431276079015,0.794939083762389
684,72544636,"broad_lhs",0.624993516613438,0.465441987076586,0.0642018328847843,0.585621420082625,67.9056516423912,9.90604814076216,0.135400364901366,0.110533122403172,1.31509867809092
685,72649365,"K1_only",0.146379630158327,0.276547185397427,0.0239744648493961,1.75121967575264,61.9531207234832,24.127589534655,0,0,0
686,72754094,"mu1_only",0.5404842493176,0.325302293336487,0.201460747193078,1.08584110354913,136.396049873147,0,0.0650980070749065,0,0
687,72858823,"broad_lhs",0.601939342812042,0.0565334679512347,0.00697872676785264,0.938871458001653,103.647466193425,28.5980290306961,0.0230681567965851,0.123407314342201,0.772475212910213
688,72963552,"broad_lhs",1.09075293618667,0.707562283557199,0.0345374962612984,1.89094806630053,77.4674034867268,56.4626915181345,0.0844088593885923,0.0686930990241753,0.0964346994680818
689,73068281,"broad_lhs",0.224595952914465,0.0764937248571992,0.016729122752836,0.39457928052617,20.6593530587917,69.0562325257322,0.00103747057813841,0.0145500255310779,0.526220872926448
690,73173010,"broad_lhs",0.0935865957570175,0.0352680832630281,0.0901856159526294,0.141996469727209,117.905582398364,2.85365611039717,0.0446953021563434,0.204143504087438,0.443033185616368
691,73277739,"broad_lhs",0.100859330354752,0.172031715551126,0.0407707269358551,0.557126316882113,100.577583371422,14.7482710339864,0.0895515916424338,0.205711957174289,0.261395482936641
692,73382468,"broad_lhs",0.245003350078525,0.0581490126547125,0.0246278325630688,0.580607198282887,94.383533228926,29.0990642827114,0.0910651276886153,0.0889381848159893,0.449566331656339
693,73487197,"broad_lhs",0.950490931350338,0.0237786540482693,0.00769576418875479,0.714332498884833,29.6907579460983,0.00226789666161408,0.128977109779914,0.073543292252321,1.44738684273092
694,73591926,"broad_lhs",0.575784167037628,0.63039473399795,0.123275460172446,0.0971338557424537,73.9469452475573,1.51931110646647,0.0213042988664626,0.0476878855761606,0.283809782113337
695,73696655,"broad_lhs",0.531899731951294,0.156680724746695,0.00974949530057852,1.44153870620534,104.323184453177,6.20985397520866,0.0273157882956245,0.23962102235075,1.44417280583914
696,73801384,"broad_lhs",0.153436970948265,0.213555582579175,0.0552633841386459,0.386893218593408,95.7948482072162,23.4892593817056,0.087140426420335,0.0635342262520377,1.20728782518418
697,73906113,"broad_lhs",0.036121614459583,0.101687948302939,0.0572246870423342,0.227784420152555,18.0280141432175,20.9480204753989,0.120377586638477,0.189065492854053,0.561829328839667
698,74010842,"laa1_only",1.10692266198266,0.0244288558421473,0.162036487702841,0.099186921477578,70.3463979280787,0,0,0.0946819167694775,0
699,74115571,"broad_lhs",0.186604366604469,0.0289708148616599,0.1134700462617,1.9218763410328,75.6573099289866,0.00358557958584308,0.000320258352051799,0.0293060978907549,0.108606661359857
700,74220300,"broad_lhs",0.834612975201233,0.405678978409872,0.0985292670101765,0.143721165621598,54.3061225963174,0.00857155725755369,0.0631916289551106,0.217806406433358,0.97715925517686
701,74325029,"broad_lhs",0.0419048003442025,0.0661410452430937,0.0068124656282885,1.55440067536949,42.1091430673065,1.6576795126826,0.148660040514039,0.230773912170617,1.49712331546509
702,74429758,"broad_lhs",0.102186799868273,0.0331314284829904,0.169780050202006,0.41820393990108,65.1402882450687,0.882151762424381,0.0548156947249469,0.0869635488230657,1.30506992102562
703,74534487,"broad_lhs",0.176974199619981,0.0426692767964294,0.143002139378235,0.449303864860814,106.870406012394,43.7047296166723,0.107557269237198,0.144227910149041,0.932738987016491
704,74639216,"broad_lhs",0.350990023422905,0.203725033804799,0.0339260723884667,0.244909377531858,45.0470151807207,0.763542805243205,0.0241556802156847,0.0320335136450982,0.706301901248905
705,74743945,"broad_lhs",0.0635276236012686,0.69232511411517,0.00615622340117326,0.219189467843313,80.4676923262175,63.5488975377222,0.130630308391759,0.0325907330410296,0.60908194741467
706,74848674,"broad_lhs",0.955661737128805,0.689835401235314,0.0145835233962182,0.09338369447213,83.3810334007851,59.7218922974806,0.148911231641619,0.0242147527289732,1.45617847474175
707,74953403,"broad_lhs",0.216903392090873,0.0465095717840936,0.0227327861969913,0.0767547594432671,48.9738847947511,51.2775214226496,0.108760337298542,0.151718868247376,1.08998958263895
708,75058132,"broad_lhs",0.84948999391367,0.358108884935929,0.0177319302432804,1.21517148655013,85.73711606703,0.2459847998032,0.0622644944309335,0.0456379781393076,0.211905076417218
709,75162861,"broad_lhs",0.0386997550716183,0.472471361213589,0.039590729117063,0.119381362146832,34.4752667149684,16.1694880814985,0.0692261063693246,0.163452048847426,1.25311421488334
710,75267590,"broad_lhs",0.0696831384443223,0.0410755692815664,0.0197338856694933,0.213038467603828,104.890880905894,3.17182782047116,0.116779314523175,0.201123147608596,0.454763842485069
711,75372319,"broad_lhs",0.20777748977549,0.0376307346906167,0.0117119853331758,0.824585480018327,49.0489652069906,39.0342131749888,0.0736275500264019,0.152866434107871,0.635414880070603
712,75477048,"broad_lhs",0.0397787547146507,0.206678522107342,0.162909992386396,0.117347311792081,46.1902594768455,11.8635690200506,0.0402985260748925,0.0397998748216519,0.0230814020618952
713,75581777,"broad_lhs",0.924221427504859,0.0264979862715332,0.00732806100784078,0.446814710348222,23.744200601941,8.41532780163512,0.00403855240996927,0.0376154643024266,1.45265315384682
714,75686506,"broad_lhs",0.0990484486736736,0.0604791695780791,0.139749752316389,0.0501839739358618,111.377232500624,32.7396357519682,0.00151175550289918,0.249990949512576,0.184429195379295
715,75791235,"mu1_only",0.0381500693646975,0.133638765211943,0.0131185128005919,0.263589069098559,42.6673931782716,0,0.0545592625587015,0,0
716,75895964,"broad_lhs",0.062325378702633,0.0821987468015849,0.107089515788631,0.320299963549222,122.906911353154,14.9192737561631,0.0451717525607285,0.234554132099341,1.03541966889248
717,76000693,"broad_lhs",1.14380500356586,0.0502961805506802,0.279359893618678,0.788010001314967,117.114910830957,4.2156959512177,0.0171679780834432,0.0701486622811192,0.33034915625855
718,76105422,"broad_lhs",0.0809126322785117,0.147878765933731,0.0486069654254134,0.0479519694279796,132.98140486421,14.8319789473312,0.0345670555540128,0.00670503535909423,1.3175228019505
719,76210151,"broad_lhs",0.117561457625328,0.137959445930554,0.0520247886919354,0.347330041630806,68.0580389463123,18.3453321100797,0.0948331649231647,0.17064145660306,0.625445943011825
720,76314880,"broad_lhs",0.0667401846745484,0.273675641542873,0.0219715644035595,0.0799063191751054,87.9005736517138,3.90548900210857,0.105152254579472,0.114913334315901,1.12639528397936
721,76419609,"broad_lhs",0.996149958606172,0.421620236714605,0.01571568930953,0.0362832755330842,26.649904889669,0.0277260408106701,0.125831596063101,0.240339974422823,0.0791316024016123
722,76524338,"broad_lhs",0.646940878880995,0.521329856432683,0.0473073082874162,0.18039009106263,74.7914556675823,0.142320470977165,0.0869692803914271,0.0755583485043866,0.780240874531058
723,76629067,"broad_lhs",0.299506610154238,0.549142241027592,0.138543373691997,0.0473509192720822,110.509503215435,0.773877876269766,0.102984905790538,0.129305595567696,0.875509005239389
724,76733796,"broad_lhs",0.249022886791854,0.101916691851243,0.112011897481644,0.0920427414707831,46.4739246380244,40.1829578324983,0.119054043772087,0.110630314867465,1.06478975917756
725,76838525,"broad_lhs",0.0303263153779018,0.0452666016378412,0.112385546156304,0.552120866965693,124.229139388028,0.0236761150403604,0.137469614304292,0.216399466770106,0.986420630048184
726,76943254,"broad_lhs",0.789360251031568,0.0251192135090704,0.220182408489135,0.0360380311126424,45.5507527137201,0.000158673496824272,0.149495508778879,0.243581873080823,1.44657042889468
727,77047983,"broad_lhs",0.0571266455984532,0.495000875045342,0.0114042195919381,0.554336427976,58.8003663350699,33.9883623941069,0.0911914358554641,0.220633941967325,0.947847787869008
728,77152712,"broad_lhs",0.0717873520775127,0.396098726033785,0.182679155446839,0.538097126294827,99.2818943786228,0.99245673004924,0.118305466904732,0.233069892876212,0.590402526306764
729,77257441,"broad_lhs",1.1731840037657,0.0704809603352847,0.19496959346976,0.149420465969461,96.312134650717,83.7259612345922,0.0598395243425233,0.0725517959776334,0.906908195479385
730,77362170,"broad_lhs",0.15412666848437,0.335953452893673,0.0222561856778858,0.114139573665936,44.1047725751155,1.86456620428846,0.0958019604830382,0.193023281740089,1.15858997817035
731,77466899,"broad_lhs",0.322305903975271,0.14739789794638,0.043004698238232,0.331591713737049,60.4114395581807,3.57011306475254,0.0767094374634325,0.128936368731019,0.464470374041703
732,77571628,"broad_lhs",0.298717072067964,0.133473624125686,0.00908010669019149,0.0649726425387303,69.8483157624529,7.31639050408313,0.00430583026877139,0.029677321385825,0.792561630866646
733,77676357,"broad_lhs",0.0448832354097974,0.100527599534124,0.298353238144787,0.633484379106238,105.300168523584,81.4658432779298,0.0945754761598461,0.0144312315139299,0.281481645774329
734,77781086,"broad_lhs",0.0842667609272524,0.0952262401049825,0.00597141393186016,0.0810774582731263,26.7846878689468,0.224463847243465,0.013030248757413,0.0999201562392086,0.744883509021796
735,77885815,"broad_lhs",0.0453639973885666,0.0311677705847438,0.248601427241058,0.278082605998382,31.5722610387861,0.263850058687409,0.144389480797263,0.182461582185287,1.48088905711231
736,77990544,"broad_lhs",0.183220919590498,0.280239639479477,0.109713511757022,1.14057097543024,82.2468383577588,0.482450655964591,0.0382102982846166,0.0563264792329089,1.04474610697788
737,78095273,"broad_lhs",0.683962929717873,0.0503431936253738,0.0144964181906591,0.285607051322198,82.7978966222145,1.96904761104488,0.0968721513668619,0.0136509959984364,1.24138067620612
738,78200002,"broad_lhs",0.719200517541999,0.120220782510146,0.12701416952306,1.05350814995288,78.5827239347661,0.979890300925351,0.0495607327765319,0.0872325418038397,0.574935960825533
739,78304731,"broad_lhs",0.358155814390172,0.0974359608146864,0.132014413241646,0.522533740920871,106.263302791728,19.0076401598284,0.0664133318776342,0.0806499826794283,0.431756431461545
740,78409460,"broad_lhs",0.677586283065651,0.0494436011191185,0.00524037037408935,0.0603215965626182,108.8534514725,0.868296902715273,0.0666000035439308,0.229564422984129,0.538952571181192
741,78514189,"broad_lhs",0.0549840318220532,0.24847832893735,0.00541729764003726,1.29283785707411,78.657947283775,83.5461846999391,0.0255896587418004,0.0149094323359895,0.529242199450964
742,78618918,"broad_lhs",0.916038609078239,0.0201167151834209,0.0467699604298238,0.0753395445632751,28.3657376119582,1.44737384704658,0.130115711322054,0.176828557607563,0.297689826705415
743,78723647,"broad_lhs",0.0743487841404558,0.0310560134908293,0.0777422183014801,0.0708511377145715,107.986744439145,44.0188420736759,0.147030580063467,0.0217152214892364,1.48483986657307
744,78828376,"broad_lhs",0.304735762532175,0.0456827980975557,0.0166475613063864,2.11631818243477,131.706067123515,64.6796775692065,0.11131300432332,0.124509908628275,1.0202731439673
745,78933105,"broad_lhs",0.732438823511837,0.0619297958947678,0.186799347669541,1.89942532653085,108.420388955177,8.20714547989519,0.0189867211399057,0.237662564787897,0.572757448588964
746,79037834,"broad_lhs",0.129831340190667,0.548078370009448,0.0142475202503966,0.618915340294824,33.118731301446,1.93369679907635,0.0359302638852193,0.0916513488084052,0.863047171695313
747,79142563,"broad_lhs",0.0659798041035138,0.628066428792824,0.204834299994131,0.0395535548880304,133.80985099376,87.9236996394687,0.129841185747995,0.114209847772533,0.0138602505705785
748,79247292,"broad_lhs",0.135038399288703,0.570517687735514,0.0687143341082714,0.445348398899532,97.3640406346789,0.0769423451749073,0.126098345963634,0.0161739004449919,1.34477468022844
749,79352021,"broad_lhs",0.438721280282685,0.117510995826515,0.023093784579371,0.0833455549498788,96.7011723327192,0.823333171293956,0.0286268352795547,0.0787683800937763,1.19726786953591
750,79456750,"broad_lhs",0.838304706139073,0.0292683386324078,0.199294170782664,0.0588161009404508,138.662038751807,19.5905005600268,0.0155780624791902,0.149828213384284,0.687560176685996
751,79561479,"broad_lhs",0.215923925639571,0.0366711777799371,0.0758684482593261,0.167643329819631,57.7260712169745,55.335049741321,0.12245883677213,0.0641070182062039,0.470188261552636
752,79666208,"broad_lhs",0.173401034808987,0.107368312351921,0.163639409956107,1.51737554325571,47.2027973422276,71.5532504542235,0.127957893580664,0.213970062244658,0.634032549812691
753,79770937,"broad_lhs",1.07714839415406,0.573591986173939,0.0191465478356228,0.39137560725573,121.39225320095,1.60457011473153,0.124556413843956,0.0469717465525415,0.271564511679656
754,79875666,"broad_lhs",0.07390599478965,0.0795234229365019,0.0842825201998661,1.44742807972189,78.2216355712929,6.77751596671765,0.0810360554462532,0.0609617115052081,1.18925799484015
755,79980395,"broad_lhs",0.0342369599658094,0.0509845393387115,0.0192708241093711,0.050769104391039,83.5616392382265,0.251295135242832,0.125251591491668,0.158734273400623,1.36039756268806
756,80085124,"broad_lhs",0.163981728184095,0.529981130924549,0.0404778797948695,2.07897210881372,77.2764565079382,0.682762736194742,0.0397912416604037,0.156250888743153,0.123195685942968
757,80189853,"broad_lhs",1.05938535247219,0.222910338528445,0.114598297227455,2.09008659819074,104.674847822526,0.0105576470038761,0.136144430754939,0.104504265107745,0.045244556000301
758,80294582,"broad_lhs",0.752323456767534,0.0439929318263044,0.0119882601206967,0.0891324882864053,87.4941687631266,16.5820471133882,0.107991795406754,0.0901062715560612,1.11389248147064
759,80399311,"broad_lhs",0.0677130233923845,0.0269041343381536,0.0442896153756757,2.12820100512292,29.5099967207837,6.39299176433874,0.0743585053648955,0.131812841194979,1.33146858489141
760,80504040,"broad_lhs",0.0658683549551567,0.283533312043802,0.0894571652104863,0.0596094767438095,27.2261603586634,67.4950155203343,0.00839706452264606,0.20096286929122,0.000771609448905413
761,80608769,"broad_lhs",0.327551492048042,0.110368968084118,0.0809683317469077,0.439922363461651,83.0924763302189,7.46163511533918,0.116931720077099,0.171327959186035,0.434949850726795
762,80713498,"broad_lhs",0.0923944756538493,0.209417844414694,0.0405851701190087,0.33685745355202,74.9751244511248,62.2474017261654,0.0989768074805615,0.0801377387760699,0.516175353204987
763,80818227,"broad_lhs",0.105898922066045,0.137171584844893,0.0131785356208343,0.0561326580249818,34.8263836324137,71.3463947191575,0.0864530787782278,0.0553421526383479,1.07134571052467
764,80922956,"broad_lhs",0.518395940395023,0.157219010033869,0.0306645407847541,0.0575058513680988,23.5858871013625,3.35980619655176,0.0506678911844113,0.0626051772192457,0.26188628764047
765,81027685,"broad_lhs",0.132008336541637,0.0469842029810437,0.050172721665647,0.0307625947807059,54.2359224888625,9.29609417541877,0.0775132545646047,0.20788656253497,0.336784964206939
766,81132414,"broad_lhs",0.178542394312697,0.217256379132359,0.0133666797445457,0.0398086041505998,64.0379007798037,3.29385231462279,0.107301887560675,0.0705347107100533,0.186564038106007
767,81237143,"broad_lhs",0.47712334845466,0.096871032595064,0.118235484773478,0.0796980713817764,62.2600200446646,29.35782373853,0.0322304845007214,0.0876037013250041,0.611339759943852
768,81341872,"broad_lhs",0.803807436975166,0.263619373751966,0.260806991571611,0.959331236932345,106.460921926159,6.64136573293085,0.00329723174823448,0.131371068156958,1.49197592488995
769,81446601,"broad_lhs",0.377564091232068,0.0555929384665268,0.062030745743592,0.291867762235792,90.2756536859023,58.0853198967213,0.0310360353422584,0.209907049270502,0.168052452697884
770,81551330,"broad_lhs",0.0435419517232321,0.0523715038665278,0.0265446782536754,1.31555959605717,128.141514086488,13.2053249591009,0.095384518672945,0.0651053503232672,1.21838741045445
771,81656059,"broad_lhs",0.212919962299296,0.763049982382526,0.15974548628089,0.660404513055423,77.6520403989384,76.2759323814729,0.106569383066342,0.0126181215241862,0.898720747901437
772,81760788,"broad_lhs",0.0945389789429882,0.023907656142529,0.0197648540307448,0.334406289720023,136.286876059571,7.03986581306545,0.0597129142730652,0.047316382912104,0.723305203924344
773,81865517,"broad_lhs",0.4554153107503,0.0226328239041234,0.00657562690176662,0.0451737466804088,41.1170944961486,60.3661531285302,0.0717583318801674,0.146410159807096,0.0178964066536476
774,81970246,"broad_lhs",0.253762312611633,0.28655081236225,0.0523457019386668,0.835240970856216,58.074360492982,46.3001972626734,0.0373058223587771,0.171967597534272,0.424168315298157
775,82074975,"broad_lhs",0.112148906900938,0.187581558455415,0.146382361573437,0.069897489390413,119.461774736184,53.3214529145971,0.0127491730811307,0.152768187133673,1.16925234866639
776,82179704,"broad_lhs",0.223808796322468,0.722174238862351,0.0135823383051251,0.244005633305047,87.3290776390544,70.6783558325105,0.146969072541843,0.163962951358666,0.21413614270743
777,82284433,"broad_lhs",0.35395636935473,0.599958039739357,0.249236354624595,2.46264550875872,121.860253869478,10.0774305489193,0.12425450854213,0.0434435718340359,1.24518294821765
778,82389162,"broad_lhs",0.109032744684033,0.500340524872586,0.0074833153597916,1.5869942882018,46.3168740265731,0.071710195155915,0.00342189563822467,0.0109487989921278,0.119167620384445
779,82493891,"broad_lhs",0.0514202615730031,0.0850100243808733,0.025308795694426,0.436565640656805,90.957104251623,1.07174907855166,0.0327717763626715,0.090994820803365,0.826887249510425
780,82598620,"broad_lhs",0.695243176663973,0.046695768418063,0.117948809365882,0.0312882233234661,42.9279366515564,0.14320046142059,0.0292663720897787,0.238893595791241,0.33857624590979
781,82703349,"K1_only",0.301298204723435,0.0274822462526727,0.00761269236018949,0.246148758055605,49.39703071228,13.168963517863,0,0,0
782,82808078,"broad_lhs",0.229871272457655,0.220851322128582,0.0699126182848097,0.637757701734033,80.0495590168672,34.4453037306349,0.0978915937343457,0.170996321134994,0.937779577913849
783,82912807,"broad_lhs",0.162676914429873,0.777517690755675,0.0653088168721975,0.122151923738396,19.415893973621,32.1087460438751,0.126561339950189,0.144509980953493,0.887818248041052
784,83017536,"broad_lhs",0.039475835537817,0.0863787656332198,0.0184490359896601,0.478164730412702,75.421836423209,0.068512978633767,0.121616925807941,0.113547464770252,0.75080191189462
785,83122265,"broad_lhs",0.144952634795579,0.450839539083682,0.099496569133743,0.0320723296668106,114.470450641853,0.312178031390524,0.115947199202996,0.0289021829765342,0.209859209424273
786,83226994,"broad_lhs",0.558067718376506,0.026706996113394,0.105934553270882,0.59090337350267,87.1344111352098,39.4308587044072,0.0180854333477328,0.00733743665746361,0.305061155504081
787,83331723,"broad_lhs",0.222234095118398,0.0513416998522452,0.0075786218855856,0.0772597423210655,122.998940226292,11.5211222746161,0.0160695130109088,0.0831498353829375,0.472408502874896
788,83436452,"broad_lhs",0.703798627307304,0.0200531495977848,0.00580054548833144,1.72601684831026,136.168548238541,5.22030507011987,0.149114201283082,0.0420360528113088,0.0104807832623677
789,83541181,"broad_lhs",0.101203260893466,0.164476248695307,0.0164686711468695,0.0351496648478256,113.645774132456,7.64590902623731,0.031329762565787,0.00044026370638878,0.294038750716718
790,83645910,"broad_lhs",0.162111104213024,0.251051592324294,0.0193501133788695,1.37544390825191,49.842362923373,2.70499328396283,0.117885161521379,0.0430000094786778,0.889470456999649
791,83750639,"broad_lhs",0.372083103789474,0.0994277109835012,0.0074190776602455,0.882352374411875,39.7323211176424,0.215932677723688,0.0682562289319079,0.0247116127779009,1.09628134189717
792,83855368,"broad_lhs",0.0422696509620463,0.389654316640976,0.150411104043184,1.53105770761978,139.579412249182,3.86365108313482,0.00985704135859851,0.223684547579485,0.69151845574961
793,83960097,"laa1_only",0.77167724298692,0.348322305838614,0.0112571979530984,1.36365283010262,29.703898744192,0,0,0.106610821665381,0
794,84064826,"broad_lhs",0.171672529836908,0.0434398453433248,0.00961698363095539,0.820096030790451,80.748638277841,3.22888249051272,0.0545106015153384,0.0810404477051149,0.923165310899882
795,84169555,"broad_lhs",0.0314982515948778,0.0813217452642922,0.053070117901708,0.197328099269099,84.5239052031603,39.6294429109808,0.0169435601293032,0.101367751455594,1.3954813597068
796,84274284,"broad_lhs",0.0313671276245011,0.662658470585897,0.0658377684634435,0.506874483385847,19.5617963528235,0.000995976159712975,0.0655989646425781,0.147129336460752,0.105010807101692
797,84379013,"broad_lhs",0.520645475983706,0.358904884701796,0.0115260686716465,1.62032693680696,84.7159121870128,5.03374667506095,0.0860020240529363,0.0861710453759103,1.20362878463891
798,84483742,"mu1_only",0.261034898666453,0.0432245923199624,0.0385307288210894,2.41459924961724,30.1256497923168,0,0.0483072540401481,0,0
799,84588471,"broad_lhs",0.142543831762857,0.506300814051538,0.00780909758193033,0.222121003410665,118.346284420372,41.3680875875055,0.106305531274411,0.166424830196581,0.920689859356886
800,84693200,"broad_lhs",0.49289094252853,0.0578385703962082,0.0211613272984567,0.30205057786645,31.3000201171316,76.7147683736548,0.147872863214812,0.140083864460725,1.28314048803916
801,84797929,"broad_lhs",0.0316945743762319,0.0217788511829369,0.00618090040229271,0.813833467445271,139.833958157978,84.0039952442946,0.00871726712530168,0.0677592067754853,0.0070825798859975
802,84902658,"broad_lhs",0.305574418504402,0.166589039145767,0.0393052115294043,0.312727981464553,29.30387414814,49.1816420894952,0.070928581663291,0.236071695106414,1.41375427332707
803,85007387,"broad_lhs",0.0421339500895178,0.423950727740943,0.0101896889048393,1.91232494773178,24.5555537581095,37.6118380895831,0.11167940745914,0.060721433642385,1.1842696935796
804,85112116,"broad_lhs",0.113784245473084,0.226828904391823,0.0745666601317188,0.12153209202096,60.8224034668658,0.454199332888852,0.067721160959336,0.16067273313807,0.843584525171512
805,85216845,"broad_lhs",0.346135897297641,0.0713830125903442,0.0257588850364412,1.23804831541513,120.608228782819,57.7000323245826,0.0984545399616472,0.022037564456243,0.315395227474316
806,85321574,"broad_lhs",0.280725812582137,0.0313751793270719,0.198200144143094,0.0776896892925428,122.293018263331,1.31555011348618,0.0824014535529229,0.17662932289829,0.785832273587196
807,85426303,"broad_lhs",0.584499259883397,0.103937688318709,0.0967252090084414,0.0854013880279907,123.18984092016,2.75322264520355,0.0596544804216828,0.0412699510444266,0.293018050654791
808,85531032,"broad_lhs",0.104751541975942,0.453162368743611,0.167287147034134,0.471511210201523,117.361670375976,24.0040400766704,0.0941436329275991,0.116045439450471,0.483197314931313
809,85635761,"broad_lhs",0.560291945807181,0.265438009592572,0.0088509572597875,0.92041448876648,94.7934267484622,2.26491581766585,0.0177631016282054,0.0206971343567259,1.3123988228462
810,85740490,"broad_lhs",0.397109830947525,0.199244820034677,0.0231629952338942,0.64591098351954,61.3367688508717,38.9310781389539,0.0301411077901721,0.0643346379459318,0.775735979882302
811,85845219,"broad_lhs",1.19954995015936,0.644543365724863,0.011212820173873,1.80730101062954,43.8526218050134,0.0363206362599925,0.138285169455456,0.0574088285267094,1.40314604508729
812,85949948,"broad_lhs",0.398509572151962,0.0272712557220284,0.0118632678519057,0.269357738608357,115.458421614312,4.16203349606014,0.0259468627097473,0.182221548495129,1.10367016141497
813,86054677,"broad_lhs",0.176891677294746,0.497183160567779,0.0455890039768223,2.13813181327181,138.975170305962,0.0208951937423252,0.0483823503089758,0.130836118036467,1.02330853493923
814,86159406,"broad_lhs",0.0501984976107607,0.140006026661961,0.0665567464193462,0.203812504175279,119.849377173038,21.4813836545774,0.046763640773211,0.057949263421146,0.344670417597905
815,86264135,"broad_lhs",0.20543029360392,0.0276909580200756,0.0153519725741966,0.0428298203546679,50.3611909570302,61.869394780754,0.00928357272210997,0.00439307559850729,1.40985850501961
816,86368864,"broad_lhs",0.66713589486603,0.200384616586536,0.190201467145593,1.50816366040387,88.8663641058115,81.0830753508647,0.00829499645604907,0.0885034297617514,0.146095864525608
817,86473593,"broad_lhs",0.285664643593052,0.0878264933200311,0.129693261841405,0.281689781726288,79.0745791333676,13.7747853696346,0.0315524848658824,0.158209688487501,0.768091263177339
818,86578322,"broad_lhs",0.048369297545523,0.153333106313259,0.124319987891259,0.0385391418702303,79.9329348449828,50.1719512186893,0.09205506245237,0.206784527943883,0.0564885686857936
819,86683051,"broad_lhs",0.69852521590835,0.158671656333505,0.255583773286092,1.76113924627858,131.28044401939,0.492941011284439,0.139662455119193,0.211235552586085,1.49947468834658
820,86787780,"broad_lhs",0.85346662289071,0.307285914517516,0.0357403245639824,0.0526749203088289,82.0627309996053,0.303710966883944,0.145107716416436,0.0170439557678765,1.43262972781629
821,86892509,"broad_lhs",0.0555059439741348,0.19593183399489,0.294738992245086,0.0552161000013391,138.065309281843,10.6468254839221,0.0703909821318618,0.0995534892083379,0.825302531619867
822,86997238,"broad_lhs",0.106570754004313,0.640956420249065,0.00626100572339732,0.0466027763374375,24.6442830845545,6.08212862447795,0.142207762638185,0.0637959114497062,0.63746818030059
823,87101967,"broad_lhs",0.0910443063267931,0.12569824334814,0.0622250098650161,0.0648040282368661,117.349328543868,3.16825613835224,0.0330515236553426,0.142465590760176,0.802790127673652
824,87206696,"broad_lhs",0.881870354056009,0.163485921607074,0.202178991466897,1.95593570319207,43.933262020647,35.8546026777972,0.0570834947556723,0.238547099893395,0.73133622843617
825,87311425,"broad_lhs",0.297310073525379,0.0374737049181334,0.136933864192759,0.0358914046681845,56.4731300739287,0.000176891057807553,0.106976795938836,0.0386871873935969,1.34904879643892
826,87416154,"broad_lhs",0.175675277064174,0.10674133722224,0.0162870450121821,0.237451423171357,57.4801693222576,2.19163154283799,0.143030473620476,0.231449652800543,0.10715136618043
827,87520883,"broad_lhs",0.489579952066942,0.0370804160098317,0.0397351794751359,1.59070649190981,76.3215811829367,2.00816525767247,0.0628512614289842,0.153723338265619,1.11204187270332
828,87625612,"broad_lhs",0.272360230519843,0.248857166434569,0.0109769556269235,1.52698974201362,116.865628563521,47.9216289159867,0.0914770139777878,0.147918766046965,0.394208042479586
829,87730341,"broad_lhs",0.0383046482078008,0.0259429102827902,0.0164064386544798,0.0683418776375712,37.6110495011865,19.988815911229,0.000440468660245339,0.0897407386755933,0.362514578743139
830,87835070,"broad_lhs",0.13438313429169,0.04819503613985,0.041851590671877,0.409406062301051,100.041320241128,6.13936836811563,0.0657831380876014,0.119681259588623,0.366580476985934
831,87939799,"broad_lhs",0.0575340194825908,0.369029784574041,0.0595327736409565,0.130715708315138,61.7085045752012,27.9598015884289,0.103169434598104,0.0697843174564575,1.0250237619776
832,88044528,"laa1_only",0.0633041754755855,0.0401424100747899,0.00816122440868506,0.127423826479383,59.3663341368665,0,0,0.00531772512709722,0
833,88149257,"broad_lhs",0.325509268142718,0.109476971349867,0.0103892341589913,0.271699204272608,79.2201416290158,15.1402979825633,0.0781958837707061,0.151645927799788,1.14046961599922
834,88253986,"broad_lhs",0.131326306979045,0.447163425415645,0.0195894684508253,0.581106105090836,100.522026032688,9.37356980971409,0.0903521675849333,0.0920548581906931,0.435573112956869
835,88358715,"broad_lhs",0.0853776880835964,0.0495274517427846,0.0294640599347599,1.68373201930898,86.9980486361116,88.9761961791925,0.025164282761553,0.0441294755507907,0.142099949083058
836,88463444,"broad_lhs",0.361722283527431,0.042241877955408,0.285975847476144,1.64210329103486,34.2229061803017,0.508295136322518,0.109467667632853,0.192262206622917,0.0577560132784614
837,88568173,"broad_lhs",0.0455558564974806,0.395237801376281,0.00545820914801923,0.0356141377653135,135.870637062439,13.47580719325,0.0187712148146626,0.142040847915276,0.741925848822187
838,88672902,"broad_lhs",0.230749862750657,0.100568859269013,0.0141563093544326,0.124437423070928,53.5023107568526,5.76255910866949,0.0748191980003612,0.0432026570557436,0.725595805094345
839,88777631,"broad_lhs",0.11712660803573,0.116475786045611,0.0277221553210532,0.0551026784538835,112.535403560259,3.50496119535986,0.0815488796134014,0.0780073236078412,0.269774285894431
840,88882360,"broad_lhs",0.649650823478713,0.0686775622410128,0.0239717849534976,0.20161004360751,50.1385722187115,4.72852236236752,0.118164429871715,0.0751536360247216,0.647030927860954
841,88987089,"broad_lhs",0.0962026287824169,0.0610501240770672,0.0928311887371405,0.345008991414185,65.7808322281602,61.2664575376117,0.0884897335525602,0.110188376696444,1.26375091880055
842,89091818,"broad_lhs",0.481110658453994,0.0449089095167894,0.246386228111107,0.0382982510228699,89.0994932516737,39.2853398832287,0.102337432915034,0.149634691405873,0.318295347601719
843,89196547,"broad_lhs",0.0591560738399768,0.0228243133929674,0.176035829069996,0.173994574666581,124.903093623482,68.4983890420083,0.00446266177804985,0.0405786156490083,0.672445673215746
844,89301276,"broad_lhs",0.0875654601168096,0.276797522131091,0.0966223632720386,0.668850799499673,38.7559709235534,6.92556690113758,0.0198274230887182,0.136701236181996,0.407501109708877
845,89406005,"broad_lhs",0.0690373831170868,0.575093709408222,0.212143742627398,0.403041769103174,45.4005002795667,20.554184587529,0.104027824883698,0.119047919983277,0.355537211095216
846,89510734,"broad_lhs",0.432796340496718,0.385585272956001,0.0690351485735065,0.0778944191252133,104.728569594542,20.1751267415647,0.0601362747489863,0.155831120788223,1.12952204103582
847,89615463,"broad_lhs",0.44139928171714,0.0403021459530186,0.0286472537826292,0.0447393813214511,25.3501675198721,1.14283120157244,0.121031121783347,0.105238721830796,1.1534434020659
848,89720192,"broad_lhs",0.138405798727581,0.470025736563315,0.0742231899751282,1.56546299565685,32.3090408278707,5.08459721652472,0.077681011459829,0.20041454228689,1.33524325355538
849,89824921,"lambda0_only",0.0389764906353754,0.51676043718244,0.132553090085694,1.14966206968119,28.6247366934549,0,0,0,1.2855270061316
850,89929650,"broad_lhs",0.0321594918885697,0.581521068154117,0.0179221261683657,0.405255878424491,79.4028633890816,3.93584450002347,0.144804639098196,0.153599876016766,1.46127200197739
851,90034379,"broad_lhs",0.24378028212686,0.128753157816637,0.0508103557988857,0.0406550499993064,133.35534787947,0.00543824848721633,0.0754763279547915,0.059934133644371,0.769849325080868
852,90139108,"broad_lhs",0.353184105379836,0.318989788949393,0.0321047324299731,0.181911948413353,36.1432974273986,0.10405533240527,0.146289366161955,0.138834475529277,0.980687934403541
853,90243837,"broad_lhs",0.0355032141669761,0.53604550749387,0.29660426633902,0.030149715291288,19.0828874006143,17.4829901321318,0.093688404267809,0.151269001693775,0.598510052128307
854,90348566,"broad_lhs",0.0568823142583375,0.342103825532784,0.00692495688080513,0.275298001836112,42.0682560939005,31.6079855188395,0.038773721554433,0.127329246749545,1.2664209037212
855,90453295,"broad_lhs",0.0468674368896875,0.0232846757478385,0.00511171022767202,0.504762437510495,119.414310329885,0.0376819536197557,0.128342891868398,0.0960643478224908,0.221785511462949
856,90558024,"broad_lhs",0.121131615613322,0.0573415108300292,0.0572895281426916,0.0723781336336564,58.4453868616967,6.55471373802512,0.0466253621522337,0.122158663788448,0.666565370608975
857,90662753,"broad_lhs",0.288471557869568,0.56476958815177,0.00701948239257197,0.379190790265981,126.678612834561,25.7612918272582,0.022348410350581,0.133251620275421,1.41274799485419
858,90767482,"broad_lhs",0.79282739370044,0.0772778454819417,0.234381340648436,1.2289557436936,129.276127218101,62.7546589508013,0.145629965196286,0.0380524939568325,1.09430488934236
859,90872211,"broad_lhs",0.108242033095941,0.130981704461961,0.00843819752365554,0.14698528952218,22.5770047266269,66.3586755794811,0.0297589256009087,0.2477640151876,0.567555041073356
860,90976940,"broad_lhs",0.147150121035747,0.0468291889165376,0.0447297987824042,1.85242064269926,18.8047682754566,0.201867732353123,0.124001890664144,0.192711754139422,0.790175330936909
861,91081669,"broad_lhs",0.0628680221996176,0.174834469221166,0.0194117188909224,0.187937940884132,64.4191438930122,3.80715125435095,0.0565541667045327,0.0864991434992731,0.999768404362646
862,91186398,"broad_lhs",0.0940570661148501,0.68135176254014,0.0463641449700364,0.0722516213589595,43.3598024961733,25.1975228592017,0.0129741511839287,0.124350431366345,0.799060973798235
863,91291127,"broad_lhs",0.0730178489949255,0.0302478328600217,0.241537807089504,0.0381561463710895,126.318153545144,65.252073986413,0.0270787289065386,0.238746899026511,1.28042914650364
864,91395856,"broad_lhs",0.189101047359879,0.189702974160691,0.0128865435447636,0.370654841905047,95.2887018116437,70.5427651774602,0.0170453447975839,0.0451478679434836,1.04027220254648
865,91500585,"broad_lhs",0.409705339782558,0.025470931693486,0.0216016896664023,1.34403341720002,91.2310947667639,10.1201388337052,0.0458628468772319,0.15447509120406,0.311608582931415
866,91605314,"broad_lhs",0.0704818085102132,0.0668522665102115,0.120367263387792,0.53039413552541,52.1669137019004,35.4433780129553,0.0742342449742525,0.130422104489602,0.664877506057189
867,91710043,"broad_lhs",0.232975559507192,0.162582409445189,0.0423089943245607,1.04549224543638,124.843784137015,15.6916596620265,0.122603391305737,0.0990373177788246,0.06224890156261
868,91814772,"broad_lhs",0.722330514809311,0.037853322721074,0.110718110938543,1.63174578429896,103.351848982436,84.925222642855,0.0282153245559505,0.0336814277214257,1.49363889900191
869,91919501,"broad_lhs",0.416831095868017,0.193194146750596,0.0515673789792543,0.145165283392157,100.932981702693,0.543022374531114,0.070727050727893,0.167418468986871,1.16526271193405
870,92024230,"broad_lhs",0.617993917957182,0.782717336818257,0.0400027810450331,1.62948005426086,16.8447745172307,4.82113059706455,0.0894531427021138,0.0266809895154115,0.451565614218513
871,92128959,"broad_lhs",0.508251334169028,0.0348966027788946,0.20021680737554,0.858518990315916,25.9404507596951,29.9508195528977,0.0893213677121094,0.0663277576921973,0.782684185492108
872,92233688,"broad_lhs",0.046128236190644,0.0268294329332583,0.00642067022174647,0.199651676052085,84.0825810348098,5.25189138382219,0.00450052959340004,0.241725800439017,1.22813420362577
873,92338417,"broad_lhs",0.429353324677354,0.0223614270884035,0.00831569308333776,0.365282840571464,134.449563323287,0.00313395285438632,0.14387956384647,0.191936397182936,0.0735627976052153
874,92443146,"laa1_only",0.0462554551686066,0.330936651267221,0.0547726847283075,0.0343045684034243,19.1886932359193,0,0,0.235149036996881,0
875,92547875,"no_mutualism",0.320391086042378,0.203539940624359,0.0148671159677849,0.134056238299706,56.2830097385449,0,0,0,0
876,92652604,"broad_lhs",0.140789423984026,0.175285408912683,0.216523437000912,0.528652910868646,120.479542082984,64.4519431890202,0.147456042087016,0.209505415545815,0.304128802905713
877,92757333,"broad_lhs",0.47072817620152,0.675196727652258,0.0113772074093595,1.81216640795329,47.5745676988218,72.2748519319739,0.135316088963339,0.207082558568606,0.96869830061798
878,92862062,"broad_lhs",0.128403542562974,0.0746655279947793,0.0416586840863256,0.137594299620803,82.3623502708829,11.1505230123256,0.0862364039169236,0.165510746254715,0.963712611856948
879,92966791,"broad_lhs",0.290916222867613,0.31776685075338,0.0539034386010016,0.128448150329467,110.018978648101,0.638162745458859,0.0492574856734912,0.14748740093194,0.502106840619429
880,93071520,"no_mutualism",0.0966311014630148,0.16200632670552,0.0354602465200231,0.278587148959977,63.4875856278813,0,0,0,0
881,93176249,"broad_lhs",0.0359804580534487,0.0394214803877046,0.0145496226380231,0.0432839251613469,130.451699567816,10.9984313432606,0.0697102085894827,0.201393432223186,0.10123022713194
882,93280978,"broad_lhs",0.062064748301049,0.0834804764023648,0.119754434632252,0.0442504957222748,135.128644317544,19.9508444765847,0.118935764337773,0.219212982134648,1.40100082373053
883,93385707,"broad_lhs",0.0919641222408606,0.343726298457787,0.0245335500323864,0.200674900655588,97.0982343969323,31.9561773765792,0.0268976989201813,0.198268084759669,0.870105580220697
884,93490436,"broad_lhs",0.0389251809192268,0.126679920275406,0.0086684398991398,0.0732024819669443,42.4048995660915,1.7461820037549,0.138444404906089,0.163687306460536,0.519225596319496
885,93595165,"broad_lhs",0.0327469908129126,0.444175441275198,0.0399489326231124,0.361866813172428,15.0751061560327,77.2173760134405,0.0628329683838335,0.107930192900304,1.00012622356609
886,93699894,"broad_lhs",0.784103246375434,0.0279586578544941,0.196095880566125,0.306335563432578,138.29624362429,0.0559562732530793,0.0853394945361263,0.223241112418925,0.153015917589655
887,93804623,"broad_lhs",0.0476300835197466,0.169215835249085,0.158102821558125,0.146156232289612,24.8182190671408,0.149391214115187,0.036714740087705,0.0510512992640078,1.4701849738035
888,93909352,"broad_lhs",0.0652046638124491,0.229276758063259,0.090841507514227,0.872806829323186,33.7451576685352,4.54023506942431,0.0651207990353772,0.0716270696056826,1.05400131085732
889,94014081,"K1_only",0.116032187122398,0.474977965712276,0.0592293313543985,0.37576283730284,40.608074698539,13.7625533116822,0,0,0
890,94118810,"broad_lhs",0.226543956752269,0.0287798904351694,0.0682200227599684,0.412628774948425,47.47258502395,8.47889731750414,0.00665289476641919,0.0157274188923313,1.3206147581692
891,94223539,"broad_lhs",0.0842892314737346,0.021231212530795,0.0788426514191311,1.46152140438954,137.243329598601,0.0189617872299866,0.00203762297440941,0.000197987034464152,1.13067185536027
892,94328268,"broad_lhs",0.086009519342801,0.564645437752475,0.230642775107989,1.85733775159116,59.1268692358669,6.87963652107857,0.0882362766430791,0.0816876731727583,1.33291182969774
893,94432997,"broad_lhs",0.0492519824712713,0.751971692046828,0.0906022032929636,0.0621851344101845,118.802350290029,6.75832398606173,0.130175224148009,0.232955911584302,0.838318362435481
894,94537726,"broad_lhs",0.110535876334493,0.531121111658095,0.253513368339794,1.07283081889388,50.9273578207164,9.82247707197126,0.00193715284947151,0.232310979235335,0.865048731414136
895,94642455,"broad_lhs",0.293671971701537,0.238279093450554,0.0583898106563582,0.110312419432328,70.7270367412841,19.4372941029426,0.0560677694962748,0.111209049028758,0.48592726603616
896,94747184,"broad_lhs",0.182709121308696,0.221806774717079,0.0421528220667007,0.103158023125721,95.1078265721379,4.07882560628605,0.0417685297320519,0.0666248137089294,0.777343028312704
897,94851913,"broad_lhs",0.347274263364183,0.0392242908181431,0.0302803115621878,0.0925444917762511,70.0976525239336,0.138114616916688,0.0242339411754704,0.159331734790273,0.784171615821542
898,94956642,"broad_lhs",1.01108247335718,0.0357644408559306,0.0502270574999853,0.0419844538730846,76.0820067312711,57.6693232032194,0.00800577109900769,0.0139625557841242,0.239071674971298
899,95061371,"broad_lhs",0.661569638298149,0.267430949939663,0.0218567699897562,0.0886945816922345,54.4807632071509,48.7674384895533,0.0303604278375084,0.106461734289898,0.507755188350566
900,95166100,"broad_lhs",0.0451892723367439,0.0594776894504065,0.0959746459442442,0.190906631288701,59.8768867293256,4.48339682873271,0.0390121612665243,0.135234589230968,0.161559022830334
901,95270829,"broad_lhs",0.708215945019802,0.476712344351238,0.0139641955287359,0.704913095276062,72.0192924968109,32.4494527134253,0.0925638984527904,0.0755478602445995,0.577140453825705
902,95375558,"broad_lhs",1.16029487476777,0.412496771308405,0.00749960817904741,0.130022902663602,116.399317764056,3.09478888418594,0.13765806244628,0.199256827474649,0.290671776394981
903,95480287,"broad_lhs",0.0779872676584125,0.167249034949533,0.0374411207140494,0.298108628855756,69.1354233186576,45.8849549549877,0.0446459403112143,0.0453106227594091,0.962458721526588
904,95585016,"laa1_only",0.0404500454368071,0.0215946613612829,0.0967781717911391,0.168131069182397,112.649913918867,0,0,0.00406464923173189,0
905,95689745,"broad_lhs",0.274825538844327,0.168048066766807,0.0157486010967955,0.385780450351176,89.3767870675139,0.711500739685437,0.0593016372392109,0.188513971531195,0.24643893640566
906,95794474,"broad_lhs",0.710365599324319,0.0499669971880157,0.0266721557482904,1.31981825412697,113.803028912161,2.08391783197212,0.131035729386417,0.114572309522579,1.052183286829
907,95899203,"broad_lhs",0.113412068415614,0.14422821740723,0.148054317797322,0.0369792263151207,60.229018104987,83.1095181864168,0.0563457475501346,0.0784682326693372,0.896580720690157
908,96003932,"broad_lhs",0.545633569729141,0.0225767215785057,0.133880652478174,0.128596990870137,37.9387454721533,1.02084049087024,0.0530316697786329,0.157755639431545,1.32724445469561
909,96108661,"broad_lhs",0.503601927420773,0.035460373205247,0.016990671979287,1.24782964010697,72.8815352728189,3.69077862241463,0.133922852873763,0.132826023468838,0.181720071033342
910,96213390,"broad_lhs",0.137383695817042,0.0308282699827761,0.0217174711671958,0.306857776375224,125.598842358255,66.2589099683734,0.12692441703092,0.0186825757388983,0.908544253576159
911,96318119,"broad_lhs",0.170154794067136,0.634784456942898,0.00870950294046065,0.215943547850606,133.168685867794,38.0468189291469,0.0676601511622624,0.233828906722548,0.0202910531207453
912,96422848,"broad_lhs",0.506187289880064,0.50290505887214,0.0527104107198618,0.627255404721655,33.0351307419349,18.5110496493807,0.00732128079487787,0.0504857508382863,0.0855448550692139
913,96527577,"broad_lhs",0.321085922542546,0.0309174795575685,0.01075649283837,0.0339723101936448,72.6944250315298,65.0403586943068,0.13132944225062,0.0495356764848111,0.813945600728039
914,96632306,"broad_lhs",0.0649059348084189,0.296159739090033,0.0290878135415132,0.193608275822682,81.5022208760234,1.7990057100196,0.0337201484703692,0.0829313995865717,0.323077069144929
915,96737035,"broad_lhs",0.0561386027417866,0.704994582128105,0.037715846240006,2.05644933788851,69.2575019028866,0.000919801435039379,0.0517260313526106,0.243625629082219,1.10605427285385
916,96841764,"broad_lhs",1.11920834721421,0.792889053761747,0.18921673596026,1.87937606501691,67.7317073236918,0.503753352657508,0.0771138393726433,0.13743155918097,0.737725971017498
917,96946493,"broad_lhs",0.0928449580988868,0.0262560801306829,0.250248706179847,0.6199431913588,31.740704045838,1.77750597528869,0.057796686095108,0.208819538801908,1.11031763619666
918,97051222,"broad_lhs",0.241314818442564,0.256212444344824,0.135448987203286,0.124055037208834,62.0786257545438,9.4447676386206,0.115259992606007,0.052661421577278,1.08748081855592
919,97155951,"broad_lhs",0.0301774009381931,0.0925854816612211,0.105780169889555,0.427231524081741,111.079859293629,0.409808910526112,0.0952572182796818,0.0458449804980774,1.27345384078566
920,97260680,"broad_lhs",0.341355255214156,0.178222377526397,0.120951948137566,0.0696026265652194,63.2665197152851,1.21407124542199,0.0184276779024707,0.183305634000248,1.00648812044955
921,97365409,"broad_lhs",0.887436433836216,0.195210173975374,0.00799022780910435,0.343205909585106,73.4693061800014,27.0841734495692,0.0190996848701422,0.0209945395435595,0.196717767020455
922,97470138,"broad_lhs",0.704586077424272,0.376488454284051,0.0210231936775141,0.118102832708426,114.877430022914,50.6502140832631,0.0362850159616986,0.0950235807735266,0.840063450831221
923,97574867,"broad_lhs",0.607371488788087,0.641368626039089,0.247808378689739,0.044051929122922,46.8869063322846,50.5276336572561,0.0334686384776918,0.232074871430005,0.00910204317653552
924,97679596,"broad_lhs",0.466398186779499,0.309841601068711,0.0103321627624517,0.53221874391807,20.5390997720598,68.7303721827973,0.129379266085452,0.0301977087643334,1.06511200817496
925,97784325,"broad_lhs",0.0494239756225899,0.427886287353891,0.269191111740505,1.7494143048875,112.131088485702,1.16084319680105e-05,0.0154544859449379,0.0284537993604317,1.03045257129706
926,97889054,"broad_lhs",0.187471101720505,0.0597711457662094,0.0593608881476565,0.536364852821154,89.716398405241,1.40544017634848,0.0428344051705596,0.0538970433685851,1.03304670880937
927,97993783,"broad_lhs",0.287680721398708,0.0873714258887989,0.0334933340096682,0.664846715574706,111.48631521187,11.2317833933693,0.0435384304019002,0.184846316132656,0.536412878681052
928,98098512,"broad_lhs",0.059470177615781,0.0754757011343142,0.0117640256572143,2.49782688778251,110.789616521215,28.8089125198592,0.141435948297265,0.236345495204635,0.0605773692682851
929,98203241,"broad_lhs",1.04748585009504,0.0356000196709907,0.010557886163997,0.161280606240656,114.635150268473,38.7393215718165,0.035244764211704,0.191318251737523,0.138513055151561
930,98307970,"broad_lhs",0.277734987352765,0.66029230535375,0.0731369442438123,0.39001540181229,70.45894848739,2.94398326311307,0.0341328597999721,0.143373618332617,1.35596482454139
931,98412699,"no_mutualism",0.149302477363003,0.130710065227903,0.0117947585407993,0.616865347729324,99.2639858688926,0,0,0,0
932,98517428,"broad_lhs",0.365617566914918,0.0987620794873782,0.0202707670983729,0.0515015125801305,35.5237629412699,17.391644442689,0.0114550328607438,0.20227775094869,0.429277976937204
933,98622157,"broad_lhs",0.96045067233164,0.0279934755745518,0.0717218814684427,0.233214108629152,129.512236772862,5.64292838157113,0.00851618340646382,0.0347632676919198,1.37657485419923
934,98726886,"broad_lhs",0.617199587572589,0.337470470226853,0.0229660981519201,0.0825749825760102,32.8417072786639,32.8783514890796,0.12903839408032,0.108424089116872,1.33873028568225
935,98831615,"broad_lhs",1.1807094717654,0.116567764202664,0.0058646547237326,2.16448268675006,15.1821770800355,0.00466211828211657,0.0521839617869118,0.229119058769882,1.46772829041894
936,98936344,"broad_lhs",0.0912180767250623,0.1497296304442,0.0322924528706658,0.0738615369325593,50.2368107147049,0.173001204687793,0.0796017802251348,0.061476132195417,0.883841224249918
937,99041073,"broad_lhs",0.252098412458106,0.069529289964795,0.0118777436937138,0.782109729846062,101.448117644727,72.4086411129462,0.0384912324151179,0.212292567743635,1.14783016234675
938,99145802,"broad_lhs",0.91207348946833,0.0433365092663637,0.00723451610716937,0.111338679029526,44.9830466453568,2.12751757581479,0.00613533126217468,0.157831795615752,0.231885871297757
939,99250531,"broad_lhs",0.254633683568862,0.0277838961741089,0.256454430586153,0.561638850960195,85.5944550866843,9.06475317996452,0.142657906555959,0.0978168818417341,0.547625024878653
940,99355260,"broad_lhs",0.10030275769284,0.0741446822616144,0.0178101001884704,0.169050334538487,93.9418902444757,1.35684764423495,0.100735361776664,0.0749152040558531,1.07826625990022
941,99459989,"broad_lhs",0.984949611853029,0.022491540903209,0.00863001518862701,1.99683384505941,72.4982569269681,14.0224662225919,0.0811917467154174,0.184314013054957,1.35132494683222
942,99564718,"broad_lhs",0.267234820741935,0.0245618505011248,0.00796248101296992,2.25107656691895,112.419519165479,0.00396187479372826,0.0842600501093548,0.246495665533649,1.49151370099862
943,99669447,"broad_lhs",1.1017222569178,0.0726112052811935,0.265029803843906,0.19277234368668,70.3429563425986,0.426598446955285,0.0948985263411111,0.0893666010428246,0.101954508627532
944,99774176,"broad_lhs",0.268598405076568,0.0886360511422942,0.132489266948314,0.155639292328461,63.6450949981615,34.595120246771,0.0848429779058788,0.1679731577986,0.403352689304932
945,99878905,"broad_lhs",0.0545984485866796,0.0328671868940282,0.0852779307374096,1.3676322614032,115.355074395872,36.2832683618029,0.0907556837307833,0.108777514936519,0.383974699679141
946,99983634,"broad_lhs",0.0408179168557155,0.199921247364344,0.0108646837478032,1.35010234924958,92.8182967643887,10.8162800597716,0.112847716860745,0.0790373853523569,0.0587117934948765
947,100088363,"laa1_only",0.500788808440246,0.11763613982707,0.00985458596631295,0.0861762133884431,73.48573566298,0,0,0.0839358740014723,0
948,100193092,"broad_lhs",0.0447338253291148,0.308946979981424,0.0700943030303623,1.09617146526155,90.0571031875895,23.2175187641309,0.0400506391675056,0.178586368624755,1.40555144021016
949,100297821,"lambda0_only",0.0571347129573178,0.0297549369195294,0.293095036955858,0.0639689495235845,26.864644868765,0,0,0,0.72867340371944
950,100402550,"broad_lhs",0.657677899577869,0.0541468485975952,0.0403218947844354,0.219546561189106,41.8422673239386,19.048998392894,0.0245740238578292,0.051235635087489,0.555806308396083
951,100507279,"broad_lhs",0.114554789873626,0.0447733820526532,0.0174716734966964,0.28803194500046,103.304834883861,51.1093443617145,0.0572821060942564,0.100448803663603,1.01761288422393
952,100612008,"broad_lhs",0.232179112406164,0.287241438949958,0.170237254881553,1.01059094235363,71.9217022088964,1.41204657236847,0.0734617315900202,0.0134429490984702,0.125298331938296
953,100716737,"broad_lhs",0.158255145128257,0.419161036259185,0.174196676438004,1.06322506111081,130.330630214303,66.6296441205025,0.115015684624785,0.2482612362396,1.15653915287189
954,100821466,"broad_lhs",0.0411932495758863,0.0614225291365896,0.00569491685495748,0.687357841328351,18.6197240969179,21.6351169546749,0.0491129225426509,0.171622971509674,1.3528606970065
955,100926195,"broad_lhs",0.043946968581285,0.754146223145869,0.0714452701384489,0.0608982526135782,83.8788122159571,17.2364325463609,0.127723743434569,0.0214838641771995,1.48536320851456
956,101030924,"broad_lhs",0.635340618245445,0.0315592961066589,0.00513822859276091,0.0629848230935275,105.828220726463,0.00501851225579649,0.0342427845372198,0.165107098438182,1.46369599689535
957,101135653,"broad_lhs",0.0333011050838895,0.0343822759485902,0.134648670108634,0.170184696282175,97.8092028825389,0.128696257724651,0.0683754736986011,0.0315066904639955,0.41966902150268
958,101240382,"broad_lhs",0.0995017596755037,0.0252729638619658,0.222577085305556,2.42920311240174,116.643629769484,20.7861804999549,0.00243141311077246,0.229836927665811,0.542186832806716
959,101345111,"broad_lhs",0.0325296086014488,0.0999293060996149,0.00877962632394848,2.20494651499291,138.84221884228,63.9786681132086,0.0789579866615046,0.224742213700212,1.04573534836915
960,101449840,"broad_lhs",0.179310368407034,0.28507871445541,0.275679134776217,0.875598068575246,129.306092816696,0.320456012736556,0.0751244827733996,0.148293769187423,0.278068809245403
961,101554569,"broad_lhs",0.0329551117296308,0.595385375178723,0.0147722192748608,0.50147676266114,119.214618767663,0.000442026066266054,0.127016676122439,0.177792449797724,0.451808535863335
962,101659298,"broad_lhs",0.111503832183896,0.135996059588387,0.0104220539701413,1.22340618700215,128.303919718698,26.6188930954716,0.0666798506190147,0.139831521895507,1.23358986763128
963,101764027,"broad_lhs",0.419056486727316,0.0691619200647602,0.12922549556201,1.08185045238375,89.9628786295458,23.7653243247315,0.0833607222501111,0.216194252093361,0.970743940277025
964,101868756,"broad_lhs",0.349468551628363,0.226093593239792,0.0143660614795885,0.65797071112739,51.902629295073,29.6021735748149,0.03363990729275,0.206448830760136,0.987072513885796
965,101973485,"lambda0_only",0.696096225101398,0.0559321318714965,0.145238124638623,0.0435406779424091,33.4239107574103,0,0,0,1.45101966560469
966,102078214,"broad_lhs",0.109818273360277,0.0682313087274447,0.0210657605706845,0.235745082927973,36.2839175400182,22.9138431480059,0.0279984819615493,0.117488050636797,0.876821404095584
967,102182943,"broad_lhs",0.22845539332521,0.612456298660579,0.0075510077564439,0.0374355865333747,135.562852192508,2.72581146554494,0.130442373045875,0.0324446444427465,0.440614664284512
968,102287672,"broad_lhs",0.134724441697324,0.113396114813349,0.019919110801876,0.304629739667747,66.01581830056,5.91267104098213,0.0634984319976841,0.19014049674934,0.740441362115089
969,102392401,"broad_lhs",0.0326824568764397,0.0327930748968297,0.0126207028861097,0.0324362877122899,26.2849270009125,43.1421757076159,0.093216958428151,0.167575160848856,0.217383300449777
970,102497130,"broad_lhs",0.0427324325700201,0.0423832745157885,0.109105908595265,2.25655600996725,64.5888868912718,36.8561224891667,0.134779127904524,0.0712730934614471,1.370875100202
971,102601859,"broad_lhs",0.03697102916688,0.0369497597858084,0.299523044411236,0.541954139807137,21.9628413926047,19.4889256218701,0.0157571400581704,0.0247955603643398,0.94658537168211
972,102706588,"broad_lhs",0.119304352846259,0.701975395112447,0.0283115329478005,2.33909609320956,102.750838980428,0.035170614377581,0.140032127829463,0.0632521257781061,0.312819408044064
973,102811317,"broad_lhs",0.191791770735597,0.0283794186213474,0.00901896534210465,0.0454468798662379,25.6194414335833,0.0798555517245758,0.0807450429460344,0.19592182250383,1.07384849668558
974,102916046,"K1_only",0.347772913309981,0.0440946670082065,0.185531729372087,0.827599351136862,115.511251840217,12.3460234309966,0,0,0
975,103020775,"lambda0_only",0.0827066653095278,0.0572138213663448,0.00532946880772381,0.0732026129428941,21.2258350820048,0,0,0,1.05790872533689
976,103125504,"broad_lhs",0.035925982318697,0.0201690777401997,0.0478318754739176,0.349448111450708,30.8441086796746,18.5935707960548,0.0746328052971512,0.00764820302467948,0.347471967415574
977,103230233,"broad_lhs",0.0444784213723454,0.0569038216127196,0.104536471151347,1.21012015570913,66.9169040911301,8.76223208119864,0.117213207019532,0.140611951350713,0.444401774407209
978,103334962,"broad_lhs",0.070975498960615,0.483553449334202,0.0137697913996869,0.238493525299498,113.518138788996,1.16451417200803,0.139421747111793,0.0814210852400477,0.93389851589726
979,103439691,"broad_lhs",0.075725829992913,0.0317454688065877,0.0303417341805106,0.196500937140202,93.2838540430465,3.00638986282402,0.0615918146149488,0.18181755065116,1.09908001674882
980,103544420,"broad_lhs",0.0455744045261306,0.190088882934674,0.227664349181112,2.30588099226902,126.574716167298,88.3356518561998,0.0111711076201561,0.0933796420576982,1.43753792582778
981,103649149,"broad_lhs",0.0816720045627226,0.729139809016373,0.00570935714455581,0.0314015735743121,48.5479942047904,0.292162586742209,0.0434808324893238,0.242231391730214,0.712542322084385
982,103753878,"broad_lhs",0.0537424801495849,0.123154470957523,0.0135128427537054,0.25901026185031,118.311294152421,35.2412685044438,0.100576654346117,0.186030695149675,1.12417363108873
983,103858607,"broad_lhs",0.0489045198392755,0.089351667366166,0.0546154918972954,0.0792564112010121,125.936500747307,85.0616899859537,0.147739146216889,0.060114137115759,0.17778884985911
984,103963336,"broad_lhs",0.0309911426599342,0.0801304227819557,0.214427196075109,0.036347180034134,46.5437683627695,0.00580739506651392,0.13857867553869,0.00505130773410201,0.975656533417447
985,104068065,"broad_lhs",0.0890264576603964,0.0646336733903681,0.0101351881189565,0.0416356799058186,59.5627363739186,4.60450540100538,0.0451572799553784,0.231247804580166,1.23658711742028
986,104172794,"broad_lhs",0.188320277015076,0.397736591886664,0.00525868843502625,0.035413113729269,60.5379621973973,85.3817425149583,0.00078336732108922,0.100122227288407,0.51422051270764
987,104277523,"broad_lhs",0.0351056390399616,0.111658805168884,0.0130441163224499,0.0806695811432483,99.1093487699335,0.00257911797030308,0.0583864939657118,0.126599327252932,0.458276311223938
988,104382252,"broad_lhs",0.0617359960367635,0.423242570738255,0.0491735542867638,0.0956523938795419,115.627536658269,18.8724147150806,0.119272991183447,0.0330478916046235,0.587602159217931
989,104486981,"broad_lhs",0.130327848183816,0.0359682311592641,0.00895106658959923,2.38688650521929,29.0551571106577,86.7274431232573,0.0158983576892254,0.132438444644665,0.680543287347925
990,104591710,"broad_lhs",0.209172448624535,0.0720260261808877,0.0654172651949291,0.0677812924096527,23.3787361448695,74.2710075347401,0.0589370866473376,0.204969735581674,0.594790182851721
991,104696439,"broad_lhs",0.509644390201828,0.36235929457887,0.0146895782492093,0.683418515486505,97.0107108543097,34.7386051044822,0.113050659104522,0.172906862385571,1.08261125760386
992,104801168,"broad_lhs",0.0459154239026831,0.697873063323197,0.0326964169104894,0.886471264134575,32.4944630847313,0.439097974442536,0.0444276632508263,0.0344831677432457,1.37340746122606
993,104905897,"broad_lhs",0.0469577414082273,0.0697600439240653,0.0191067263889131,1.30701507490611,75.3142159650128,46.2119043393486,0.0527051742965123,0.198618346497468,0.940936526098133
994,105010626,"broad_lhs",0.103017355566104,0.0596567933890322,0.0058528868615145,0.450687507114341,81.8209451069641,0.58121188265463,0.0652701318861606,0.221251008037232,0.662578498459964
995,105115355,"broad_lhs",0.210045436129753,0.129390151427703,0.225085498168735,0.0528205930379237,19.60830908356,12.0085295328922,0.0260398199590466,0.139719570383766,0.496640426171167
996,105220084,"broad_lhs",0.553724779125416,0.181371353279296,0.0186548946639701,0.127595661710726,39.5381949853294,4.2411441607068,0.0653894758479825,0.127746329518139,0.930837704354587
997,105324813,"broad_lhs",0.0401504221701699,0.522563266847332,0.185701343495427,0.332914186401902,95.1709961012885,50.9881141906881,0.0319087368828477,0.190750234402949,0.465407184953025
998,105429542,"broad_lhs",0.667804977161605,0.0749039009527939,0.0434785597446217,0.100736228253049,30.7246488201458,71.8072833257884,0.0521245638905481,0.107712420393881,1.07554563809264
999,105534271,"broad_lhs",0.0969967180058312,0.0296040467643417,0.0972560117135146,0.382653926067538,102.877541447459,14.1296039977924,0.0926828122800992,0.0588103195079344,0.879711175317643
1000,105639000,"broad_lhs",0.885206887316282,0.465930316641965,0.291910378417776,0.037896693958721,84.2736910435876,80.6994412673974,0.148797330589344,0.246283139732097,0.517209184739428
